lnwage,educ,exper,expsq,black,south,smsa,age,agesq,nearc4
6.3063,7,16,2.56,1,0,1,29,841,0
6.1759,12,9,0.81,0,0,1,27,729,0
6.5806,12,16,2.56,0,0,1,34,1156,0
5.5215,11,10,1.0,0,0,1,27,729,1
6.5917,12,16,2.56,0,0,1,34,1156,1
6.2146,12,8,0.64,0,0,1,26,676,1
6.3368,18,9,0.81,0,0,1,33,1089,1
6.4102,14,9,0.81,0,0,1,29,841,1
6.0521,12,10,1.0,0,0,1,28,784,1
6.2442,12,11,1.21,0,0,1,29,841,1
5.4161,9,13,1.69,0,0,1,28,784,1
5.9915,12,8,0.64,0,0,1,26,676,1
6.0331,11,7,0.49,0,0,1,24,576,1
5.3799,11,13,1.69,0,0,1,30,900,1
6.7957,16,9,0.81,1,0,1,31,961,1
5.7038,14,4,0.16,0,0,1,24,576,1
5.8464,12,16,2.56,0,0,1,34,1156,1
6.4892,14,9,0.81,0,0,1,29,841,1
6.3544,10,10,1.0,0,0,1,26,676,1
6.4754,12,14,1.96,0,0,1,32,1024,1
6.8501,18,8,0.64,0,1,1,32,1024,1
6.42,18,10,1.0,0,0,1,34,1156,1
6.5876,15,11,1.21,0,0,0,32,1024,1
6.4036,12,10,1.0,0,0,1,28,784,1
6.541,12,14,1.96,0,0,1,32,1024,1
7.2442,18,10,1.0,0,0,0,34,1156,1
5.7038,12,8,0.64,0,0,1,26,676,1
7.4955,18,8,0.64,0,0,1,32,1024,1
6.0234,12,7,0.49,0,0,1,25,625,1
6.4489,14,9,0.81,0,0,0,29,841,1
5.3375,12,7,0.49,0,0,1,25,625,1
6.1247,12,7,0.49,1,0,1,25,625,1
6.7142,16,2,0.04,0,0,1,24,576,1
6.3578,18,10,1.0,0,0,1,34,1156,1
5.5413,11,11,1.21,0,0,1,28,784,1
6.869,16,8,0.64,0,0,1,30,900,1
6.8501,10,15,2.25,0,0,1,31,961,1
7.044,18,10,1.0,0,0,1,34,1156,1
5.7807,6,15,2.25,0,0,1,27,729,1
5.4596,11,7,0.49,1,0,1,24,576,1
6.9078,12,16,2.56,0,0,1,34,1156,1
6.1759,9,11,1.21,0,0,1,26,676,1
6.4362,15,11,1.21,0,0,1,32,1024,1
6.477,11,17,2.89,0,0,1,34,1156,1
5.8406,12,6,0.36,1,0,1,24,576,1
5.9402,16,2,0.04,0,1,1,24,576,1
5.8665,12,6,0.36,0,0,1,24,576,1
6.4907,13,6,0.36,0,0,1,25,625,1
6.4313,17,5,0.25,0,0,1,28,784,1
6.0868,12,7,0.49,0,0,1,25,625,1
6.6039,12,8,0.64,1,0,1,26,676,1
5.6348,11,14,1.96,1,1,0,31,961,1
6.073,10,8,0.64,0,0,1,24,576,1
6.5582,12,9,0.81,0,0,1,27,729,1
6.0521,12,9,0.81,0,0,1,27,729,1
6.3474,12,6,0.36,0,0,1,24,576,1
6.2879,16,8,0.64,0,0,1,30,900,1
6.6067,16,10,1.0,0,0,1,32,1024,1
6.5117,13,13,1.69,0,0,1,32,1024,1
6.6451,12,16,2.56,0,0,1,34,1156,1
6.3835,12,6,0.36,0,0,1,24,576,1
5.3613,9,9,0.81,1,0,1,24,576,1
7.3544,16,12,1.44,0,0,1,34,1156,1
6.6516,16,6,0.36,0,0,1,28,784,1
6.3969,12,8,0.64,0,1,1,26,676,1
6.541,18,0,0.0,0,0,1,24,576,1
6.3456,13,12,1.44,0,0,1,31,961,1
6.0707,14,8,0.64,0,0,1,28,784,1
6.2879,15,7,0.49,0,0,1,28,784,1
6.4409,12,7,0.49,0,0,1,25,625,1
6.1759,8,17,2.89,0,0,1,31,961,1
6.3008,12,8,0.64,0,0,1,26,676,1
6.3561,12,7,0.49,0,0,1,25,625,1
6.5511,16,3,0.09,0,0,1,25,625,1
6.6695,16,6,0.36,0,0,1,28,784,1
6.9197,17,4,0.16,0,0,1,27,729,1
6.6307,12,6,0.36,0,0,1,24,576,1
6.3986,14,9,0.81,0,0,1,29,841,1
5.6454,12,6,0.36,0,0,1,24,576,1
5.5215,12,6,0.36,0,0,1,24,576,1
6.2146,12,8,0.64,0,0,1,26,676,1
6.3099,11,14,1.96,0,0,1,31,961,1
7.0414,12,7,0.49,0,0,1,25,625,1
6.697,18,7,0.49,0,1,1,31,961,1
5.7462,12,10,1.0,1,0,1,28,784,1
6.5944,18,1,0.01,0,0,1,25,625,1
6.4378,16,3,0.09,0,0,1,25,625,1
6.3767,14,4,0.16,0,0,1,24,576,1
5.9269,14,6,0.36,0,0,1,26,676,1
6.7056,16,7,0.49,0,1,1,29,841,1
6.7627,14,10,1.0,0,0,1,30,900,1
5.8579,15,7,0.49,0,1,1,28,784,1
5.3083,13,5,0.25,0,1,1,24,576,1
6.2246,13,13,1.69,0,1,1,32,1024,1
6.7044,17,7,0.49,0,0,1,30,900,1
6.4378,18,2,0.04,0,0,1,26,676,1
6.6451,18,8,0.64,0,0,1,32,1024,1
6.2146,17,4,0.16,0,0,1,27,729,1
6.4281,17,4,0.16,0,0,1,27,729,1
6.477,12,12,1.44,0,0,1,30,900,1
6.6451,18,4,0.16,0,0,1,28,784,1
6.2383,12,8,0.64,0,0,1,26,676,1
6.4378,18,7,0.49,0,0,1,31,961,1
7.013,14,11,1.21,0,0,1,31,961,1
6.5806,13,9,0.81,0,0,1,28,784,1
7.051,14,12,1.44,0,0,1,32,1024,1
6.7178,18,10,1.0,0,0,0,34,1156,1
6.8276,16,12,1.44,0,0,1,34,1156,1
6.981,17,5,0.25,0,0,1,28,784,1
6.4378,12,15,2.25,0,0,1,33,1089,1
6.1312,13,8,0.64,0,0,1,27,729,1
6.8024,14,4,0.16,1,0,1,24,576,1
6.525,18,5,0.25,0,0,1,29,841,1
6.0186,12,6,0.36,0,0,1,24,576,1
6.4378,13,8,0.64,0,0,1,27,729,1
6.9127,18,8,0.64,0,0,1,32,1024,1
6.5862,11,7,0.49,0,0,1,24,576,1
6.6201,15,6,0.36,0,0,1,27,729,1
6.271,14,9,0.81,0,0,1,29,841,1
6.8794,17,6,0.36,0,0,1,29,841,1
6.157,12,8,0.64,0,0,0,26,676,1
5.7838,12,6,0.36,0,0,1,24,576,1
6.7742,12,16,2.56,0,0,1,34,1156,1
6.4378,13,15,2.25,0,0,1,34,1156,1
5.8201,12,8,0.64,0,0,1,26,676,1
6.1759,16,5,0.25,0,0,1,27,729,1
6.477,9,14,1.96,0,0,1,29,841,1
5.948,16,3,0.09,0,0,1,25,625,1
6.869,18,6,0.36,0,0,1,30,900,1
6.4216,16,7,0.49,0,0,0,29,841,1
6.5539,14,8,0.64,0,0,1,28,784,1
6.4536,14,11,1.21,0,0,1,31,961,1
5.2983,12,10,1.0,0,0,1,28,784,1
6.7056,12,9,0.81,0,0,1,27,729,1
6.3578,14,6,0.36,0,0,1,26,676,1
6.1442,17,3,0.09,0,0,1,26,676,1
6.8287,16,7,0.49,0,0,1,29,841,1
6.6758,16,9,0.81,0,1,1,31,961,1
6.4536,14,8,0.64,0,0,1,28,784,1
6.3456,12,7,0.49,0,0,1,25,625,1
6.5582,16,7,0.49,0,0,1,29,841,1
6.4536,14,8,0.64,0,0,1,28,784,1
6.5425,12,12,1.44,0,0,1,30,900,1
6.4216,13,15,2.25,0,0,1,34,1156,1
6.1356,16,4,0.16,0,0,1,26,676,1
6.7627,12,16,2.56,0,0,1,34,1156,1
6.6026,18,9,0.81,0,1,1,33,1089,1
7.2442,12,7,0.49,0,0,1,25,625,1
6.6946,12,13,1.69,0,0,1,31,961,1
6.4831,16,4,0.16,0,0,1,26,676,1
5.7038,12,7,0.49,0,0,1,25,625,1
6.3578,16,8,0.64,0,0,1,30,900,1
5.5797,16,2,0.04,0,0,1,24,576,1
6.3869,18,7,0.49,0,0,0,31,961,1
5.7838,17,3,0.09,0,0,1,26,676,1
5.9532,16,2,0.04,0,0,0,24,576,1
6.9078,18,1,0.01,0,0,1,25,625,1
6.142,18,4,0.16,0,0,1,28,784,1
6.0868,16,6,0.36,0,0,1,28,784,1
6.4378,16,5,0.25,0,0,1,27,729,1
5.6525,17,4,0.16,0,0,1,27,729,1
6.477,14,7,0.49,0,0,1,27,729,1
6.6946,13,6,0.36,0,0,1,25,625,1
6.2146,12,6,0.36,0,0,1,24,576,1
6.7226,16,4,0.16,0,0,1,26,676,1
6.2146,12,13,1.69,0,0,1,31,961,1
6.541,17,9,0.81,0,0,1,32,1024,1
7.0031,12,9,0.81,0,0,1,27,729,1
6.6373,12,7,0.49,0,0,1,25,625,1
6.6783,12,9,0.81,0,0,1,27,729,1
5.8081,16,3,0.09,0,0,1,25,625,1
6.0137,18,6,0.36,0,0,1,30,900,1
6.7627,16,5,0.25,0,0,1,27,729,1
6.789,12,13,1.69,0,0,1,31,961,1
6.5117,12,16,2.56,0,0,1,34,1156,1
6.5511,12,15,2.25,0,0,0,33,1089,1
5.5215,18,9,0.81,0,1,1,33,1089,1
6.4378,11,10,1.0,0,0,1,27,729,1
6.0331,13,12,1.44,0,0,1,31,961,1
6.3561,13,9,0.81,0,0,1,28,784,1
6.4184,12,8,0.64,1,0,1,26,676,1
6.5511,12,13,1.69,0,0,1,31,961,1
6.1092,12,6,0.36,0,0,1,24,576,1
6.2146,16,6,0.36,0,0,1,28,784,1
6.2422,12,7,0.49,0,0,0,25,625,1
5.5215,16,3,0.09,0,0,1,25,625,1
5.7526,12,6,0.36,0,0,0,24,576,1
5.9269,12,11,1.21,0,0,1,29,841,1
6.1247,15,13,1.69,0,0,0,34,1156,1
5.6168,12,9,0.81,1,0,1,27,729,1
6.8575,12,10,1.0,0,0,1,28,784,1
7.0166,16,10,1.0,0,0,1,32,1024,1
5.6664,16,3,0.09,0,0,0,25,625,1
6.2146,16,3,0.09,0,0,1,25,625,1
6.5876,18,8,0.64,0,0,1,32,1024,1
7.1428,18,5,0.25,0,0,1,29,841,1
6.4184,17,3,0.09,1,0,1,26,676,1
6.3008,12,10,1.0,0,0,1,28,784,1
5.6276,13,9,0.81,0,0,1,28,784,1
7.2738,18,10,1.0,0,0,1,34,1156,1
6.9027,16,5,0.25,0,0,1,27,729,1
6.5511,12,11,1.21,0,0,1,29,841,1
6.3578,16,6,0.36,0,0,1,28,784,1
6.7546,16,9,0.81,0,0,1,31,961,1
6.5309,12,10,1.0,0,0,1,28,784,1
6.7238,15,10,1.0,0,0,1,31,961,1
6.4505,13,14,1.96,0,0,1,33,1089,1
6.5352,12,14,1.96,0,0,1,32,1024,1
6.6451,14,10,1.0,0,0,1,30,900,1
5.9532,15,6,0.36,0,0,1,27,729,1
6.1092,12,6,0.36,0,0,1,24,576,1
6.4216,12,9,0.81,0,0,1,27,729,1
6.525,12,16,2.56,0,0,1,34,1156,1
6.5073,10,16,2.56,0,0,1,32,1024,1
6.6846,11,16,2.56,0,0,1,33,1089,1
6.2246,14,14,1.96,0,0,1,34,1156,1
6.9334,18,6,0.36,0,0,1,30,900,1
6.6451,15,4,0.16,0,0,1,25,625,1
5.6699,10,16,2.56,0,1,1,32,1024,1
6.271,13,9,0.81,0,0,1,28,784,1
7.051,16,7,0.49,0,0,1,29,841,1
6.3081,10,13,1.69,0,0,1,29,841,1
6.1633,12,8,0.64,0,0,1,26,676,1
6.1092,12,8,0.64,0,0,1,26,676,1
6.7742,17,4,0.16,0,0,1,27,729,1
5.2983,15,4,0.16,0,0,1,25,625,1
5.7038,13,7,0.49,0,0,0,26,676,1
6.1356,16,3,0.09,0,0,0,25,625,1
5.9532,12,12,1.44,0,0,1,30,900,1
7.1562,15,11,1.21,0,0,1,32,1024,1
6.3767,16,3,0.09,0,0,1,25,625,1
6.3969,12,9,0.81,0,0,1,27,729,1
6.2146,16,8,0.64,0,0,1,30,900,1
6.0868,12,15,2.25,1,0,1,33,1089,1
6.1463,18,2,0.04,0,1,1,26,676,1
6.8341,17,6,0.36,0,0,1,29,841,1
6.3208,16,5,0.25,0,0,1,27,729,1
6.0822,13,5,0.25,0,0,1,24,576,1
6.3969,12,11,1.21,1,0,1,29,841,1
6.3544,12,8,0.64,1,0,1,26,676,1
5.9636,12,8,0.64,1,0,1,26,676,1
6.6783,12,16,2.56,0,0,0,34,1156,1
6.1549,18,3,0.09,0,0,1,27,729,1
5.3083,17,3,0.09,0,0,1,26,676,1
5.2983,17,1,0.01,0,0,1,24,576,1
5.8579,17,1,0.01,0,0,1,24,576,1
5.9269,14,4,0.16,0,0,0,24,576,1
6.1759,16,3,0.09,0,0,1,25,625,1
6.869,18,7,0.49,0,0,1,31,961,1
6.0474,15,6,0.36,0,0,1,27,729,1
6.2146,15,6,0.36,0,0,1,27,729,1
6.1092,9,15,2.25,0,0,1,30,900,1
6.1654,8,14,1.96,0,0,1,28,784,1
4.9127,12,6,0.36,0,0,1,24,576,1
6.3544,12,14,1.96,0,0,1,32,1024,1
6.3578,12,15,2.25,0,0,1,33,1089,1
5.7366,12,13,1.69,0,0,1,31,961,1
6.5511,9,15,2.25,0,0,1,30,900,1
7.1869,14,12,1.44,0,0,1,32,1024,1
6.3117,10,18,3.24,0,0,1,34,1156,1
6.7811,17,7,0.49,0,0,1,30,900,1
6.6333,12,7,0.49,0,0,1,25,625,1
6.5624,12,14,1.96,0,0,1,32,1024,1
6.0521,12,8,0.64,0,0,1,26,676,1
6.0568,12,8,0.64,0,0,1,26,676,1
6.3561,16,2,0.04,0,0,1,24,576,1
5.9915,9,17,2.89,0,0,1,32,1024,1
6.2146,12,13,1.69,0,0,0,31,961,1
6.2748,12,10,1.0,0,0,0,28,784,1
6.5117,16,6,0.36,0,0,1,28,784,1
6.3578,16,5,0.25,0,1,1,27,729,1
5.7838,16,2,0.04,0,0,1,24,576,1
6.2146,11,12,1.44,0,0,0,29,841,1
6.6464,12,7,0.49,0,0,0,25,625,1
6.2146,12,8,0.64,0,0,1,26,676,1
5.9687,16,6,0.36,0,0,1,28,784,1
6.697,12,16,2.56,0,0,1,34,1156,1
6.2971,9,19,3.61,1,0,0,34,1156,1
6.3852,9,19,3.61,1,0,0,34,1156,1
6.7616,17,2,0.04,0,0,1,25,625,1
6.5511,10,12,1.44,1,0,0,28,784,1
6.2344,12,7,0.49,0,0,0,25,625,1
6.4216,13,15,2.25,0,0,1,34,1156,1
6.6346,14,9,0.81,0,0,1,29,841,1
6.2005,10,15,2.25,0,0,1,31,961,1
6.0981,16,2,0.04,0,0,1,24,576,1
6.0521,12,7,0.49,0,0,1,25,625,1
6.6201,16,2,0.04,0,0,1,24,576,1
6.5511,16,2,0.04,0,0,1,24,576,1
6.0822,12,6,0.36,0,0,1,24,576,1
6.4102,12,11,1.21,0,0,1,29,841,1
6.1092,13,5,0.25,0,0,1,24,576,1
5.7462,3,17,2.89,0,0,1,26,676,1
5.5215,7,20,4.0,1,0,1,33,1089,1
6.2146,14,13,1.69,0,0,1,33,1089,1
5.8999,12,8,0.64,0,0,1,26,676,0
6.7007,12,8,0.64,0,0,1,26,676,0
5.7869,12,7,0.49,0,0,0,25,625,0
6.2615,12,11,1.21,0,0,0,29,841,0
6.7032,13,9,0.81,0,0,1,28,784,0
6.6201,12,10,1.0,0,0,1,28,784,0
6.2634,17,1,0.01,0,0,1,24,576,0
7.0255,12,14,1.96,0,0,1,32,1024,0
6.4378,12,10,1.0,0,0,1,28,784,0
6.5723,14,5,0.25,0,0,1,25,625,0
6.3818,12,13,1.69,0,0,0,31,961,0
6.0014,17,4,0.16,0,0,1,27,729,0
6.5147,12,10,1.0,0,0,1,28,784,1
6.0958,12,7,0.49,0,0,1,25,625,1
6.1903,12,6,0.36,0,0,1,24,576,1
6.5439,9,19,3.61,0,0,1,34,1156,1
6.5511,12,7,0.49,0,1,1,25,625,1
5.7838,12,6,0.36,0,1,1,24,576,1
6.3208,9,10,1.0,0,0,1,25,625,1
5.7838,12,8,0.64,0,0,1,26,676,1
6.5043,13,7,0.49,0,0,1,26,676,1
7.7849,18,7,0.49,0,0,1,31,961,1
6.6307,16,3,0.09,0,0,1,25,625,1
6.8937,16,12,1.44,0,0,1,34,1156,1
6.3578,12,7,0.49,0,0,1,25,625,1
5.656,17,6,0.36,0,0,0,29,841,1
5.4424,14,8,0.64,0,1,1,28,784,1
6.2403,12,7,0.49,0,0,1,25,625,1
6.4216,15,7,0.49,0,0,1,28,784,1
6.5511,15,4,0.16,0,0,1,25,625,1
6.5709,18,9,0.81,0,0,1,33,1089,1
6.5525,9,15,2.25,0,0,1,30,900,1
6.1356,12,6,0.36,1,0,1,24,576,1
6.7662,18,4,0.16,0,0,1,28,784,1
6.8211,16,7,0.49,0,0,0,29,841,1
6.9707,12,9,0.81,0,0,1,27,729,1
5.9915,12,11,1.21,0,1,1,29,841,1
6.4615,12,9,0.81,0,0,1,27,729,1
5.6525,13,5,0.25,0,0,1,24,576,1
6.463,17,4,0.16,0,1,1,27,729,1
5.9636,13,13,1.69,0,0,1,32,1024,1
6.9177,12,7,0.49,0,0,1,25,625,1
6.7056,12,6,0.36,0,0,0,24,576,1
6.8824,17,4,0.16,0,0,1,27,729,1
6.6201,12,11,1.21,1,0,1,29,841,1
6.1377,15,3,0.09,0,0,0,24,576,1
7.2349,12,10,1.0,0,0,1,28,784,1
6.3578,12,7,0.49,0,0,1,25,625,1
5.994,12,9,0.81,0,0,1,27,729,1
5.7683,10,10,1.0,0,0,1,26,676,1
6.2422,12,9,0.81,0,0,1,27,729,1
5.3375,11,8,0.64,0,0,1,25,625,1
7.0834,17,4,0.16,0,0,1,27,729,1
6.4378,14,6,0.36,0,0,1,26,676,1
6.1759,17,11,1.21,0,0,1,34,1156,1
6.5709,13,8,0.64,0,0,1,27,729,1
6.4378,11,10,1.0,0,0,1,27,729,1
6.3154,12,12,1.44,0,0,1,30,900,1
6.3613,12,16,2.56,0,0,1,34,1156,1
6.7346,18,4,0.16,0,0,1,28,784,1
7.5616,18,9,0.81,0,0,1,33,1089,1
6.6921,16,4,0.16,0,0,1,26,676,1
5.8406,12,11,1.21,1,0,1,29,841,1
6.869,12,14,1.96,0,0,1,32,1024,1
6.3969,12,14,1.96,0,0,0,32,1024,1
6.7298,18,10,1.0,0,0,1,34,1156,1
6.4378,16,2,0.04,0,0,1,24,576,1
6.3333,16,6,0.36,0,0,1,28,784,1
7.2513,16,6,0.36,0,0,1,28,784,1
6.1738,12,7,0.49,0,0,1,25,625,1
6.3969,12,6,0.36,0,0,1,24,576,1
5.7038,9,13,1.69,0,0,1,28,784,1
6.2246,9,10,1.0,0,0,1,25,625,1
6.0331,14,5,0.25,1,0,1,25,625,1
5.7038,12,6,0.36,1,0,1,24,576,1
6.7627,18,3,0.09,0,0,1,27,729,1
5.7038,16,3,0.09,0,0,1,25,625,1
6.5806,12,14,1.96,0,0,1,32,1024,1
6.7523,12,16,2.56,0,0,1,34,1156,1
6.6039,10,14,1.96,0,0,1,30,900,1
6.9641,17,8,0.64,1,0,1,31,961,1
6.271,12,14,1.96,1,0,1,32,1024,1
6.3491,11,17,2.89,0,0,1,34,1156,1
6.6908,12,14,1.96,0,0,0,32,1024,1
5.9915,10,14,1.96,0,0,1,30,900,1
6.869,18,5,0.25,0,0,1,29,841,1
6.7056,18,3,0.09,0,0,1,27,729,1
6.6067,13,9,0.81,0,0,1,28,784,1
6.5806,18,6,0.36,0,0,1,30,900,1
6.8167,18,0,0.0,0,0,1,24,576,1
5.9375,17,4,0.16,0,0,1,27,729,1
5.8579,14,6,0.36,0,0,1,26,676,1
6.5425,11,16,2.56,0,0,1,33,1089,1
6.9217,12,14,1.96,0,1,1,32,1024,1
7.0353,18,10,1.0,0,0,1,34,1156,1
7.4437,18,6,0.36,0,0,1,30,900,1
6.271,12,8,0.64,0,0,1,26,676,1
6.5117,17,9,0.81,1,0,1,32,1024,1
6.9177,17,5,0.25,0,0,1,28,784,1
6.7405,18,4,0.16,0,0,1,28,784,1
6.5653,11,10,1.0,0,0,1,27,729,1
6.7093,16,4,0.16,0,0,0,26,676,1
6.1026,12,6,0.36,0,0,1,24,576,1
6.2146,15,4,0.16,0,0,1,25,625,1
6.9556,16,9,0.81,0,0,1,31,961,1
7.0917,18,5,0.25,0,0,1,29,841,1
6.5367,12,15,2.25,0,0,1,33,1089,1
6.4739,16,6,0.36,0,0,1,28,784,1
6.7742,13,11,1.21,0,0,1,30,900,1
6.3063,17,2,0.04,0,0,1,25,625,1
6.3969,7,15,2.25,0,0,1,28,784,1
7.716,15,13,1.69,0,0,1,34,1156,1
7.2738,12,13,1.69,0,0,1,31,961,1
5.7683,12,16,2.56,1,0,1,34,1156,1
7.1405,18,9,0.81,0,0,1,33,1089,1
6.3969,12,6,0.36,0,0,1,24,576,1
5.7038,11,9,0.81,1,0,1,26,676,1
6.2879,16,2,0.04,0,0,1,24,576,1
6.612,12,15,2.25,0,0,0,33,1089,1
6.7405,12,15,2.25,0,0,1,33,1089,1
6.7007,16,7,0.49,0,0,1,29,841,1
6.9078,12,10,1.0,0,0,1,28,784,1
6.3297,16,4,0.16,0,0,1,26,676,1
5.6525,18,2,0.04,0,0,1,26,676,1
6.0799,16,5,0.25,0,0,1,27,729,1
5.7838,13,6,0.36,0,0,1,25,625,1
6.363,16,6,0.36,0,0,1,28,784,1
6.3767,16,4,0.16,1,0,1,26,676,1
6.6859,18,5,0.25,0,0,1,29,841,1
5.743,14,5,0.25,0,0,1,25,625,1
5.5215,12,11,1.21,1,0,1,29,841,1
6.2146,15,6,0.36,1,0,1,27,729,1
6.6201,12,15,2.25,1,0,1,33,1089,1
5.8377,13,12,1.44,0,1,1,31,961,1
5.5215,15,7,0.49,0,0,1,28,784,1
6.5511,16,2,0.04,0,0,1,24,576,1
5.9915,12,7,0.49,0,0,1,25,625,1
6.319,17,4,0.16,0,0,1,27,729,1
6.5497,15,7,0.49,0,0,1,28,784,1
7.5616,14,4,0.16,0,0,1,24,576,1
7.1033,18,8,0.64,0,0,1,32,1024,1
6.4216,16,7,0.49,0,0,1,29,841,1
6.6134,14,5,0.25,0,0,1,25,625,1
6.1269,16,2,0.04,0,0,1,24,576,1
6.4723,18,1,0.01,0,0,1,25,625,1
6.6134,12,7,0.49,0,0,1,25,625,1
6.7032,16,3,0.09,0,1,1,25,625,1
6.7627,16,9,0.81,0,0,1,31,961,1
6.2953,12,10,1.0,0,0,1,28,784,1
5.8999,13,8,0.64,0,0,1,27,729,1
6.0331,10,8,0.64,0,0,1,24,576,1
6.4877,16,5,0.25,0,0,1,27,729,1
6.271,15,5,0.25,0,0,1,26,676,1
6.7464,17,6,0.36,0,0,1,29,841,1
6.4968,12,7,0.49,0,0,1,25,625,1
6.271,16,2,0.04,0,0,1,24,576,1
6.7901,18,4,0.16,0,0,1,28,784,1
6.7627,17,5,0.25,0,1,1,28,784,1
5.4424,18,2,0.04,0,1,1,26,676,1
6.6871,12,14,1.96,0,1,0,32,1024,1
6.2785,13,8,0.64,0,0,1,27,729,1
6.6529,15,4,0.16,1,0,1,25,625,1
6.1654,14,4,0.16,1,0,1,24,576,1
6.7627,16,11,1.21,0,0,1,33,1089,1
6.9217,16,6,0.36,0,0,0,28,784,1
6.463,18,8,0.64,0,0,1,32,1024,1
5.8081,16,2,0.04,0,0,1,24,576,1
6.3208,11,17,2.89,1,0,1,34,1156,1
6.2691,18,2,0.04,0,0,1,26,676,1
6.4536,12,8,0.64,0,0,1,26,676,1
6.2146,11,10,1.0,1,1,1,27,729,1
7.051,16,12,1.44,1,0,1,34,1156,1
6.7511,18,2,0.04,0,0,1,26,676,1
6.1717,12,10,1.0,0,0,0,28,784,1
6.7056,18,1,0.01,0,1,1,25,625,1
6.5396,18,5,0.25,0,0,1,29,841,1
6.8967,16,11,1.21,0,0,0,33,1089,1
6.1026,16,9,0.81,0,1,1,31,961,1
6.9098,18,10,1.0,0,0,1,34,1156,1
7.1237,18,10,1.0,0,0,1,34,1156,1
6.8255,14,12,1.44,0,0,0,32,1024,1
6.3474,12,10,1.0,0,0,1,28,784,1
6.2634,12,13,1.69,0,0,1,31,961,1
7.051,12,10,1.0,0,0,1,28,784,1
6.1738,12,6,0.36,1,0,1,24,576,1
6.7322,11,7,0.49,0,0,1,24,576,1
7.2457,14,13,1.69,0,0,1,33,1089,1
5.9915,13,8,0.64,1,0,1,27,729,1
6.5653,12,15,2.25,0,0,1,33,1089,1
6.4536,14,4,0.16,0,0,1,24,576,1
5.961,13,7,0.49,0,0,1,26,676,1
6.5338,12,8,0.64,0,0,1,26,676,1
6.4457,12,16,2.56,0,0,1,34,1156,1
6.9508,15,13,1.69,0,0,1,34,1156,1
6.3578,12,6,0.36,0,0,1,24,576,1
6.2146,12,7,0.49,0,0,1,25,625,1
6.6606,12,16,2.56,0,0,0,34,1156,1
6.3578,13,7,0.49,0,0,1,26,676,1
6.2634,13,6,0.36,0,0,1,25,625,1
5.9532,17,5,0.25,0,0,1,28,784,1
6.4378,12,11,1.21,0,0,1,29,841,1
6.4378,16,6,0.36,0,0,1,28,784,1
6.1633,13,7,0.49,0,0,1,26,676,1
6.4907,14,5,0.25,0,0,1,25,625,1
6.0521,16,2,0.04,0,0,1,24,576,1
6.2615,14,5,0.25,0,0,1,25,625,1
6.4378,12,8,0.64,0,0,1,26,676,0
6.9177,16,9,0.81,0,0,1,31,961,0
6.3986,12,8,0.64,0,0,1,26,676,0
6.6946,12,9,0.81,0,0,1,27,729,0
6.0544,12,10,1.0,0,0,1,28,784,0
6.966,12,12,1.44,0,0,1,30,900,0
6.0259,12,8,0.64,0,0,1,26,676,0
6.1985,12,12,1.44,0,0,1,30,900,0
5.7838,12,9,0.81,0,0,1,27,729,0
5.6168,12,10,1.0,0,0,1,28,784,0
5.6733,12,7,0.49,0,0,1,25,625,0
6.5944,18,7,0.49,0,1,1,31,961,0
6.1903,14,6,0.36,0,1,1,26,676,0
5.8201,14,4,0.16,0,0,1,24,576,0
6.5862,12,9,0.81,0,0,1,27,729,0
6.0868,13,6,0.36,0,0,0,25,625,0
6.463,16,5,0.25,0,0,0,27,729,0
5.9269,12,10,1.0,0,0,1,28,784,0
6.1759,12,7,0.49,0,0,1,25,625,0
6.8298,14,9,0.81,0,0,1,29,841,0
6.2422,12,8,0.64,0,0,1,26,676,0
6.9707,12,15,2.25,0,0,1,33,1089,0
6.4583,12,10,1.0,0,0,1,28,784,0
6.6053,12,14,1.96,0,0,1,32,1024,0
6.2005,12,8,0.64,0,0,1,26,676,0
6.477,10,8,0.64,0,1,1,24,576,0
5.7301,7,18,3.24,0,0,1,31,961,0
6.4441,16,8,0.64,0,0,1,30,900,0
6.0137,13,9,0.81,0,0,0,28,784,0
6.3969,18,9,0.81,0,0,1,33,1089,0
6.6134,12,10,1.0,0,0,0,28,784,0
6.4378,17,8,0.64,0,0,1,31,961,0
6.3081,12,11,1.21,0,0,0,29,841,0
5.7869,15,3,0.09,0,0,0,24,576,0
5.553,9,11,1.21,0,0,0,26,676,0
6.7742,12,8,0.64,0,0,1,26,676,1
6.4599,12,7,0.49,0,0,0,25,625,1
6.5028,11,16,2.56,0,0,0,33,1089,1
6.2226,14,9,0.81,0,1,1,29,841,1
5.7462,17,2,0.04,0,1,1,25,625,1
6.9177,18,3,0.09,0,1,1,27,729,1
6.9078,10,17,2.89,0,0,0,33,1089,1
6.5806,16,6,0.36,0,0,0,28,784,1
6.6657,12,9,0.81,0,0,0,27,729,1
6.3026,12,16,2.56,0,0,0,34,1156,1
6.719,12,7,0.49,0,0,0,25,625,1
5.0689,12,7,0.49,0,0,0,25,625,1
6.5511,10,11,1.21,0,0,0,27,729,1
6.5806,13,9,0.81,0,0,0,28,784,1
5.717,12,6,0.36,0,0,0,24,576,1
6.3154,16,3,0.09,0,0,1,25,625,1
6.2953,14,6,0.36,0,1,1,26,676,1
6.2324,16,2,0.04,0,0,0,24,576,1
5.9532,16,2,0.04,0,0,0,24,576,1
7.2738,12,14,1.96,0,0,1,32,1024,0
6.7788,16,10,1.0,0,0,1,32,1024,0
6.9078,13,5,0.25,0,0,1,24,576,0
6.7604,12,10,1.0,0,0,0,28,784,0
6.6067,12,9,0.81,0,0,0,27,729,0
6.7901,12,16,2.56,0,0,0,34,1156,0
6.1269,15,8,0.64,0,0,1,29,841,0
6.1092,12,16,2.56,0,0,1,34,1156,1
6.5511,12,16,2.56,0,0,1,34,1156,1
6.612,14,13,1.69,0,0,1,33,1089,1
6.7901,16,10,1.0,0,0,1,32,1024,1
6.5396,18,8,0.64,0,0,1,32,1024,1
6.4036,18,9,0.81,0,0,0,33,1089,1
6.4378,18,6,0.36,0,0,1,30,900,1
6.6147,14,13,1.69,0,0,1,33,1089,1
6.5876,18,9,0.81,0,0,1,33,1089,1
6.3279,12,12,1.44,0,0,1,30,900,1
6.0497,12,8,0.64,0,0,0,26,676,1
5.9915,12,8,0.64,0,0,0,26,676,1
5.5215,14,6,0.36,0,0,1,26,676,1
6.4708,13,7,0.49,0,0,1,26,676,1
6.3936,12,6,0.36,0,0,1,24,576,1
6.9078,12,9,0.81,0,0,1,27,729,1
6.2691,12,10,1.0,0,0,0,28,784,1
6.1759,12,8,0.64,0,0,0,26,676,1
6.7452,12,15,2.25,0,0,0,33,1089,1
6.2265,14,10,1.0,0,0,0,30,900,1
6.2383,12,11,1.21,0,0,1,29,841,1
5.3936,11,9,0.81,0,0,1,26,676,1
5.037,16,2,0.04,0,0,1,24,576,1
5.4806,12,13,1.69,0,0,1,31,961,1
6.3226,12,10,1.0,0,0,1,28,784,1
6.2146,15,6,0.36,0,0,1,27,729,1
5.9189,16,4,0.16,0,0,1,26,676,1
5.8579,10,9,0.81,0,0,0,25,625,1
6.3699,12,8,0.64,0,0,0,26,676,1
6.2442,13,7,0.49,0,0,0,26,676,1
5.9661,12,11,1.21,0,0,0,29,841,0
5.6348,16,3,0.09,0,0,0,25,625,0
6.5367,12,15,2.25,0,0,0,33,1089,0
5.7038,12,8,0.64,0,0,0,26,676,0
6.4536,17,4,0.16,0,0,0,27,729,0
5.8348,13,7,0.49,0,0,0,26,676,0
6.2246,16,4,0.16,0,0,0,26,676,0
5.8749,13,5,0.25,0,0,0,24,576,0
5.5683,12,15,2.25,0,0,0,33,1089,0
5.9915,10,16,2.56,0,0,0,32,1024,0
6.6067,13,10,1.0,0,0,0,29,841,0
5.8348,12,16,2.56,0,0,0,34,1156,0
5.6204,15,8,0.64,0,0,0,29,841,0
6.0568,9,9,0.81,0,0,0,24,576,0
5.4765,12,7,0.49,0,0,0,25,625,0
5.9532,13,5,0.25,0,0,0,24,576,0
5.8579,12,11,1.21,0,0,0,29,841,0
6.3953,12,11,1.21,0,0,0,29,841,0
6.6201,15,10,1.0,0,0,1,31,961,0
6.5396,16,11,1.21,0,0,0,33,1089,0
4.9904,12,16,2.56,0,0,0,34,1156,0
5.6348,12,8,0.64,0,0,1,26,676,1
6.6451,18,8,0.64,0,0,1,32,1024,1
6.9177,13,13,1.69,0,0,1,32,1024,1
6.248,14,6,0.36,0,0,0,26,676,1
5.9915,16,4,0.16,0,0,0,26,676,1
5.9269,12,7,0.49,0,0,0,25,625,1
6.3902,12,13,1.69,0,0,0,31,961,1
5.8579,7,18,3.24,0,0,0,31,961,1
6.0331,11,16,2.56,0,0,0,33,1089,1
5.823,16,7,0.49,0,0,0,29,841,1
6.1759,18,2,0.04,0,0,0,26,676,1
6.2146,12,10,1.0,0,0,0,28,784,1
5.7203,12,9,0.81,0,0,0,27,729,1
6.1092,10,18,3.24,0,0,0,34,1156,1
6.6451,16,7,0.49,0,0,1,29,841,1
6.5806,16,4,0.16,0,0,1,26,676,1
6.9078,13,10,1.0,0,0,1,29,841,1
6.4378,14,10,1.0,0,0,1,30,900,1
6.7056,16,4,0.16,0,0,1,26,676,1
5.9322,12,16,2.56,0,0,1,34,1156,1
6.5624,12,15,2.25,0,0,1,33,1089,1
6.0186,14,4,0.16,0,0,1,24,576,1
7.1997,13,13,1.69,0,0,1,32,1024,1
6.5737,12,16,2.56,0,0,0,34,1156,1
5.2575,10,16,2.56,1,0,1,32,1024,1
6.6809,16,10,1.0,1,0,1,32,1024,1
6.8287,16,12,1.44,1,0,1,34,1156,1
5.4806,15,5,0.25,1,0,1,26,676,1
6.4378,13,6,0.36,0,0,1,25,625,1
6.9324,8,10,1.0,0,0,1,24,576,1
6.2206,12,10,1.0,1,1,0,28,784,1
6.1356,16,6,0.36,0,0,1,28,784,1
6.1654,16,3,0.09,0,0,0,25,625,1
6.2146,15,5,0.25,0,1,1,26,676,1
6.9078,12,16,2.56,0,0,0,34,1156,1
6.4968,13,15,2.25,0,0,0,34,1156,1
6.561,15,13,1.69,0,0,1,34,1156,1
6.833,16,9,0.81,0,1,1,31,961,1
5.7038,12,6,0.36,0,0,0,24,576,1
5.8999,15,6,0.36,0,0,1,27,729,1
6.4693,12,12,1.44,0,0,1,30,900,1
6.1356,18,1,0.01,0,0,0,25,625,1
6.9334,18,9,0.81,0,0,1,33,1089,1
6.2634,12,6,0.36,0,0,1,24,576,1
5.9269,18,5,0.25,0,0,1,29,841,1
7.3382,18,10,1.0,0,0,1,34,1156,1
6.8276,18,9,0.81,0,0,1,33,1089,1
6.3421,13,7,0.49,0,0,1,26,676,1
6.3969,14,5,0.25,0,0,1,25,625,1
6.5806,15,6,0.36,0,0,1,27,729,1
7.0175,17,1,0.01,0,0,1,24,576,1
6.5681,14,7,0.49,0,0,1,27,729,1
6.6946,16,7,0.49,0,0,1,29,841,1
6.8298,11,10,1.0,0,0,1,27,729,1
6.3099,9,10,1.0,0,0,1,25,625,1
5.6021,12,8,0.64,0,0,1,26,676,1
6.725,7,19,3.61,0,0,1,32,1024,1
7.0901,12,12,1.44,0,0,1,30,900,1
6.3648,14,13,1.69,0,0,1,33,1089,1
6.5309,17,11,1.21,1,0,1,34,1156,1
6.9078,18,8,0.64,1,0,1,32,1024,1
6.286,13,5,0.25,1,0,1,24,576,1
6.5367,12,10,1.0,1,0,1,28,784,1
6.2146,12,10,1.0,0,0,1,28,784,1
6.6201,13,14,1.96,0,0,1,33,1089,1
6.8167,17,6,0.36,0,1,1,29,841,1
6.3969,15,3,0.09,0,0,1,24,576,1
6.3578,16,2,0.04,0,0,1,24,576,1
6.3986,12,8,0.64,0,0,1,26,676,1
6.3578,12,13,1.69,0,0,1,31,961,1
6.5177,12,14,1.96,0,0,1,32,1024,1
6.1591,18,3,0.09,1,0,1,27,729,1
5.8579,14,4,0.16,0,0,1,24,576,1
6.4297,15,11,1.21,0,0,1,32,1024,1
5.9349,16,2,0.04,0,0,1,24,576,1
5.4931,16,3,0.09,0,0,1,25,625,1
6.6201,12,8,0.64,0,0,1,26,676,1
6.089,18,6,0.36,0,0,0,30,900,1
6.5338,14,9,0.81,0,0,1,29,841,1
6.2166,18,1,0.01,0,0,0,25,625,1
5.9915,12,11,1.21,0,0,1,29,841,1
6.8886,12,8,0.64,0,0,1,26,676,1
6.4754,14,10,1.0,0,1,1,30,900,1
6.4378,12,14,1.96,0,0,1,32,1024,1
6.561,16,6,0.36,1,0,1,28,784,1
6.9499,12,11,1.21,0,0,1,29,841,1
6.6346,12,9,0.81,0,0,1,27,729,1
6.2615,13,6,0.36,0,0,0,25,625,1
6.3544,13,8,0.64,1,0,1,27,729,1
6.7627,14,6,0.36,1,0,1,26,676,1
6.5695,12,10,1.0,1,0,1,28,784,1
6.5117,16,5,0.25,0,0,1,27,729,1
6.4953,12,7,0.49,0,0,1,25,625,1
6.2971,14,9,0.81,0,0,1,29,841,1
6.2634,13,6,0.36,0,0,1,25,625,1
6.4615,12,10,1.0,0,0,1,28,784,1
5.6937,12,8,0.64,0,0,1,26,676,1
6.8533,8,19,3.61,1,0,1,33,1089,1
6.2146,12,16,2.56,1,0,1,34,1156,1
6.4297,13,6,0.36,1,0,1,25,625,1
5.624,12,7,0.49,1,0,1,25,625,1
5.4806,10,10,1.0,0,1,0,26,676,1
5.4806,10,9,0.81,0,1,0,25,625,1
6.1356,12,15,2.25,0,0,1,33,1089,1
6.0014,12,9,0.81,1,0,1,27,729,1
6.1092,12,7,0.49,1,0,1,25,625,1
5.5215,12,6,0.36,1,0,1,24,576,1
6.5889,11,9,0.81,1,0,1,26,676,1
6.5028,12,6,0.36,1,0,1,24,576,1
6.869,12,10,1.0,1,0,1,28,784,1
6.6201,14,7,0.49,0,0,1,27,729,1
6.5028,14,5,0.25,0,0,1,25,625,1
6.5396,17,11,1.21,0,0,0,34,1156,1
6.142,12,7,0.49,1,0,1,25,625,1
6.463,12,12,1.44,1,0,1,30,900,1
6.5653,11,12,1.44,1,0,1,29,841,1
6.0521,13,6,0.36,1,0,1,25,625,1
6.725,12,9,0.81,0,0,1,27,729,1
5.7301,12,8,0.64,0,0,1,26,676,1
6.4378,16,7,0.49,0,0,1,29,841,1
7.2738,16,10,1.0,0,0,1,32,1024,1
6.5117,16,3,0.09,0,0,1,25,625,1
7.2049,17,5,0.25,0,0,1,28,784,1
5.9915,17,10,1.0,0,0,1,33,1089,1
6.25,9,19,3.61,0,0,0,34,1156,1
6.1225,14,6,0.36,0,0,1,26,676,1
6.0137,17,10,1.0,0,1,1,33,1089,1
6.3261,18,10,1.0,0,0,1,34,1156,1
5.4381,12,6,0.36,1,0,1,24,576,1
6.9334,17,4,0.16,0,0,1,27,729,1
6.9866,12,9,0.81,0,0,1,27,729,1
7.0917,14,4,0.16,0,0,1,24,576,1
5.7961,17,2,0.04,0,0,0,25,625,1
6.1759,18,3,0.09,0,0,1,27,729,1
6.5117,18,0,0.0,0,1,1,24,576,1
7.4283,17,8,0.64,0,0,1,31,961,1
7.1562,16,12,1.44,0,0,1,34,1156,1
6.3578,12,6,0.36,0,0,1,24,576,1
6.0958,18,3,0.09,0,0,1,27,729,1
6.1759,16,6,0.36,1,0,1,28,784,1
6.1463,12,6,0.36,1,0,1,24,576,1
6.5043,6,19,3.61,0,0,1,31,961,1
5.656,15,6,0.36,0,0,1,27,729,1
6.3578,18,9,0.81,0,0,1,33,1089,1
6.5806,14,9,0.81,0,0,1,29,841,1
6.1356,12,7,0.49,0,0,1,25,625,1
6.6201,15,4,0.16,0,0,1,25,625,1
5.2983,12,6,0.36,0,0,1,24,576,1
6.477,12,9,0.81,0,0,1,27,729,1
6.1759,18,4,0.16,0,0,1,28,784,1
6.3969,11,7,0.49,0,0,1,24,576,1
6.6451,16,6,0.36,0,1,1,28,784,1
6.6529,17,4,0.16,0,0,1,27,729,1
6.463,16,2,0.04,0,0,1,24,576,1
6.9613,14,13,1.69,0,0,1,33,1089,1
6.5162,16,9,0.81,0,0,1,31,961,1
6.5381,12,10,1.0,0,0,1,28,784,1
6.869,17,7,0.49,0,0,1,30,900,1
5.9915,13,9,0.81,0,0,1,28,784,1
6.5117,16,5,0.25,0,0,1,27,729,1
7.2738,18,10,1.0,1,0,1,34,1156,1
6.271,18,8,0.64,0,0,1,32,1024,1
6.5511,14,7,0.49,1,0,1,27,729,1
6.5147,8,20,4.0,1,0,1,34,1156,1
6.2025,18,1,0.01,0,0,1,25,625,1
6.2146,12,6,0.36,0,0,1,24,576,1
6.1092,16,2,0.04,1,0,1,24,576,1
6.3986,13,6,0.36,1,0,1,25,625,1
6.5751,13,9,0.81,1,0,1,28,784,1
6.3544,12,11,1.21,1,0,1,29,841,1
5.8579,12,7,0.49,1,0,1,25,625,1
5.8579,12,6,0.36,1,0,1,24,576,1
6.4661,16,7,0.49,0,0,1,29,841,1
6.5147,15,3,0.09,0,0,1,24,576,1
6.5206,15,7,0.49,0,0,1,28,784,1
6.2804,12,9,0.81,0,0,1,27,729,1
6.2615,16,9,0.81,0,0,1,31,961,1
6.5028,16,6,0.36,0,1,1,28,784,1
5.9135,14,6,0.36,0,0,1,26,676,1
6.4892,15,5,0.25,0,0,1,26,676,1
6.5511,12,16,2.56,1,0,1,34,1156,1
5.7398,18,3,0.09,0,0,1,27,729,1
6.7346,9,18,3.24,0,0,1,33,1089,1
6.4922,14,11,1.21,0,0,1,31,961,1
6.5396,16,9,0.81,0,0,1,31,961,1
6.3578,15,7,0.49,0,0,1,28,784,1
6.5582,17,3,0.09,0,0,1,26,676,1
5.6768,16,5,0.25,0,1,1,27,729,1
6.6201,13,7,0.49,0,0,1,26,676,1
7.2738,16,12,1.44,0,0,1,34,1156,1
7.0917,16,11,1.21,0,0,1,33,1089,1
7.3796,15,12,1.44,0,1,1,33,1089,1
6.6451,14,12,1.44,0,1,1,32,1024,1
6.2403,16,9,0.81,0,0,1,31,961,1
6.6908,12,13,1.69,0,0,1,31,961,1
6.869,17,11,1.21,0,0,1,34,1156,1
6.5147,12,7,0.49,0,0,1,25,625,1
5.9865,13,5,0.25,0,0,1,24,576,1
6.7511,14,13,1.69,0,0,1,33,1089,1
6.541,11,8,0.64,1,0,1,25,625,1
6.463,11,7,0.49,1,0,1,24,576,1
5.8435,13,8,0.64,1,0,1,27,729,1
6.3297,12,9,0.81,1,0,1,27,729,1
6.528,12,6,0.36,1,0,1,24,576,1
6.1506,16,7,0.49,0,1,1,29,841,1
5.7038,16,4,0.16,0,0,1,26,676,1
6.5117,18,1,0.01,0,0,1,25,625,1
5.9532,16,2,0.04,0,0,1,24,576,1
6.6946,16,11,1.21,0,0,1,33,1089,1
6.3063,17,1,0.01,0,0,1,24,576,1
6.2146,16,4,0.16,0,0,1,26,676,1
6.5889,13,10,1.0,0,0,1,29,841,1
6.2615,16,6,0.36,0,0,1,28,784,1
6.1092,15,3,0.09,1,0,1,24,576,1
6.6267,12,10,1.0,1,0,1,28,784,1
6.4615,12,6,0.36,1,0,1,24,576,1
5.7462,12,6,0.36,1,0,1,24,576,1
7.2619,12,11,1.21,0,0,1,29,841,1
6.6346,12,10,1.0,0,0,1,28,784,1
6.3969,12,8,0.64,0,0,1,26,676,1
7.013,16,10,1.0,0,0,1,32,1024,1
6.6373,16,11,1.21,0,0,1,33,1089,1
6.477,12,14,1.96,0,0,1,32,1024,1
7.0519,14,7,0.49,0,0,1,27,729,1
6.3969,12,6,0.36,0,0,1,24,576,1
6.319,12,11,1.21,0,0,1,29,841,1
6.2971,11,11,1.21,0,0,1,28,784,1
6.3099,11,8,0.64,0,0,1,25,625,1
6.6846,11,14,1.96,0,0,1,31,961,1
6.9078,11,9,0.81,0,0,1,26,676,1
6.7616,12,13,1.69,0,0,1,31,961,1
6.4184,13,13,1.69,0,0,1,32,1024,1
6.2519,16,2,0.04,0,0,1,24,576,1
6.561,13,11,1.21,1,0,1,30,900,1
6.7069,13,7,0.49,1,0,1,26,676,1
5.7038,10,9,0.81,1,0,1,25,625,1
6.5539,16,8,0.64,0,0,1,30,900,1
7.1869,16,12,1.44,0,0,1,34,1156,1
5.9402,12,9,0.81,1,0,1,27,729,1
5.9915,11,9,0.81,1,0,1,26,676,1
6.2106,11,8,0.64,1,0,1,25,625,1
6.4968,10,17,2.89,1,0,1,33,1089,1
6.3969,10,17,2.89,1,0,1,33,1089,1
6.9412,18,8,0.64,0,1,0,32,1024,1
6.9838,14,5,0.25,0,0,1,25,625,1
5.9915,18,0,0.0,0,1,1,24,576,1
6.463,16,11,1.21,0,0,1,33,1089,1
6.4297,12,14,1.96,0,0,1,32,1024,1
6.1759,17,7,0.49,0,0,1,30,900,1
6.9641,16,11,1.21,0,0,1,33,1089,1
6.3008,12,8,0.64,0,0,1,26,676,1
6.667,14,6,0.36,0,0,1,26,676,1
6.1841,18,1,0.01,0,0,1,25,625,1
6.582,14,14,1.96,0,0,1,34,1156,1
6.5439,15,7,0.49,0,0,1,28,784,1
6.3081,15,13,1.69,0,0,1,34,1156,1
6.6758,15,11,1.21,0,0,1,32,1024,1
7.5616,16,11,1.21,0,1,1,33,1089,1
6.6758,15,12,1.44,0,0,1,33,1089,1
6.8024,15,7,0.49,0,0,1,28,784,1
6.4831,14,12,1.44,0,0,1,32,1024,1
6.2403,12,9,0.81,0,0,1,27,729,1
5.9506,14,9,0.81,0,0,1,29,841,1
6.2146,16,5,0.25,0,1,0,27,729,1
6.3986,15,4,0.16,0,0,1,25,625,1
6.0822,12,9,0.81,0,0,1,27,729,1
6.2146,12,7,0.49,0,0,1,25,625,1
7.142,18,9,0.81,0,0,1,33,1089,1
6.6161,14,6,0.36,0,1,1,26,676,1
6.2403,14,7,0.49,0,0,1,27,729,1
6.5511,12,15,2.25,0,1,1,33,1089,1
6.5103,16,7,0.49,0,0,1,29,841,1
6.8906,17,7,0.49,0,0,1,30,900,1
5.3936,13,10,1.0,0,0,0,29,841,1
7.0917,18,9,0.81,0,0,1,33,1089,1
6.5028,12,12,1.44,0,0,0,30,900,1
6.731,14,8,0.64,1,0,1,28,784,1
6.0958,15,4,0.16,0,0,1,25,625,1
6.2971,12,7,0.49,0,0,1,25,625,1
6.2246,14,10,1.0,0,1,1,30,900,1
6.6809,12,13,1.69,0,0,0,31,961,1
5.8777,9,9,0.81,0,0,1,24,576,1
6.2146,12,9,0.81,0,0,1,27,729,1
6.869,12,16,2.56,0,0,1,34,1156,1
5.8579,11,11,1.21,0,0,1,28,784,1
5.7462,15,3,0.09,0,0,1,24,576,1
4.7622,16,2,0.04,0,1,1,24,576,1
6.5876,12,15,2.25,0,0,1,33,1089,1
6.2841,13,14,1.96,1,0,1,33,1089,1
6.2766,13,7,0.49,1,1,1,26,676,1
6.0591,17,5,0.25,1,1,1,28,784,1
6.9976,16,12,1.44,0,0,1,34,1156,1
7.5627,12,15,2.25,0,0,1,33,1089,1
6.7452,18,8,0.64,0,1,1,32,1024,1
5.8999,12,6,0.36,0,0,1,24,576,1
6.1612,16,4,0.16,0,0,1,26,676,1
6.4862,13,7,0.49,0,0,1,26,676,1
6.0868,12,7,0.49,0,0,1,25,625,1
6.1356,14,5,0.25,0,0,1,25,625,1
6.5117,16,6,0.36,0,0,1,28,784,0
7.0475,12,6,0.36,0,0,1,24,576,0
6.6846,12,13,1.69,0,0,1,31,961,0
6.1312,12,7,0.49,0,0,1,25,625,0
5.8111,12,8,0.64,0,0,1,26,676,0
6.5539,13,7,0.49,0,0,1,26,676,0
6.2615,12,7,0.49,0,0,1,25,625,0
6.5028,7,20,4.0,0,0,0,33,1089,1
6.463,18,2,0.04,0,0,1,26,676,1
6.6846,12,6,0.36,0,0,1,24,576,1
6.3578,12,14,1.96,0,0,1,32,1024,1
6.0474,18,8,0.64,0,0,0,32,1024,1
6.7731,18,5,0.25,0,0,1,29,841,1
6.4615,15,7,0.49,0,0,1,28,784,1
7.004,16,7,0.49,0,1,1,29,841,0
6.4754,16,4,0.16,0,0,1,26,676,0
6.1092,12,8,0.64,0,1,1,26,676,0
6.8287,12,15,2.25,0,0,1,33,1089,0
6.5482,11,10,1.0,0,0,1,27,729,0
6.2246,15,13,1.69,1,0,1,34,1156,0
6.3208,16,6,0.36,0,1,1,28,784,0
5.9269,17,2,0.04,0,0,0,25,625,0
6.5117,15,7,0.49,0,1,1,28,784,0
5.7301,13,11,1.21,0,0,1,30,900,0
6.3716,12,16,2.56,0,0,1,34,1156,0
6.6606,12,6,0.36,0,0,1,24,576,0
6.4862,12,9,0.81,0,0,1,27,729,1
6.0474,12,10,1.0,0,0,1,28,784,1
7.1562,16,6,0.36,0,0,1,28,784,1
6.869,12,7,0.49,0,0,1,25,625,1
6.6846,12,12,1.44,0,0,1,30,900,1
6.6201,12,15,2.25,0,0,1,33,1089,1
6.4723,18,5,0.25,0,0,1,29,841,1
6.8437,12,11,1.21,0,0,1,29,841,1
6.286,17,5,0.25,0,0,1,28,784,1
5.6699,15,3,0.09,0,0,1,24,576,1
5.2575,12,11,1.21,0,1,0,29,841,1
6.7069,18,6,0.36,0,0,1,30,900,1
6.7007,18,6,0.36,0,0,1,30,900,1
6.5889,12,11,1.21,0,0,1,29,841,1
7.0255,12,6,0.36,0,0,1,24,576,1
6.4216,17,5,0.25,1,0,1,28,784,1
5.9989,12,8,0.64,1,0,1,26,676,1
6.5582,11,9,0.81,0,0,1,26,676,1
5.8201,15,6,0.36,0,0,1,27,729,1
6.725,17,5,0.25,0,0,1,28,784,1
5.2575,17,3,0.09,0,0,1,26,676,1
6.593,12,8,0.64,0,0,1,26,676,1
6.2953,10,10,1.0,0,0,1,26,676,1
6.713,12,10,1.0,0,0,0,28,784,1
6.0822,12,8,0.64,0,1,1,26,676,1
6.5999,14,4,0.16,0,1,1,24,576,1
6.0568,16,2,0.04,0,0,1,24,576,1
5.8289,12,12,1.44,0,0,0,30,900,1
6.1759,13,15,2.25,0,1,1,34,1156,1
6.7056,16,10,1.0,0,0,1,32,1024,1
6.2146,12,10,1.0,0,0,0,28,784,1
6.2971,12,7,0.49,1,0,1,25,625,1
6.1026,16,4,0.16,0,0,1,26,676,1
5.3799,15,4,0.16,0,0,0,25,625,1
5.6168,8,12,1.44,0,0,1,26,676,1
5.8636,15,3,0.09,1,0,1,24,576,1
6.5806,12,11,1.21,0,0,0,29,841,1
6.9157,12,9,0.81,0,0,0,27,729,1
6.4831,17,6,0.36,0,0,1,29,841,1
6.6884,16,4,0.16,0,0,1,26,676,1
6.3456,12,9,0.81,0,0,1,27,729,1
6.3969,16,3,0.09,0,0,1,25,625,1
6.4693,12,6,0.36,0,0,1,24,576,1
6.1092,13,7,0.49,0,0,1,26,676,1
6.0981,13,7,0.49,0,1,1,26,676,1
6.3801,15,8,0.64,0,0,0,29,841,1
6.5806,14,5,0.25,0,0,1,25,625,1
6.541,12,14,1.96,0,0,1,32,1024,1
6.271,13,7,0.49,0,1,1,26,676,1
6.1527,9,15,2.25,0,0,1,30,900,1
6.1759,16,4,0.16,0,0,1,26,676,1
6.1356,16,3,0.09,0,0,1,25,625,1
6.3172,17,10,1.0,0,0,1,33,1089,1
6.7627,14,12,1.44,0,0,1,32,1024,1
6.5695,16,8,0.64,0,0,0,30,900,1
6.6067,12,6,0.36,0,0,0,24,576,1
6.7056,14,8,0.64,0,0,1,28,784,1
6.5177,12,16,2.56,0,0,1,34,1156,1
6.6809,16,7,0.49,0,0,1,29,841,1
6.6451,13,5,0.25,0,0,1,24,576,1
6.1356,16,3,0.09,0,0,1,25,625,1
6.2519,14,4,0.16,0,0,1,24,576,1
5.9738,12,7,0.49,0,0,0,25,625,1
6.6846,13,13,1.69,0,1,1,32,1024,1
6.5117,17,4,0.16,0,0,1,27,729,0
6.1759,16,11,1.21,0,0,0,33,1089,0
6.8145,12,14,1.96,0,0,0,32,1024,0
6.1759,12,7,0.49,0,0,0,25,625,0
6.2146,11,16,2.56,0,0,0,33,1089,0
5.9532,16,2,0.04,0,0,0,24,576,0
6.0776,12,6,0.36,0,0,1,24,576,0
6.2653,12,7,0.49,0,0,0,25,625,0
6.8167,14,9,0.81,0,0,0,29,841,0
6.2953,16,3,0.09,0,0,0,25,625,0
6.6451,13,9,0.81,0,0,0,28,784,0
5.4205,12,6,0.36,0,0,0,24,576,0
6.5667,18,3,0.09,0,0,0,27,729,0
5.8464,18,10,1.0,0,0,0,34,1156,0
6.6682,12,14,1.96,0,0,0,32,1024,0
6.1203,14,6,0.36,0,0,1,26,676,0
6.1312,16,2,0.04,0,0,1,24,576,0
5.624,13,7,0.49,0,0,0,26,676,0
6.6946,17,11,1.21,0,0,1,34,1156,0
6.4362,14,7,0.49,0,0,0,27,729,0
6.5468,12,8,0.64,0,0,1,26,676,0
5.9349,14,6,0.36,0,0,0,26,676,0
6.1591,12,6,0.36,0,0,0,24,576,0
6.0521,12,6,0.36,0,0,0,24,576,0
6.4754,16,2,0.04,0,0,0,24,576,0
6.1964,15,4,0.16,0,0,1,25,625,0
6.8287,18,2,0.04,0,0,0,26,676,0
5.8579,12,6,0.36,0,0,0,24,576,0
6.3969,13,6,0.36,0,0,0,25,625,0
6.0615,9,16,2.56,0,0,0,31,961,0
6.2146,12,8,0.64,0,0,0,26,676,0
6.2146,9,9,0.81,0,0,0,24,576,0
5.8579,8,20,4.0,0,0,0,34,1156,0
5.9135,14,7,0.49,0,0,0,27,729,0
5.9402,16,2,0.04,0,0,0,24,576,0
5.5215,14,5,0.25,0,0,0,25,625,0
6.2265,18,6,0.36,0,0,1,30,900,0
6.4281,12,9,0.81,0,0,1,27,729,0
5.9428,16,2,0.04,0,0,0,24,576,0
5.8889,12,12,1.44,0,0,0,30,900,0
6.3767,12,10,1.0,0,0,1,28,784,0
5.8579,12,6,0.36,0,0,1,24,576,0
6.1821,12,14,1.96,0,0,1,32,1024,0
6.7274,11,17,2.89,0,0,0,34,1156,0
6.2823,10,13,1.69,0,0,1,29,841,0
5.9532,17,5,0.25,0,0,0,28,784,1
6.1092,11,8,0.64,0,0,0,25,625,1
6.1964,16,6,0.36,0,0,0,28,784,1
6.8178,12,6,0.36,0,0,0,24,576,1
6.7226,18,8,0.64,0,0,1,32,1024,1
6.073,12,12,1.44,0,0,0,30,900,1
6.5511,12,8,0.64,0,0,0,26,676,1
6.2953,10,10,1.0,0,0,0,26,676,1
5.4424,16,2,0.04,0,0,0,24,576,1
5.9789,12,16,2.56,0,0,0,34,1156,0
6.5806,12,7,0.49,0,0,1,25,625,0
7.0792,12,7,0.49,0,0,0,25,625,0
6.2166,12,7,0.49,0,0,1,25,625,0
5.8171,16,2,0.04,0,0,1,24,576,1
6.3368,12,14,1.96,0,0,0,32,1024,1
6.8711,17,11,1.21,0,1,0,34,1156,0
7.2255,12,15,2.25,0,0,1,33,1089,0
6.6846,12,10,1.0,0,0,1,28,784,0
6.4118,12,12,1.44,0,0,1,30,900,0
6.5073,16,3,0.09,0,0,1,25,625,0
6.0981,11,8,0.64,0,0,1,25,625,0
6.1841,13,6,0.36,0,0,1,25,625,0
6.5653,18,8,0.64,0,0,0,32,1024,0
6.8596,12,14,1.96,0,0,0,32,1024,0
6.1738,11,8,0.64,0,0,0,25,625,0
6.2146,13,8,0.64,0,0,1,27,729,0
6.1247,16,4,0.16,0,1,1,26,676,0
6.5806,18,0,0.0,0,0,0,24,576,1
6.5971,12,6,0.36,0,0,0,24,576,1
5.7991,12,15,2.25,0,0,0,33,1089,1
6.0162,12,9,0.81,0,0,0,27,729,1
6.1862,12,9,0.81,0,0,0,27,729,1
6.869,18,7,0.49,0,1,1,31,961,1
5.8833,16,2,0.04,0,0,0,24,576,1
5.7991,12,6,0.36,0,0,0,24,576,0
6.4378,12,10,1.0,0,0,0,28,784,0
6.2046,12,8,0.64,0,0,0,26,676,0
6.4816,12,11,1.21,0,0,0,29,841,0
6.582,12,9,0.81,0,0,0,27,729,0
6.5568,12,7,0.49,0,0,0,25,625,0
6.2422,9,14,1.96,0,0,0,29,841,0
6.4378,12,13,1.69,0,0,1,31,961,0
6.4329,18,5,0.25,0,0,0,29,841,0
6.0568,15,5,0.25,0,0,1,26,676,0
6.4816,12,11,1.21,0,0,0,29,841,0
6.4661,12,12,1.44,0,0,0,30,900,0
6.3544,12,16,2.56,0,0,1,34,1156,0
5.7462,13,15,2.25,0,1,0,34,1156,0
6.4983,18,0,0.0,0,0,0,24,576,0
6.319,13,13,1.69,0,0,0,32,1024,0
5.7038,18,0,0.0,0,0,1,24,576,0
6.4646,15,7,0.49,0,0,0,28,784,0
6.5028,14,8,0.64,0,0,1,28,784,0
7.1854,18,4,0.16,0,0,1,28,784,0
6.2226,12,6,0.36,0,0,1,24,576,0
6.6606,16,3,0.09,0,0,1,25,625,0
6.7056,14,5,0.25,0,0,1,25,625,0
6.2538,12,10,1.0,0,0,0,28,784,0
6.3578,12,9,0.81,0,0,0,27,729,0
5.9269,11,8,0.64,0,0,0,25,625,0
6.2146,12,6,0.36,0,0,0,24,576,0
6.4378,16,6,0.36,0,0,1,28,784,0
6.528,16,12,1.44,0,0,0,34,1156,0
6.1527,14,6,0.36,0,0,0,26,676,0
6.4425,13,8,0.64,0,0,0,27,729,0
6.2634,13,5,0.25,0,0,0,24,576,0
6.3172,12,14,1.96,0,0,0,32,1024,0
6.463,16,3,0.09,0,0,1,25,625,1
6.2403,13,15,2.25,0,0,1,34,1156,1
6.4036,12,9,0.81,0,0,1,27,729,1
6.5511,13,14,1.96,0,0,1,33,1089,1
6.4069,12,15,2.25,0,0,1,33,1089,1
6.9285,12,15,2.25,0,0,1,33,1089,1
6.5709,12,13,1.69,0,0,1,31,961,1
6.2146,12,10,1.0,0,0,1,28,784,1
6.3682,12,10,1.0,0,0,1,28,784,1
6.5596,12,13,1.69,0,0,1,31,961,1
6.2538,16,8,0.64,0,0,0,30,900,1
6.4862,16,7,0.49,0,0,1,29,841,1
6.528,16,6,0.36,0,0,1,28,784,1
5.6204,13,6,0.36,0,0,1,25,625,1
6.561,13,15,2.25,1,0,1,34,1156,1
6.6695,12,16,2.56,0,0,1,34,1156,1
7.1846,18,7,0.49,0,0,1,31,961,1
6.0014,14,8,0.64,0,0,1,28,784,1
5.7038,16,3,0.09,0,0,1,25,625,1
6.5117,12,8,0.64,0,0,1,26,676,1
6.582,12,16,2.56,0,0,1,34,1156,1
6.6451,16,4,0.16,0,0,0,26,676,1
6.6333,16,8,0.64,0,0,0,30,900,1
6.073,18,6,0.36,0,0,0,30,900,1
7.0834,13,15,2.25,0,0,0,34,1156,1
6.1356,17,8,0.64,0,0,0,31,961,1
5.9135,12,6,0.36,0,0,0,24,576,1
6.1633,12,12,1.44,0,0,0,30,900,1
6.0753,12,10,1.0,0,0,0,28,784,1
5.8051,12,8,0.64,0,0,0,26,676,1
6.4615,16,9,0.81,0,0,1,31,961,1
6.2246,12,16,2.56,0,0,0,34,1156,1
6.4378,16,7,0.49,0,0,0,29,841,1
6.1356,12,13,1.69,0,0,0,31,961,1
6.7056,17,4,0.16,0,1,1,27,729,1
6.0707,17,1,0.01,0,0,1,24,576,1
6.463,14,5,0.25,0,0,1,25,625,1
5.4161,15,4,0.16,0,0,0,25,625,1
6.5806,15,13,1.69,1,0,1,34,1156,1
6.582,16,4,0.16,0,0,1,26,676,1
6.7056,16,7,0.49,0,0,1,29,841,1
6.4983,16,5,0.25,0,0,1,27,729,1
6.7991,18,4,0.16,0,0,1,28,784,1
6.6758,11,17,2.89,0,0,1,34,1156,1
6.2897,15,10,1.0,0,0,1,31,961,1
6.7991,11,10,1.0,0,0,1,27,729,1
6.5806,15,9,0.81,0,0,1,30,900,1
6.8298,13,5,0.25,0,0,1,24,576,1
6.2305,12,10,1.0,0,0,1,28,784,1
6.8341,16,10,1.0,0,0,1,32,1024,1
6.5582,17,10,1.0,0,0,1,33,1089,1
6.7627,12,12,1.44,0,0,1,30,900,1
6.2538,16,2,0.04,0,0,1,24,576,1
6.0331,12,6,0.36,0,0,1,24,576,1
5.5835,15,5,0.25,0,0,1,26,676,1
6.4378,15,3,0.09,0,0,1,24,576,1
6.8459,12,13,1.69,0,0,1,31,961,1
6.6412,16,3,0.09,0,0,1,25,625,1
6.6859,9,14,1.96,0,0,1,29,841,1
6.561,15,7,0.49,0,0,1,28,784,1
6.528,12,12,1.44,0,0,1,30,900,1
6.0331,16,4,0.16,0,0,1,26,676,1
6.3969,18,5,0.25,0,0,1,29,841,1
6.525,15,4,0.16,0,0,1,25,625,1
6.8222,18,7,0.49,0,0,0,31,961,1
6.6039,12,14,1.96,0,0,1,32,1024,1
7.0622,12,10,1.0,0,0,1,28,784,1
6.6399,11,12,1.44,0,0,1,29,841,1
6.869,12,8,0.64,0,0,1,26,676,1
5.7038,18,3,0.09,0,0,1,27,729,1
6.4892,16,2,0.04,0,0,1,24,576,1
6.1356,12,8,0.64,0,0,1,26,676,1
6.5806,12,6,0.36,0,0,1,24,576,1
6.7627,12,7,0.49,0,0,1,25,625,1
6.3902,11,7,0.49,0,0,1,24,576,1
6.8123,12,14,1.96,0,0,1,32,1024,1
6.9556,12,11,1.21,0,0,1,29,841,1
6.1203,13,15,2.25,0,1,1,34,1156,1
6.5147,12,9,0.81,1,1,0,27,729,1
6.5806,12,6,0.36,1,0,1,24,576,1
6.3969,7,20,4.0,1,0,1,33,1089,1
6.8298,12,10,1.0,1,0,1,28,784,1
6.6201,12,10,1.0,0,0,1,28,784,1
6.3333,12,10,1.0,0,0,1,28,784,1
6.4378,14,6,0.36,0,0,1,26,676,1
5.7038,10,13,1.69,0,0,0,29,841,1
7.2298,12,9,0.81,0,0,0,27,729,1
6.1527,14,5,0.25,0,0,1,25,625,1
6.6695,12,10,1.0,0,0,1,28,784,1
5.4381,16,3,0.09,0,0,1,25,625,1
5.9636,10,11,1.21,0,0,0,27,729,0
5.7526,12,15,2.25,0,0,1,33,1089,0
5.8721,17,6,0.36,0,0,1,29,841,0
6.2146,8,12,1.44,0,0,1,26,676,0
6.477,11,16,2.56,0,0,0,33,1089,0
6.7032,12,9,0.81,0,0,1,27,729,0
6.4754,13,7,0.49,0,0,0,26,676,0
6.0753,12,11,1.21,0,0,1,29,841,0
6.3969,11,10,1.0,0,0,0,27,729,0
5.3279,13,7,0.49,0,1,1,26,676,0
6.1759,12,9,0.81,0,1,1,27,729,0
6.1841,13,5,0.25,0,1,1,24,576,0
6.632,18,5,0.25,0,0,1,29,841,0
6.9027,12,8,0.64,0,0,1,26,676,0
7.0622,12,11,1.21,0,0,1,29,841,1
5.7494,16,3,0.09,0,0,1,25,625,1
6.8189,13,6,0.36,0,0,1,25,625,1
6.4983,13,7,0.49,0,0,1,26,676,1
6.6631,12,11,1.21,0,0,1,29,841,1
6.477,13,13,1.69,0,0,1,32,1024,1
5.5872,9,12,1.44,0,1,1,27,729,1
5.8721,8,19,3.61,0,0,0,33,1089,1
6.0868,8,19,3.61,0,0,0,33,1089,1
6.1633,11,13,1.69,0,0,1,30,900,1
6.5876,11,15,2.25,0,0,1,32,1024,1
6.5806,16,6,0.36,0,0,1,28,784,1
6.3333,12,16,2.56,0,0,1,34,1156,1
6.3969,12,8,0.64,0,0,1,26,676,1
6.5396,15,4,0.16,0,0,1,25,625,1
6.0474,15,7,0.49,0,0,1,28,784,1
6.667,12,6,0.36,0,0,1,24,576,1
7.0917,12,13,1.69,0,0,1,31,961,1
6.3578,16,12,1.44,0,0,1,34,1156,1
6.4536,18,3,0.09,0,0,0,27,729,1
6.0162,12,9,0.81,0,0,1,27,729,1
5.9135,16,2,0.04,0,0,1,24,576,1
6.6708,16,4,0.16,0,0,1,26,676,1
6.1092,17,1,0.01,0,0,1,24,576,1
7.1317,12,10,1.0,0,0,1,28,784,1
6.6946,16,8,0.64,0,0,1,30,900,1
5.7301,16,8,0.64,0,0,1,30,900,1
6.7056,12,12,1.44,0,0,0,30,900,1
6.5117,16,8,0.64,0,0,1,30,900,1
6.2615,12,11,1.21,0,0,0,29,841,1
5.6168,15,9,0.81,0,0,0,30,900,1
6.0474,17,5,0.25,0,0,0,28,784,1
6.463,16,6,0.36,0,0,1,28,784,1
6.1092,12,10,1.0,0,0,0,28,784,1
5.8081,12,8,0.64,0,0,0,26,676,1
6.8167,12,14,1.96,0,0,0,32,1024,1
4.852,11,10,1.0,0,0,0,27,729,1
5.9814,16,5,0.25,0,0,0,27,729,1
6.1633,13,9,0.81,0,0,1,28,784,1
6.1092,13,12,1.44,0,0,0,31,961,1
5.7038,16,2,0.04,0,0,0,24,576,1
6.1356,18,5,0.25,0,0,1,29,841,1
6.4457,12,14,1.96,0,0,0,32,1024,1
6.1841,12,15,2.25,0,0,0,33,1089,1
6.3081,12,12,1.44,0,0,0,30,900,1
5.9189,12,7,0.49,0,0,0,25,625,1
6.463,12,16,2.56,0,0,0,34,1156,1
6.2519,12,11,1.21,0,0,1,29,841,1
5.9532,9,11,1.21,0,0,0,26,676,1
6.1092,16,7,0.49,0,1,1,29,841,1
5.7526,12,8,0.64,0,0,0,26,676,0
6.5944,14,9,0.81,0,0,0,29,841,0
5.7838,12,14,1.96,0,0,0,32,1024,0
6.4232,16,6,0.36,0,0,1,28,784,0
5.8464,15,9,0.81,0,0,1,30,900,0
6.1549,13,9,0.81,0,0,1,28,784,0
5.7038,12,9,0.81,0,0,0,27,729,0
6.0638,13,5,0.25,0,0,1,24,576,1
5.5872,12,10,1.0,1,0,1,28,784,1
5.4381,12,10,1.0,0,0,1,28,784,1
6.0684,14,4,0.16,0,0,1,24,576,1
6.2748,12,8,0.64,0,0,1,26,676,1
7.0031,12,9,0.81,0,0,1,27,729,1
6.3767,12,10,1.0,1,0,1,28,784,1
6.7346,18,6,0.36,0,0,0,30,900,1
6.463,15,3,0.09,0,0,1,24,576,1
6.869,14,14,1.96,0,0,1,34,1156,1
6.8255,13,14,1.96,0,0,1,33,1089,1
5.8579,15,6,0.36,0,0,0,27,729,0
5.9532,16,2,0.04,0,0,0,24,576,0
6.4265,16,11,1.21,0,0,0,33,1089,0
6.1527,13,12,1.44,0,0,1,31,961,0
6.0186,12,9,0.81,0,0,0,27,729,0
5.9915,12,7,0.49,0,0,0,25,625,0
6.5511,11,16,2.56,0,0,1,33,1089,0
5.7398,15,6,0.36,0,0,1,27,729,0
5.4931,14,4,0.16,0,1,0,24,576,0
5.5134,12,14,1.96,1,1,1,32,1024,0
6.0474,11,13,1.69,1,0,1,30,900,0
6.3969,11,16,2.56,1,0,1,33,1089,0
6.5511,17,2,0.04,1,0,1,25,625,0
5.7038,12,6,0.36,0,0,1,24,576,0
6.5381,12,6,0.36,0,0,1,24,576,0
6.3969,12,12,1.44,0,0,1,30,900,0
6.5511,12,12,1.44,0,0,1,30,900,0
5.6168,14,5,0.25,0,0,0,25,625,0
6.5147,9,19,3.61,1,0,1,34,1156,0
6.107,17,5,0.25,0,0,1,28,784,0
6.4536,16,8,0.64,0,0,1,30,900,0
7.1309,14,9,0.81,0,0,0,29,841,0
6.869,18,5,0.25,0,0,1,29,841,0
6.1944,18,1,0.01,0,0,0,25,625,0
6.3733,12,6,0.36,0,0,0,24,576,0
6.6201,14,13,1.69,0,0,0,33,1089,0
5.7869,18,2,0.04,0,0,0,26,676,0
6.0638,18,5,0.25,0,0,1,29,841,0
6.3474,12,8,0.64,0,0,1,26,676,0
6.8167,16,6,0.36,0,0,0,28,784,0
6.3578,14,10,1.0,0,0,0,30,900,0
6.0707,11,15,2.25,0,0,0,32,1024,0
6.2246,12,6,0.36,0,0,0,24,576,0
6.5806,18,10,1.0,0,0,0,34,1156,1
6.869,16,11,1.21,0,0,1,33,1089,1
6.4118,12,13,1.69,0,0,1,31,961,1
6.1092,12,7,0.49,0,0,0,25,625,1
6.4378,12,15,2.25,0,0,0,33,1089,0
6.5695,14,6,0.36,0,0,0,26,676,0
6.5653,12,6,0.36,0,0,0,24,576,0
6.8167,16,10,1.0,0,0,1,32,1024,0
6.0355,8,10,1.0,0,0,0,24,576,0
6.5396,13,10,1.0,0,0,0,29,841,0
5.5607,12,16,2.56,0,0,1,34,1156,0
6.477,13,7,0.49,0,0,1,26,676,0
6.4135,14,5,0.25,0,0,1,25,625,0
6.5876,12,11,1.21,0,0,1,29,841,0
6.6425,13,13,1.69,0,0,1,32,1024,0
6.4297,12,9,0.81,0,0,0,27,729,0
6.5806,16,5,0.25,0,0,1,27,729,0
6.2461,18,2,0.04,0,0,1,26,676,0
5.9915,12,7,0.49,0,0,0,25,625,0
6.6946,14,7,0.49,0,1,1,27,729,0
6.1312,12,6,0.36,0,0,0,24,576,0
6.4646,17,9,0.81,0,0,0,32,1024,0
6.2519,12,10,1.0,0,0,0,28,784,0
6.3421,12,6,0.36,0,0,1,24,576,0
6.541,16,2,0.04,0,0,0,24,576,0
6.8855,12,13,1.69,0,0,1,31,961,0
6.658,12,14,1.96,0,0,0,32,1024,0
6.0936,14,7,0.49,0,0,1,27,729,0
6.5396,16,11,1.21,0,0,1,33,1089,0
6.0331,16,4,0.16,0,0,0,26,676,0
6.6503,11,13,1.69,0,0,1,30,900,0
5.9915,15,5,0.25,0,0,1,26,676,0
6.8024,12,9,0.81,0,0,1,27,729,0
6.5511,16,9,0.81,0,0,0,31,961,0
6.1841,16,2,0.04,0,0,0,24,576,0
6.7957,16,7,0.49,0,0,1,29,841,0
6.6201,18,5,0.25,0,0,1,29,841,0
6.9613,13,14,1.96,0,0,0,33,1089,0
6.8384,12,10,1.0,0,0,0,28,784,0
6.3421,12,8,0.64,0,0,0,26,676,0
6.8947,16,3,0.09,0,0,1,25,625,0
6.6451,16,2,0.04,0,0,1,24,576,0
6.4739,12,9,0.81,0,0,0,27,729,0
6.107,16,8,0.64,0,0,0,30,900,0
6.363,12,9,0.81,0,0,0,27,729,0
6.3099,8,19,3.61,0,0,0,33,1089,0
6.6846,12,11,1.21,0,0,1,29,841,0
5.0752,12,6,0.36,0,0,1,24,576,0
6.1356,17,5,0.25,0,0,1,28,784,0
6.0521,14,5,0.25,0,0,1,25,625,0
6.3969,8,18,3.24,0,0,1,32,1024,0
6.7639,17,3,0.09,0,0,1,26,676,0
6.5265,12,10,1.0,0,0,1,28,784,0
7.0166,12,9,0.81,0,0,1,27,729,0
7.0031,12,8,0.64,0,0,1,26,676,0
5.656,12,6,0.36,0,0,0,24,576,0
6.2403,14,8,0.64,0,0,1,28,784,0
6.477,13,7,0.49,0,0,1,26,676,0
6.946,12,13,1.69,0,0,1,31,961,0
6.5511,12,8,0.64,0,0,1,26,676,0
5.7526,18,7,0.49,0,0,1,31,961,1
5.7366,12,15,2.25,0,0,0,33,1089,1
5.8141,11,10,1.0,0,0,0,27,729,1
6.25,11,8,0.64,0,0,0,25,625,1
6.5639,16,6,0.36,0,0,1,28,784,1
6.4345,12,7,0.49,0,0,0,25,625,1
5.6971,13,9,0.81,0,0,0,28,784,1
6.4378,14,4,0.16,0,0,1,24,576,1
6.6451,16,7,0.49,0,0,1,29,841,1
6.1291,16,6,0.36,0,0,1,28,784,1
6.3099,12,13,1.69,0,0,0,31,961,1
6.1527,14,9,0.81,0,0,0,29,841,1
5.9814,12,15,2.25,0,0,0,33,1089,1
6.3869,14,5,0.25,0,0,0,25,625,1
6.946,16,6,0.36,0,0,0,28,784,1
5.9915,12,16,2.56,0,0,1,34,1156,1
6.5482,12,8,0.64,0,0,0,26,676,1
6.5695,16,4,0.16,0,1,0,26,676,1
6.3099,12,6,0.36,0,0,0,24,576,1
5.8081,14,7,0.49,0,0,0,27,729,1
6.9641,12,11,1.21,0,0,1,29,841,1
6.3801,11,13,1.69,0,0,1,30,900,1
6.4505,12,6,0.36,0,0,1,24,576,1
6.2146,10,10,1.0,0,0,1,26,676,1
6.6695,14,8,0.64,0,0,1,28,784,1
6.7238,18,7,0.49,0,0,1,31,961,1
6.2897,12,8,0.64,0,0,1,26,676,1
6.3578,18,4,0.16,0,0,1,28,784,1
6.6946,14,10,1.0,0,0,1,30,900,1
6.582,14,10,1.0,0,0,1,30,900,1
6.3969,12,8,0.64,0,1,1,26,676,1
6.1137,10,12,1.44,0,1,1,28,784,1
5.7038,7,14,1.96,0,1,1,27,729,1
5.9738,12,8,0.64,1,1,1,26,676,1
5.2983,12,8,0.64,1,1,1,26,676,1
6.6201,9,18,3.24,0,1,0,33,1089,1
6.5117,16,4,0.16,0,1,0,26,676,1
6.8967,14,10,1.0,0,1,1,30,900,1
6.7799,17,4,0.16,0,1,1,27,729,1
6.8079,13,7,0.49,0,1,0,26,676,1
5.5215,14,14,1.96,1,1,1,34,1156,1
6.2538,10,12,1.44,0,1,1,28,784,1
5.8749,12,9,0.81,0,1,1,27,729,1
5.6276,12,6,0.36,0,1,1,24,576,1
5.9915,12,7,0.49,1,1,1,25,625,1
5.6095,10,12,1.44,1,1,1,28,784,1
6.2146,11,14,1.96,0,1,1,31,961,1
6.4019,11,16,2.56,0,1,1,33,1089,1
5.9915,12,7,0.49,0,1,1,25,625,1
6.1633,12,10,1.0,1,1,1,28,784,1
7.0031,12,15,2.25,0,1,1,33,1089,1
5.8201,14,6,0.36,0,1,1,26,676,1
6.2879,11,10,1.0,0,1,1,27,729,1
6.0014,13,7,0.49,1,1,1,26,676,1
6.6294,16,5,0.25,0,1,1,27,729,1
6.3172,16,11,1.21,0,1,1,33,1089,1
6.3578,16,7,0.49,0,1,1,29,841,1
6.0684,15,5,0.25,0,1,1,26,676,1
6.3099,11,12,1.44,0,1,1,29,841,1
6.6809,16,2,0.04,0,1,1,24,576,1
6.1092,14,7,0.49,0,1,1,27,729,1
6.6933,13,10,1.0,0,1,1,29,841,1
6.3969,13,5,0.25,0,1,1,24,576,1
6.8384,13,15,2.25,0,1,1,34,1156,1
6.1759,11,16,2.56,0,1,0,33,1089,1
6.4345,12,11,1.21,0,1,1,29,841,1
5.793,10,11,1.21,1,1,1,27,729,1
6.3969,16,4,0.16,0,1,1,26,676,1
6.541,14,7,0.49,1,1,1,27,729,1
6.8276,15,12,1.44,0,1,1,33,1089,1
6.5806,12,10,1.0,0,1,1,28,784,1
6.2916,12,7,0.49,1,1,1,25,625,1
6.1291,13,8,0.64,1,1,1,27,729,1
6.1841,13,8,0.64,1,1,1,27,729,1
5.8579,12,7,0.49,1,1,1,25,625,1
5.2983,16,3,0.09,0,1,1,25,625,1
6.2538,10,14,1.96,1,1,1,30,900,1
5.5215,12,7,0.49,1,1,1,25,625,1
6.2226,11,11,1.21,1,0,1,28,784,1
5.8944,12,10,1.0,1,1,1,28,784,1
6.4831,11,16,2.56,1,1,1,33,1089,1
6.0521,12,14,1.96,1,1,1,32,1024,1
5.5013,12,13,1.69,1,1,1,31,961,1
5.5215,11,8,0.64,1,1,1,25,625,1
6.7788,13,13,1.69,0,0,1,32,1024,1
6.5323,12,8,0.64,1,1,1,26,676,1
5.9965,11,15,2.25,1,1,1,32,1024,1
6.0591,12,13,1.69,1,1,1,31,961,1
5.7838,13,5,0.25,0,1,1,24,576,1
6.5862,17,4,0.16,0,1,1,27,729,1
6.6593,12,7,0.49,0,1,1,25,625,1
5.5759,14,7,0.49,1,1,1,27,729,1
6.1092,12,14,1.96,1,1,1,32,1024,1
5.8464,14,7,0.49,1,1,1,27,729,1
5.8579,13,5,0.25,1,1,1,24,576,1
5.9915,13,5,0.25,1,1,1,24,576,1
6.8876,12,14,1.96,0,1,1,32,1024,1
5.9532,12,11,1.21,1,1,1,29,841,1
5.8406,17,5,0.25,1,0,1,28,784,1
6.3333,16,3,0.09,1,1,1,25,625,1
6.1377,7,16,2.56,0,1,1,29,841,1
6.3368,12,10,1.0,1,1,1,28,784,1
6.4583,12,9,0.81,1,1,1,27,729,1
6.1356,10,14,1.96,1,1,1,30,900,1
6.5073,13,8,0.64,1,1,1,27,729,1
6.0014,13,5,0.25,1,1,1,24,576,1
5.9216,17,2,0.04,1,1,1,25,625,1
5.4381,12,6,0.36,1,1,1,24,576,1
6.3244,12,14,1.96,1,1,1,32,1024,1
5.7038,8,15,2.25,1,1,1,29,841,1
6.8167,14,9,0.81,0,1,1,29,841,1
6.3244,18,3,0.09,0,1,1,27,729,1
6.271,13,14,1.96,0,1,1,33,1089,1
5.7991,15,5,0.25,0,1,1,26,676,1
5.9269,9,11,1.21,0,1,1,26,676,1
6.4216,13,5,0.25,0,1,1,24,576,1
6.5806,14,7,0.49,0,1,0,27,729,1
6.271,16,3,0.09,0,0,1,25,625,1
6.7558,12,16,2.56,1,1,1,34,1156,1
6.4754,14,7,0.49,1,1,1,27,729,1
5.4723,10,8,0.64,1,1,1,24,576,1
5.6168,12,16,2.56,1,1,1,34,1156,1
5.7838,14,6,0.36,1,1,1,26,676,1
5.8777,14,9,0.81,1,0,1,29,841,1
5.9532,12,12,1.44,1,1,1,30,900,1
5.8999,14,4,0.16,0,1,1,24,576,1
6.6846,8,19,3.61,0,1,1,33,1089,1
6.1779,12,16,2.56,0,1,1,34,1156,1
6.8617,17,6,0.36,0,1,1,29,841,1
6.1356,17,3,0.09,0,1,1,26,676,1
6.0331,16,6,0.36,0,1,0,28,784,1
5.6699,10,9,0.81,0,1,1,25,625,1
5.4806,12,6,0.36,0,1,1,24,576,1
6.7202,12,13,1.69,1,1,1,31,961,1
5.8889,12,14,1.96,0,1,1,32,1024,1
6.3936,16,6,0.36,0,1,0,28,784,1
6.6201,13,6,0.36,0,1,1,25,625,1
5.9532,16,3,0.09,1,1,1,25,625,1
6.4297,16,6,0.36,1,1,1,28,784,1
6.463,13,15,2.25,0,1,1,34,1156,1
6.1485,16,4,0.16,1,1,1,26,676,1
5.9532,13,5,0.25,1,1,1,24,576,1
6.1356,12,7,0.49,1,1,1,25,625,1
6.4536,12,9,0.81,0,1,1,27,729,1
5.9915,12,8,0.64,0,0,0,26,676,1
6.6333,13,8,0.64,0,1,1,27,729,1
6.3279,13,8,0.64,0,1,1,27,729,1
6.9078,12,16,2.56,0,1,1,34,1156,1
6.0521,11,11,1.21,0,1,1,28,784,1
6.0186,12,12,1.44,1,1,1,30,900,1
5.1874,11,8,0.64,0,1,1,25,625,1
5.9269,18,8,0.64,0,1,1,32,1024,1
7.1686,18,4,0.16,0,1,1,28,784,1
6.1654,15,9,0.81,1,0,1,30,900,1
6.6529,16,5,0.25,0,1,1,27,729,1
6.5709,12,9,0.81,0,1,1,27,729,1
6.0615,10,12,1.44,1,1,1,28,784,1
6.0753,13,5,0.25,1,1,1,24,576,1
6.7742,13,7,0.49,0,1,1,26,676,1
6.0497,14,13,1.69,1,1,1,33,1089,1
5.9269,12,7,0.49,1,1,1,25,625,1
6.1924,12,7,0.49,1,1,1,25,625,1
6.1356,15,3,0.09,1,1,1,24,576,1
5.8289,12,16,2.56,1,1,1,34,1156,1
6.3648,12,12,1.44,0,1,1,30,900,1
6.2442,12,9,0.81,0,1,1,27,729,1
6.9594,12,7,0.49,0,1,1,25,625,1
6.1633,12,12,1.44,1,1,1,30,900,1
7.3146,18,8,0.64,0,1,1,32,1024,1
6.869,15,12,1.44,0,0,1,33,1089,1
5.4381,15,9,0.81,1,1,1,30,900,1
6.6201,18,5,0.25,1,1,1,29,841,1
5.4161,15,5,0.25,1,1,1,26,676,1
5.8021,13,7,0.49,1,1,1,26,676,1
5.9839,11,9,0.81,1,1,1,26,676,1
6.6201,10,18,3.24,0,1,1,34,1156,1
6.1092,12,7,0.49,0,1,1,25,625,1
6.7627,13,6,0.36,1,1,1,25,625,1
6.2823,8,10,1.0,0,1,1,24,576,1
6.7405,16,5,0.25,0,0,1,27,729,1
6.632,16,4,0.16,0,0,1,26,676,1
6.3969,16,2,0.04,0,1,1,24,576,1
6.9373,12,16,2.56,0,1,1,34,1156,1
6.7754,14,12,1.44,0,1,1,32,1024,1
6.3421,12,14,1.96,0,1,1,32,1024,1
6.2785,16,3,0.09,0,1,1,25,625,1
6.1759,12,7,0.49,0,1,1,25,625,1
6.4036,12,10,1.0,1,1,1,28,784,1
6.4877,12,9,0.81,0,1,1,27,729,1
6.4378,12,13,1.69,0,1,1,31,961,1
5.6348,12,11,1.21,1,1,1,29,841,1
6.2146,10,12,1.44,0,1,1,28,784,1
6.2823,12,8,0.64,0,1,1,26,676,1
6.7069,10,10,1.0,0,1,1,26,676,1
6.4362,10,18,3.24,0,1,1,34,1156,1
6.4036,10,12,1.44,0,1,1,28,784,1
6.2246,12,13,1.69,0,0,1,31,961,1
6.6201,12,12,1.44,0,0,1,30,900,1
6.5806,12,14,1.96,0,0,1,32,1024,1
6.5132,18,8,0.64,0,0,1,32,1024,1
6.8167,16,11,1.21,0,1,1,33,1089,1
6.7788,17,7,0.49,1,1,1,30,900,1
6.0568,12,8,0.64,1,1,1,26,676,1
6.6746,8,10,1.0,1,1,1,24,576,1
5.79,14,9,0.81,1,1,1,29,841,1
5.7462,10,14,1.96,1,1,1,30,900,1
6.667,16,12,1.44,1,0,1,34,1156,1
5.8201,18,7,0.49,0,0,1,31,961,1
5.9532,10,14,1.96,1,1,1,30,900,1
6.271,16,5,0.25,1,1,1,27,729,1
6.0615,10,17,2.89,1,1,0,33,1089,1
6.8916,12,9,0.81,0,0,0,27,729,1
6.7056,12,16,2.56,0,1,1,34,1156,1
6.6134,14,12,1.44,1,1,1,32,1024,1
5.8435,10,8,0.64,1,1,1,24,576,1
6.3172,14,14,1.96,1,1,1,34,1156,1
5.5722,13,5,0.25,1,1,1,24,576,1
6.6134,18,8,0.64,1,1,1,32,1024,1
6.5117,17,6,0.36,1,1,1,29,841,1
6.5806,17,9,0.81,1,1,1,32,1024,1
6.0822,13,11,1.21,1,1,1,30,900,1
6.3008,12,8,0.64,1,1,1,26,676,0
5.5215,14,5,0.25,1,1,1,25,625,0
6.4362,14,7,0.49,1,1,1,27,729,0
5.9915,13,10,1.0,0,1,1,29,841,0
6.3578,16,7,0.49,0,1,1,29,841,0
6.7007,16,3,0.09,1,1,1,25,625,0
6.4378,12,16,2.56,1,1,1,34,1156,0
6.1841,14,6,0.36,1,1,1,26,676,0
6.7346,16,6,0.36,0,1,1,28,784,0
6.7627,16,5,0.25,0,1,1,27,729,0
5.7838,16,4,0.16,0,1,1,26,676,0
6.1675,14,6,0.36,1,1,1,26,676,0
5.5215,16,3,0.09,1,1,1,25,625,0
6.2146,12,6,0.36,0,1,1,24,576,0
6.2442,13,6,0.36,0,1,1,25,625,0
5.5452,18,4,0.16,0,1,1,28,784,0
6.5765,13,5,0.25,0,1,1,24,576,0
6.6796,18,6,0.36,0,0,1,30,900,0
6.6201,12,7,0.49,0,1,1,25,625,0
6.0379,12,6,0.36,1,1,1,24,576,0
6.0661,12,8,0.64,1,1,1,26,676,0
6.0521,12,7,0.49,1,0,1,25,625,0
5.3936,12,13,1.69,1,1,1,31,961,0
6.5294,13,10,1.0,1,1,1,29,841,0
6.2146,15,13,1.69,0,1,1,34,1156,0
6.3117,16,4,0.16,0,1,1,26,676,0
6.5511,11,8,0.64,0,1,1,25,625,0
6.561,12,14,1.96,0,1,1,32,1024,1
6.2596,17,5,0.25,0,1,1,28,784,1
6.0707,12,6,0.36,0,1,1,24,576,1
6.1356,14,5,0.25,0,1,1,25,625,1
5.9839,12,6,0.36,0,1,1,24,576,1
5.9915,15,5,0.25,0,1,1,26,676,1
6.7708,18,4,0.16,0,0,1,28,784,1
5.9349,12,8,0.64,0,1,1,26,676,1
5.8972,12,9,0.81,0,1,1,27,729,1
6.869,15,10,1.0,0,1,1,31,961,1
6.6859,15,9,0.81,0,1,1,30,900,1
5.9915,5,21,4.41,0,1,1,32,1024,1
6.2916,13,10,1.0,1,1,1,29,841,1
6.1092,10,14,1.96,0,1,1,30,900,1
6.0822,15,6,0.36,1,1,1,27,729,1
5.8861,12,8,0.64,1,1,1,26,676,1
6.271,12,9,0.81,0,1,1,27,729,1
6.5806,12,8,0.64,1,1,1,26,676,1
5.8435,2,23,5.29,0,1,1,31,961,1
6.9584,11,10,1.0,0,0,1,27,729,1
6.5876,16,6,0.36,0,1,1,28,784,1
6.2971,12,15,2.25,1,0,1,33,1089,1
7.0917,16,11,1.21,0,0,1,33,1089,1
5.9915,16,2,0.04,0,1,1,24,576,1
5.9269,9,17,2.89,1,1,1,32,1024,1
5.6384,11,13,1.69,1,1,1,30,900,1
4.8442,12,6,0.36,1,1,1,24,576,1
7.2392,12,14,1.96,1,0,1,32,1024,1
6.4754,12,12,1.44,0,1,0,30,900,1
6.0403,16,9,0.81,0,1,1,31,961,1
6.1203,16,5,0.25,0,1,1,27,729,1
6.4938,12,7,0.49,1,1,1,25,625,1
5.9402,12,6,0.36,0,1,0,24,576,1
5.7526,10,18,3.24,1,1,1,34,1156,1
6.1137,14,4,0.16,0,1,1,24,576,1
6.4378,12,10,1.0,0,1,1,28,784,1
6.3986,14,4,0.16,0,1,1,24,576,1
6.2126,13,8,0.64,0,1,1,27,729,1
6.541,8,17,2.89,0,1,1,31,961,0
6.2823,18,8,0.64,0,1,0,32,1024,1
6.142,7,13,1.69,0,0,1,26,676,1
5.9915,12,6,0.36,0,1,0,24,576,1
5.9081,18,3,0.09,0,1,0,27,729,1
6.5511,8,11,1.21,0,1,0,25,625,1
6.869,16,9,0.81,0,0,1,31,961,1
5.8999,6,12,1.44,0,1,0,24,576,1
6.1633,9,18,3.24,0,1,0,33,1089,1
5.2983,12,6,0.36,0,1,0,24,576,1
6.3969,9,9,0.81,1,0,1,24,576,1
6.2246,12,9,0.81,1,0,1,27,729,1
6.3578,16,9,0.81,1,1,1,31,961,1
6.1247,12,6,0.36,1,1,0,24,576,1
6.6201,12,16,2.56,0,1,1,34,1156,1
6.3578,11,15,2.25,0,1,0,32,1024,1
5.6664,15,3,0.09,0,1,1,24,576,1
5.4116,12,7,0.49,1,1,1,25,625,1
5.8944,10,8,0.64,1,1,1,24,576,1
5.4337,10,10,1.0,1,1,1,26,676,1
5.4553,9,11,1.21,1,1,1,26,676,1
6.142,14,4,0.16,1,1,1,24,576,1
7.6416,16,5,0.25,0,1,1,27,729,1
6.0568,15,10,1.0,1,1,1,31,961,1
6.5191,12,15,2.25,0,1,1,33,1089,1
5.7462,13,8,0.64,0,1,0,27,729,1
6.3986,18,4,0.16,0,1,1,28,784,1
6.2146,10,17,2.89,0,1,1,33,1089,1
5.9269,12,10,1.0,0,1,1,28,784,1
6.3099,12,16,2.56,1,1,1,34,1156,1
6.5539,17,5,0.25,1,0,1,28,784,1
6.4378,16,11,1.21,1,1,1,33,1089,1
6.0474,14,14,1.96,1,1,1,34,1156,1
5.8721,11,11,1.21,1,1,1,28,784,1
6.2519,12,8,0.64,0,1,1,26,676,1
5.8833,14,4,0.16,0,1,1,24,576,1
5.8551,11,10,1.0,1,1,1,27,729,1
5.6802,12,13,1.69,1,1,1,31,961,1
6.0936,18,4,0.16,1,1,1,28,784,1
5.5984,6,22,4.84,1,1,1,34,1156,1
5.9532,14,8,0.64,0,1,1,28,784,1
6.0822,12,9,0.81,0,1,1,27,729,1
6.0331,11,13,1.69,0,1,1,30,900,1
6.1759,11,14,1.96,0,1,1,31,961,1
6.3902,16,8,0.64,0,1,1,30,900,1
6.3969,12,10,1.0,1,1,1,28,784,1
5.5215,14,7,0.49,1,1,1,27,729,1
6.2748,12,13,1.69,1,1,1,31,961,1
6.3818,12,8,0.64,1,1,1,26,676,1
6.2206,12,15,2.25,1,0,1,33,1089,1
6.1633,11,8,0.64,1,0,1,25,625,1
7.2255,16,9,0.81,0,1,1,31,961,1
5.7838,17,1,0.01,0,0,1,24,576,1
6.3578,14,5,0.25,0,1,1,25,625,1
6.5539,12,7,0.49,0,0,1,25,625,1
6.0958,16,3,0.09,0,1,1,25,625,1
6.3279,13,8,0.64,1,1,1,27,729,1
6.869,13,13,1.69,0,1,1,32,1024,1
5.7366,12,8,0.64,0,1,1,26,676,1
7.146,17,10,1.0,0,1,1,33,1089,1
6.2146,16,6,0.36,0,0,1,28,784,1
6.3682,16,8,0.64,0,0,1,30,900,1
4.7185,17,2,0.04,0,0,1,25,625,1
6.5117,14,13,1.69,0,0,1,33,1089,1
7.5616,17,6,0.36,0,1,1,29,841,1
5.9915,14,4,0.16,1,1,1,24,576,1
6.1312,12,7,0.49,1,1,1,25,625,1
5.5013,12,12,1.44,1,1,1,30,900,1
5.7526,16,5,0.25,1,1,1,27,729,1
6.463,14,6,0.36,0,1,1,26,676,1
6.6201,12,7,0.49,0,1,1,25,625,1
5.7301,17,2,0.04,0,0,1,25,625,1
5.8579,17,6,0.36,0,0,1,29,841,1
6.1356,18,3,0.09,0,0,1,27,729,1
7.051,15,13,1.69,0,0,1,34,1156,1
7.4662,16,12,1.44,0,1,1,34,1156,1
6.6451,17,10,1.0,0,0,1,33,1089,1
6.593,15,8,0.64,0,0,1,29,841,1
6.6012,18,6,0.36,0,1,0,30,900,1
6.2146,16,3,0.09,0,1,0,25,625,1
5.8999,16,2,0.04,0,1,0,24,576,1
5.8081,13,5,0.25,0,1,1,24,576,1
6.5806,12,15,2.25,0,1,0,33,1089,1
5.9269,12,9,0.81,0,1,0,27,729,1
5.5215,12,8,0.64,0,1,0,26,676,1
5.8889,17,7,0.49,0,1,0,30,900,1
5.6454,7,19,3.61,0,1,0,32,1024,0
6.0283,12,16,2.56,0,1,0,34,1156,0
6.2577,16,5,0.25,0,1,0,27,729,0
6.5596,12,15,2.25,0,1,0,33,1089,0
6.0137,16,4,0.16,0,1,0,26,676,0
6.0307,12,6,0.36,0,1,0,24,576,0
6.667,12,12,1.44,0,0,1,30,900,0
6.3578,16,5,0.25,0,1,0,27,729,0
6.1696,16,2,0.04,0,1,0,24,576,0
6.4378,17,4,0.16,0,1,1,27,729,0
6.2246,17,1,0.01,0,1,0,24,576,0
5.6595,12,14,1.96,0,1,0,32,1024,0
6.2146,12,6,0.36,0,1,1,24,576,0
6.2146,8,13,1.69,0,1,1,27,729,0
5.8579,12,9,0.81,0,1,0,27,729,0
6.1356,13,5,0.25,0,1,0,24,576,0
6.3063,13,11,1.21,1,1,0,30,900,0
5.5413,12,10,1.0,1,1,0,28,784,0
6.2615,13,5,0.25,1,1,1,24,576,0
5.6768,12,15,2.25,1,1,0,33,1089,0
5.9269,14,8,0.64,0,1,1,28,784,0
6.271,18,8,0.64,0,1,1,32,1024,0
6.8123,16,3,0.09,0,1,0,25,625,0
5.8665,9,13,1.69,0,1,1,28,784,0
7.0519,14,8,0.64,0,1,1,28,784,0
5.5215,8,20,4.0,0,1,1,34,1156,0
6.6606,13,9,0.81,0,1,1,28,784,0
6.0307,13,12,1.44,0,1,1,31,961,0
5.8972,13,10,1.0,1,1,0,29,841,1
5.9269,13,8,0.64,1,1,1,27,729,1
5.9269,15,3,0.09,1,1,0,24,576,1
5.8805,16,6,0.36,1,1,0,28,784,1
5.7038,7,18,3.24,1,1,0,31,961,1
6.2691,14,5,0.25,0,1,0,25,625,1
5.7004,12,16,2.56,0,1,0,34,1156,1
6.1092,8,18,3.24,1,1,0,32,1024,1
6.2916,14,5,0.25,1,1,0,25,625,1
6.2691,8,15,2.25,0,1,0,29,841,1
6.6451,12,12,1.44,0,1,0,30,900,1
5.2883,12,8,0.64,1,0,1,26,676,1
5.9915,12,6,0.36,1,0,1,24,576,1
6.6241,12,10,1.0,1,0,1,28,784,1
6.0981,12,6,0.36,1,0,1,24,576,1
5.4806,9,15,2.25,1,1,0,30,900,1
5.118,3,16,2.56,1,1,0,25,625,1
6.0981,12,6,0.36,0,1,1,24,576,1
5.5215,10,10,1.0,1,1,0,26,676,1
6.1633,12,8,0.64,0,1,0,26,676,1
5.9915,16,6,0.36,0,1,0,28,784,1
5.9865,18,0,0.0,0,1,0,24,576,1
5.8579,12,7,0.49,1,0,1,25,625,1
6.2596,12,15,2.25,1,1,0,33,1089,1
5.5984,10,15,2.25,1,1,0,31,961,1
5.7366,9,15,2.25,1,1,0,30,900,1
5.7038,6,19,3.61,1,1,0,31,961,1
5.7838,12,10,1.0,1,1,0,28,784,1
6.8024,12,6,0.36,0,1,1,24,576,1
6.6201,13,7,0.49,0,1,1,26,676,0
5.6525,8,12,1.44,1,1,1,26,676,0
5.6276,12,6,0.36,0,1,1,24,576,0
6.2146,13,10,1.0,1,1,1,29,841,0
6.5511,8,16,2.56,0,1,1,30,900,0
5.7038,9,11,1.21,0,1,1,26,676,0
5.9713,8,20,4.0,0,1,1,34,1156,0
6.2364,12,16,2.56,0,1,1,34,1156,0
6.4362,16,9,0.81,0,1,1,31,961,0
5.4972,12,9,0.81,1,1,1,27,729,0
5.8944,12,9,0.81,0,1,1,27,729,0
6.4069,16,5,0.25,0,1,1,27,729,0
6.6333,12,7,0.49,0,1,1,25,625,0
5.9532,14,11,1.21,0,1,1,31,961,0
6.2046,12,14,1.96,1,1,1,32,1024,0
6.719,16,5,0.25,0,1,1,27,729,0
6.0014,12,7,0.49,0,1,1,25,625,0
5.5872,15,6,0.36,0,1,0,27,729,0
6.0868,12,16,2.56,0,1,0,34,1156,0
5.9269,14,8,0.64,0,1,0,28,784,0
5.7071,10,8,0.64,0,1,0,24,576,0
6.4892,12,16,2.56,0,1,0,34,1156,0
6.2422,15,3,0.09,1,0,1,24,576,0
5.7038,12,8,0.64,1,1,0,26,676,0
5.4381,12,8,0.64,1,1,0,26,676,0
5.5607,10,15,2.25,1,1,0,31,961,0
5.7203,12,6,0.36,1,1,0,24,576,0
6.0638,8,17,2.89,1,1,0,31,961,0
5.5607,8,10,1.0,1,1,0,24,576,0
6.3578,16,2,0.04,0,1,1,24,576,0
6.0521,11,12,1.44,1,1,0,29,841,0
5.7526,12,7,0.49,1,1,0,25,625,0
5.9269,13,10,1.0,0,1,0,29,841,0
6.2146,9,18,3.24,1,1,0,33,1089,0
6.2146,12,7,0.49,0,1,1,25,625,0
5.8579,12,14,1.96,1,1,1,32,1024,0
6.2634,10,13,1.69,1,1,1,29,841,0
6.2146,17,3,0.09,0,1,0,26,676,0
5.9532,16,3,0.09,0,1,1,25,625,0
4.6052,9,10,1.0,1,1,1,25,625,1
5.7038,15,5,0.25,1,1,1,26,676,1
5.2364,12,6,0.36,1,1,1,24,576,1
5.8721,8,19,3.61,1,1,1,33,1089,1
5.5872,12,7,0.49,1,1,1,25,625,1
5.5872,12,10,1.0,1,1,1,28,784,1
6.3733,12,16,2.56,0,1,1,34,1156,1
5.9269,12,6,0.36,1,1,0,24,576,1
5.8464,12,13,1.69,1,1,0,31,961,1
6.3008,16,6,0.36,0,1,1,28,784,1
6.3315,14,5,0.25,0,1,1,25,625,1
6.3578,12,8,0.64,0,0,1,26,676,1
6.7912,15,5,0.25,0,0,1,26,676,1
6.4378,13,7,0.49,0,1,0,26,676,1
6.0307,13,7,0.49,0,1,0,26,676,1
6.5265,6,19,3.61,0,1,0,31,961,1
6.4378,11,13,1.69,1,1,1,30,900,0
5.7366,9,12,1.44,1,1,1,27,729,0
6.4983,12,10,1.0,1,1,1,28,784,0
5.656,11,15,2.25,0,1,1,32,1024,0
6.3969,12,8,0.64,1,1,1,26,676,0
6.6093,16,7,0.49,1,0,1,29,841,0
5.4161,11,10,1.0,1,1,1,27,729,0
6.4345,12,16,2.56,0,1,1,34,1156,0
6.4019,12,6,0.36,0,1,1,24,576,0
6.3099,12,11,1.21,0,1,1,29,841,0
6.6859,16,5,0.25,0,1,0,27,729,0
5.7991,14,10,1.0,0,1,1,30,900,1
6.528,16,12,1.44,0,1,1,34,1156,1
6.9078,15,8,0.64,0,0,1,29,841,1
6.9948,16,8,0.64,0,1,1,30,900,1
6.1654,13,5,0.25,1,1,1,24,576,1
6.2146,12,6,0.36,1,1,1,24,576,1
6.8565,14,5,0.25,1,1,1,25,625,1
7.0405,18,6,0.36,1,1,1,30,900,1
6.1092,12,14,1.96,1,1,1,32,1024,1
6.1048,12,7,0.49,0,1,1,25,625,1
5.8889,16,5,0.25,0,1,1,27,729,1
6.2823,13,5,0.25,0,1,1,24,576,1
6.4232,17,2,0.04,0,1,1,25,625,1
6.1944,14,4,0.16,0,1,1,24,576,1
6.0283,12,8,0.64,0,1,1,26,676,1
5.5215,13,5,0.25,1,1,1,24,576,0
6.2146,13,9,0.81,0,1,0,28,784,0
7.0519,18,4,0.16,0,1,1,28,784,0
6.2634,12,14,1.96,0,1,0,32,1024,0
5.7038,11,7,0.49,0,1,1,24,576,0
5.7301,9,11,1.21,0,1,0,26,676,0
6.4378,8,15,2.25,0,1,0,29,841,0
5.8579,13,5,0.25,0,1,1,24,576,0
6.5117,16,8,0.64,0,1,0,30,900,0
6.3244,13,9,0.81,0,1,0,28,784,0
5.8608,12,10,1.0,1,1,0,28,784,0
6.5834,12,10,1.0,1,0,1,28,784,0
6.3439,15,6,0.36,1,1,0,27,729,0
5.4806,11,8,0.64,1,1,1,25,625,0
6.1092,8,18,3.24,0,1,0,32,1024,0
5.823,11,16,2.56,1,1,0,33,1089,0
5.663,10,13,1.69,1,1,0,29,841,0
6.0234,17,1,0.01,0,1,0,24,576,1
6.7429,12,11,1.21,0,1,0,29,841,1
6.7731,16,10,1.0,0,1,0,32,1024,1
5.687,11,12,1.44,1,1,0,29,841,1
5.7038,8,12,1.44,1,1,0,26,676,1
5.6664,16,4,0.16,1,1,1,26,676,1
5.6971,9,14,1.96,1,1,0,29,841,1
5.8889,5,21,4.41,1,1,0,32,1024,1
7.0003,12,12,1.44,1,0,1,30,900,1
6.142,16,11,1.21,1,0,1,33,1089,1
5.5797,14,7,0.49,1,1,0,27,729,1
6.7322,16,8,0.64,0,1,1,30,900,1
6.3578,16,9,0.81,0,1,0,31,961,1
5.4161,10,11,1.21,1,1,0,27,729,1
5.4596,12,7,0.49,1,1,0,25,625,1
5.5215,12,8,0.64,1,1,1,26,676,1
5.2781,12,10,1.0,0,1,0,28,784,1
6.1633,12,14,1.96,1,1,0,32,1024,1
6.2146,11,9,0.81,0,1,0,26,676,1
5.8111,8,15,2.25,1,1,0,29,841,1
6.1181,10,11,1.21,1,1,0,27,729,1
6.8512,16,3,0.09,0,1,1,25,625,1
5.6733,13,5,0.25,0,1,0,24,576,1
6.2538,16,5,0.25,0,1,0,27,729,1
6.1612,15,7,0.49,0,1,0,28,784,1
5.6904,8,18,3.24,0,1,0,32,1024,1
6.0403,12,15,2.25,0,1,1,33,1089,1
6.2519,12,8,0.64,0,1,0,26,676,1
5.7557,12,14,1.96,0,1,0,32,1024,1
5.9269,12,10,1.0,0,1,0,28,784,1
6.3099,13,6,0.36,1,1,0,25,625,1
6.8501,8,19,3.61,0,1,0,33,1089,1
6.1633,16,5,0.25,0,1,1,27,729,1
5.9738,16,5,0.25,0,1,1,27,729,1
6.6201,11,7,0.49,0,1,1,24,576,1
6.1985,13,9,0.81,0,1,1,28,784,1
6.2146,12,10,1.0,1,1,1,28,784,1
5.591,11,7,0.49,1,1,1,24,576,1
6.1633,12,15,2.25,1,1,1,33,1089,1
5.8999,12,13,1.69,1,1,1,31,961,1
5.6384,11,9,0.81,1,1,1,26,676,1
5.5215,14,4,0.16,1,1,1,24,576,1
5.5722,12,15,2.25,1,1,1,33,1089,1
6.9197,18,5,0.25,0,0,1,29,841,1
6.725,17,5,0.25,0,1,1,28,784,1
5.7462,16,2,0.04,0,0,1,24,576,1
6.869,14,12,1.44,0,1,1,32,1024,1
5.8464,9,14,1.96,1,1,1,29,841,1
5.7038,11,8,0.64,1,1,1,25,625,1
5.9269,11,15,2.25,1,1,1,32,1024,1
6.2146,14,4,0.16,0,1,1,24,576,1
5.8464,12,7,0.49,0,1,1,25,625,1
5.7652,9,19,3.61,1,1,1,34,1156,1
5.9915,11,9,0.81,1,1,1,26,676,1
6.3063,13,8,0.64,1,1,1,27,729,1
5.4381,7,12,1.44,1,1,1,25,625,1
6.0355,12,8,0.64,0,1,0,26,676,1
6.2672,13,10,1.0,0,1,1,29,841,1
6.7627,10,17,2.89,0,1,1,33,1089,1
6.2519,13,15,2.25,0,1,1,34,1156,1
5.8141,11,12,1.44,0,1,1,29,841,1
6.7627,13,14,1.96,0,1,1,33,1089,1
6.2538,8,13,1.69,0,1,0,27,729,1
6.7511,17,4,0.16,0,1,1,27,729,1
5.7557,12,6,0.36,0,1,0,24,576,1
6.7226,18,9,0.81,0,1,1,33,1089,1
6.7742,16,9,0.81,0,1,1,31,961,1
7.2255,14,13,1.69,0,1,1,33,1089,1
6.1115,16,12,1.44,0,1,1,34,1156,1
6.528,18,10,1.0,0,1,0,34,1156,1
6.0753,13,9,0.81,0,1,1,28,784,1
6.8167,13,13,1.69,0,1,1,32,1024,1
6.7511,13,14,1.96,0,1,0,33,1089,1
6.3969,10,18,3.24,0,1,1,34,1156,1
5.5452,12,10,1.0,1,1,1,28,784,1
5.9269,12,11,1.21,1,1,1,29,841,1
6.089,16,5,0.25,1,1,1,27,729,1
6.0039,13,6,0.36,1,1,1,25,625,1
6.0162,12,14,1.96,1,1,1,32,1024,1
5.7038,15,6,0.36,0,1,1,27,729,1
6.541,16,4,0.16,0,1,1,26,676,1
6.9197,18,6,0.36,0,0,1,30,900,1
6.1137,15,5,0.25,1,1,1,26,676,0
5.961,12,10,1.0,0,1,1,28,784,0
6.1985,18,3,0.09,0,1,0,27,729,0
5.7462,5,20,4.0,0,1,0,31,961,0
6.3578,14,6,0.36,0,1,1,26,676,1
5.9269,12,6,0.36,0,1,1,24,576,1
6.4846,12,15,2.25,0,0,1,33,1089,1
6.5639,16,4,0.16,0,1,1,26,676,1
6.2364,14,6,0.36,1,1,1,26,676,1
6.4378,12,16,2.56,0,1,1,34,1156,1
6.1312,14,5,0.25,0,1,1,25,625,1
6.4378,14,13,1.69,0,1,1,33,1089,1
6.3544,12,10,1.0,1,1,1,28,784,1
6.2146,12,7,0.49,1,1,1,25,625,1
6.0259,13,8,0.64,1,0,1,27,729,1
6.1549,13,7,0.49,1,0,1,26,676,1
6.2538,12,11,1.21,1,1,1,29,841,1
6.6201,13,8,0.64,1,0,1,27,729,1
6.1944,12,7,0.49,1,1,1,25,625,1
6.0521,18,7,0.49,1,0,1,31,961,1
6.2823,12,14,1.96,1,1,1,32,1024,1
6.6134,13,7,0.49,0,1,1,26,676,0
5.9915,12,6,0.36,0,1,1,24,576,0
5.7683,12,10,1.0,0,1,1,28,784,0
6.4069,17,6,0.36,0,1,1,29,841,0
6.3333,11,7,0.49,0,1,1,24,576,0
5.7838,12,9,0.81,1,1,1,27,729,0
6.7105,13,10,1.0,0,1,1,29,841,0
6.697,12,14,1.96,0,1,1,32,1024,0
5.9243,12,8,0.64,0,1,1,26,676,0
5.7038,12,14,1.96,0,1,1,32,1024,0
6.4281,12,11,1.21,0,1,1,29,841,1
6.463,18,8,0.64,0,1,0,32,1024,1
6.3716,12,13,1.69,0,1,1,31,961,1
6.375,12,12,1.44,0,1,1,30,900,1
6.2785,12,6,0.36,1,1,1,24,576,1
5.7838,12,12,1.44,1,1,1,30,900,1
6.4846,13,7,0.49,1,1,1,26,676,1
6.4249,13,6,0.36,1,1,1,25,625,1
6.4003,12,6,0.36,1,1,1,24,576,1
6.3099,16,4,0.16,1,1,1,26,676,1
6.5309,16,3,0.09,1,1,1,25,625,1
6.4378,10,14,1.96,1,1,1,30,900,1
6.0868,11,14,1.96,1,1,1,31,961,1
5.0304,6,21,4.41,1,1,1,33,1089,1
6.3886,10,11,1.21,1,1,1,27,729,1
6.1356,11,10,1.0,1,1,1,27,729,1
5.7038,11,9,0.81,1,1,1,26,676,1
6.2146,10,15,2.25,1,1,1,31,961,1
6.0014,10,13,1.69,1,1,1,29,841,1
5.6168,10,16,2.56,1,1,1,32,1024,1
5.9915,8,18,3.24,1,1,0,32,1024,1
6.3969,18,4,0.16,0,1,0,28,784,1
6.3578,13,8,0.64,0,1,0,27,729,1
5.9269,12,9,0.81,0,1,0,27,729,1
5.717,12,8,0.64,0,1,0,26,676,1
5.6419,12,10,1.0,1,1,0,28,784,1
5.6168,14,8,0.64,1,1,0,28,784,1
6.4536,12,7,0.49,0,1,0,25,625,1
6.5667,18,1,0.01,1,0,1,25,625,1
6.8659,13,9,0.81,1,0,1,28,784,1
6.463,16,7,0.49,1,1,0,29,841,1
6.0958,13,5,0.25,0,1,0,24,576,1
5.4596,9,19,3.61,1,1,1,34,1156,1
6.1633,15,4,0.16,1,1,1,25,625,1
5.5294,12,8,0.64,1,1,0,26,676,1
6.4536,14,7,0.49,0,1,1,27,729,1
5.9661,13,7,0.49,1,1,0,26,676,1
6.0234,9,18,3.24,1,1,0,33,1089,1
5.9915,11,12,1.44,1,0,1,29,841,1
5.663,8,11,1.21,1,1,0,25,625,1
5.8861,12,7,0.49,1,1,1,25,625,1
6.5117,12,14,1.96,0,1,0,32,1024,1
5.9738,10,18,3.24,1,1,1,34,1156,0
6.3578,16,4,0.16,1,1,1,26,676,0
5.2364,11,9,0.81,1,1,1,26,676,0
5.6525,5,16,2.56,1,1,1,27,729,0
5.9269,9,19,3.61,1,1,1,34,1156,0
6.6464,17,7,0.49,0,1,1,30,900,0
6.3244,17,3,0.09,0,0,1,26,676,0
7.4748,18,4,0.16,0,0,1,28,784,0
6.5439,12,16,2.56,0,1,1,34,1156,0
6.1924,10,8,0.64,0,0,0,24,576,0
6.2324,12,6,0.36,0,1,1,24,576,0
6.7069,12,15,2.25,0,1,0,33,1089,0
5.6168,7,17,2.89,0,1,0,30,900,0
6.3969,12,12,1.44,0,1,0,30,900,0
6.3578,13,6,0.36,0,1,1,25,625,1
5.4381,14,4,0.16,0,1,1,24,576,1
6.2285,11,9,0.81,0,0,1,26,676,1
6.4069,12,8,0.64,0,1,1,26,676,1
6.7007,12,6,0.36,0,1,1,24,576,1
5.6525,10,9,0.81,0,1,1,25,625,1
6.9735,16,9,0.81,0,1,1,31,961,1
7.3994,14,12,1.44,0,1,1,32,1024,1
6.7569,16,8,0.64,0,1,0,30,900,1
6.628,14,6,0.36,0,1,1,26,676,1
6.6201,15,4,0.16,0,1,1,25,625,1
6.0822,12,14,1.96,0,1,1,32,1024,1
7.0085,12,15,2.25,0,1,1,33,1089,1
5.6733,17,7,0.49,1,1,1,30,900,1
5.8051,12,8,0.64,1,0,1,26,676,1
6.0331,13,7,0.49,0,1,0,26,676,1
6.4378,13,11,1.21,0,1,1,30,900,1
6.1356,12,9,0.81,0,1,0,27,729,1
5.5215,8,20,4.0,0,1,0,34,1156,1
6.2538,18,6,0.36,0,0,0,30,900,1
5.0106,14,8,0.64,0,1,1,28,784,1
5.9915,14,5,0.25,0,0,1,25,625,1
5.9532,18,5,0.25,0,0,0,29,841,1
6.3578,15,13,1.69,0,0,1,34,1156,1
6.2879,18,10,1.0,0,0,1,34,1156,1
6.6859,17,5,0.25,0,0,1,28,784,1
6.2146,17,1,0.01,0,0,1,24,576,1
6.7957,13,10,1.0,0,0,1,29,841,1
6.4378,14,7,0.49,0,0,1,27,729,1
5.7777,14,8,0.64,0,0,0,28,784,1
6.3578,12,14,1.96,0,0,1,32,1024,1
6.0568,12,7,0.49,0,0,1,25,625,1
5.4848,10,15,2.25,0,0,1,31,961,1
6.6307,17,5,0.25,0,0,1,28,784,1
7.5903,16,10,1.0,0,0,1,32,1024,1
6.5439,12,14,1.96,0,0,1,32,1024,1
6.1964,16,4,0.16,0,0,1,26,676,1
6.3368,16,2,0.04,0,0,1,24,576,1
5.8289,10,14,1.96,0,0,1,30,900,1
5.6971,13,8,0.64,0,0,1,27,729,1
5.7301,13,6,0.36,0,0,1,25,625,1
7.0003,13,5,0.25,0,0,1,24,576,1
6.0234,11,7,0.49,0,0,1,24,576,1
6.4069,12,15,2.25,0,0,1,33,1089,1
6.2146,12,7,0.49,0,0,1,25,625,1
6.3784,15,4,0.16,0,0,1,25,625,1
6.4378,13,9,0.81,0,0,1,28,784,1
5.9661,10,9,0.81,0,0,1,25,625,1
6.0936,14,11,1.21,0,0,1,31,961,1
6.561,13,7,0.49,0,0,1,26,676,1
6.6567,16,5,0.25,0,0,1,27,729,1
6.2344,12,10,1.0,1,0,1,28,784,1
6.0913,17,2,0.04,0,0,1,25,625,1
5.9915,13,7,0.49,0,0,1,26,676,1
7.1507,18,4,0.16,0,0,1,28,784,1
6.0039,12,8,0.64,1,0,1,26,676,1
6.5117,12,10,1.0,1,0,1,28,784,1
5.6348,10,11,1.21,1,0,1,27,729,1
5.8579,10,8,0.64,1,0,1,24,576,1
7.6024,18,6,0.36,0,0,1,30,900,1
6.6451,16,4,0.16,0,0,1,26,676,1
6.7639,16,7,0.49,0,0,1,29,841,1
6.7799,15,11,1.21,0,0,1,32,1024,1
6.3099,12,8,0.64,0,0,1,26,676,1
6.4135,14,8,0.64,0,0,1,28,784,1
6.3578,13,6,0.36,0,0,1,25,625,1
4.9972,12,7,0.49,1,0,1,25,625,1
6.7142,16,7,0.49,0,0,1,29,841,1
6.5511,14,6,0.36,0,0,1,26,676,1
6.6201,18,3,0.09,0,0,1,27,729,1
6.5511,17,11,1.21,0,0,0,34,1156,1
6.5396,18,8,0.64,0,0,1,32,1024,1
5.7301,11,10,1.0,1,0,1,27,729,1
6.7627,17,8,0.64,0,0,0,31,961,1
6.541,14,4,0.16,1,0,1,24,576,1
6.6846,11,7,0.49,1,0,1,24,576,1
6.5117,14,12,1.44,1,0,1,32,1024,1
6.2442,14,5,0.25,0,1,1,25,625,1
6.5681,16,9,0.81,0,0,1,31,961,1
6.7393,13,6,0.36,0,0,1,25,625,1
6.7856,14,5,0.25,0,0,1,25,625,1
6.541,14,7,0.49,0,0,1,27,729,1
6.7464,12,16,2.56,0,0,1,34,1156,1
6.6039,12,11,1.21,0,0,1,29,841,1
6.1759,14,5,0.25,0,0,1,25,625,1
6.6783,16,8,0.64,0,0,1,30,900,1
6.3613,13,13,1.69,0,0,0,32,1024,1
6.7673,12,16,2.56,0,0,1,34,1156,1
6.3578,16,5,0.25,0,0,1,27,729,1
7.2335,17,10,1.0,0,0,1,33,1089,1
7.3796,14,11,1.21,0,0,1,31,961,1
6.5147,12,12,1.44,1,0,1,30,900,1
6.1356,18,8,0.64,0,0,1,32,1024,1
6.4968,12,11,1.21,0,0,1,29,841,1
6.7393,12,6,0.36,0,0,1,24,576,1
6.4877,12,15,2.25,0,0,0,33,1089,1
7.0901,15,6,0.36,0,0,1,27,729,1
6.6464,13,14,1.96,0,0,1,33,1089,1
5.5215,12,9,0.81,1,0,1,27,729,1
5.8377,12,6,0.36,0,0,1,24,576,1
7.6568,12,16,2.56,0,0,1,34,1156,1
6.9363,18,3,0.09,0,0,1,27,729,1
6.5695,12,7,0.49,0,0,1,25,625,1
6.3886,10,12,1.44,0,0,1,28,784,1
6.725,15,11,1.21,0,1,1,32,1024,1
5.9915,15,7,0.49,0,0,1,28,784,1
6.5806,14,11,1.21,1,0,1,31,961,1
5.118,12,13,1.69,1,0,1,31,961,1
6.1463,14,7,0.49,0,0,1,27,729,1
6.4661,18,3,0.09,0,0,1,27,729,1
6.3969,13,15,2.25,0,0,1,34,1156,1
5.9915,12,6,0.36,0,0,1,24,576,1
6.9078,13,5,0.25,0,0,1,24,576,1
6.5013,14,8,0.64,0,0,1,28,784,1
6.3154,16,2,0.04,0,0,1,24,576,1
6.6657,14,8,0.64,0,0,1,28,784,1
6.5028,15,7,0.49,0,0,1,28,784,1
5.7038,10,9,0.81,0,0,1,25,625,1
6.5468,16,8,0.64,0,0,1,30,900,1
6.0822,14,13,1.69,0,0,0,33,1089,1
6.5294,13,6,0.36,0,0,1,25,625,1
6.0259,14,6,0.36,0,0,1,26,676,1
6.6214,12,7,0.49,0,0,1,25,625,1
5.4424,13,7,0.49,0,0,1,26,676,1
6.2246,16,7,0.49,0,0,1,29,841,1
6.3969,16,8,0.64,0,0,0,30,900,1
7.177,18,9,0.81,0,0,1,33,1089,1
6.9641,18,8,0.64,0,0,1,32,1024,1
6.4409,15,11,1.21,0,0,1,32,1024,1
6.9565,16,11,1.21,0,0,1,33,1089,1
6.8906,18,8,0.64,0,0,0,32,1024,1
7.1562,18,10,1.0,0,0,1,34,1156,1
6.7069,12,8,0.64,0,0,1,26,676,1
6.2146,17,1,0.01,0,0,1,24,576,1
6.5793,12,14,1.96,0,0,1,32,1024,1
6.2879,12,11,1.21,0,0,1,29,841,1
6.8437,17,11,1.21,0,0,0,34,1156,1
5.7038,11,8,0.64,0,0,1,25,625,1
6.6606,11,15,2.25,0,0,0,32,1024,1
6.477,8,20,4.0,0,0,0,34,1156,1
6.9037,18,5,0.25,0,0,1,29,841,1
6.3665,17,5,0.25,0,0,1,28,784,1
5.4424,16,4,0.16,0,0,1,26,676,1
6.2897,16,3,0.09,0,0,0,25,625,1
6.4425,15,13,1.69,1,0,1,34,1156,1
6.5132,12,10,1.0,1,0,1,28,784,1
5.4424,16,5,0.25,0,0,1,27,729,1
6.5737,18,5,0.25,0,0,1,29,841,1
5.656,13,5,0.25,0,0,1,24,576,1
6.2146,15,5,0.25,0,0,1,26,676,1
5.743,16,5,0.25,0,0,1,27,729,1
5.2983,11,8,0.64,0,0,1,25,625,1
7.0085,16,11,1.21,0,0,1,33,1089,1
6.3682,12,11,1.21,0,0,1,29,841,1
6.0014,16,8,0.64,0,0,1,30,900,1
6.4265,13,6,0.36,0,0,1,25,625,1
5.624,16,5,0.25,0,0,1,27,729,1
6.869,17,2,0.04,0,1,1,25,625,1
6.5396,15,9,0.81,0,0,1,30,900,1
6.3333,12,10,1.0,0,0,1,28,784,1
7.1974,8,19,3.61,0,0,1,33,1089,1
6.5117,14,11,1.21,0,0,1,31,961,1
6.7523,16,10,1.0,0,0,0,32,1024,1
5.5607,16,10,1.0,0,0,1,32,1024,1
6.3544,15,7,0.49,0,0,1,28,784,1
6.4394,13,5,0.25,0,0,1,24,576,1
7.2745,12,14,1.96,0,0,1,32,1024,1
5.8171,14,8,0.64,0,0,0,28,784,1
6.3578,12,9,0.81,0,0,1,27,729,1
6.1738,13,5,0.25,0,0,1,24,576,1
5.5215,15,7,0.49,0,0,1,28,784,1
6.1717,11,7,0.49,0,0,1,24,576,1
6.9451,15,13,1.69,0,0,1,34,1156,1
6.9939,18,9,0.81,0,0,1,33,1089,1
6.1356,18,2,0.04,0,0,1,26,676,1
6.4378,12,14,1.96,0,0,0,32,1024,1
6.7056,16,3,0.09,0,0,1,25,625,1
5.8889,14,8,0.64,0,0,1,28,784,1
5.7683,12,9,0.81,0,0,1,27,729,1
5.8493,16,10,1.0,0,0,1,32,1024,1
6.7581,12,12,1.44,0,0,1,30,900,0
5.6419,10,10,1.0,0,0,1,26,676,0
6.5497,12,6,0.36,0,0,1,24,576,0
6.4216,12,6,0.36,0,0,1,24,576,0
6.0707,11,8,0.64,0,0,0,25,625,0
6.2804,16,3,0.09,0,0,1,25,625,1
6.4378,16,4,0.16,0,0,1,26,676,1
6.3578,18,2,0.04,0,0,1,26,676,1
6.737,12,6,0.36,0,0,1,24,576,1
6.0014,16,4,0.16,0,0,1,26,676,1
6.3154,15,11,1.21,0,0,1,32,1024,1
6.9217,18,7,0.49,0,0,1,31,961,1
5.7838,16,7,0.49,0,0,1,29,841,1
6.6477,15,9,0.81,0,0,1,30,900,1
6.5511,14,4,0.16,0,0,1,24,576,1
6.3063,17,1,0.01,0,0,1,24,576,1
6.4378,16,4,0.16,0,0,1,26,676,1
6.8145,16,6,0.36,0,0,1,28,784,1
6.6134,12,15,2.25,0,0,1,33,1089,1
6.5132,12,6,0.36,0,0,0,24,576,1
6.7056,16,6,0.36,0,0,0,28,784,0
6.6464,15,4,0.16,0,0,1,25,625,1
6.5889,15,6,0.36,0,0,1,27,729,1
6.5013,12,6,0.36,0,0,1,24,576,1
6.5338,14,7,0.49,0,0,1,27,729,1
6.3279,14,6,0.36,0,0,1,26,676,1
6.2146,16,6,0.36,0,0,1,28,784,1
6.5073,14,8,0.64,0,0,1,28,784,1
6.869,12,16,2.56,0,0,1,34,1156,1
6.5876,16,6,0.36,0,0,1,28,784,1
6.869,16,11,1.21,0,0,1,33,1089,1
6.4216,17,10,1.0,0,0,1,33,1089,1
7.051,13,13,1.69,0,0,1,32,1024,1
6.5147,13,10,1.0,0,0,1,29,841,1
6.045,12,8,0.64,0,0,1,26,676,1
6.9689,12,7,0.49,0,0,1,25,625,1
7.069,18,9,0.81,0,0,1,33,1089,1
6.7476,15,6,0.36,0,0,1,27,729,1
6.4135,12,6,0.36,0,0,1,24,576,1
6.0474,18,9,0.81,0,0,1,33,1089,1
7.0901,12,11,1.21,0,0,1,29,841,1
6.9363,14,14,1.96,0,0,1,34,1156,1
6.3099,14,8,0.64,0,0,1,28,784,1
6.6859,15,10,1.0,0,0,1,31,961,1
6.2971,12,13,1.69,0,0,1,31,961,1
5.8579,9,16,2.56,0,0,1,31,961,1
6.6201,14,12,1.44,0,0,1,32,1024,1
6.1092,14,14,1.96,0,0,1,34,1156,1
6.3969,14,4,0.16,0,0,1,24,576,1
6.7511,12,15,2.25,0,0,1,33,1089,1
6.5903,14,6,0.36,0,0,1,26,676,1
6.541,12,16,2.56,0,0,1,34,1156,1
6.9324,10,11,1.21,0,0,1,27,729,1
7.051,14,8,0.64,0,0,1,28,784,1
6.8906,16,10,1.0,0,0,1,32,1024,1
6.5889,15,13,1.69,0,0,1,34,1156,1
6.2823,14,14,1.96,0,0,1,34,1156,1
6.2766,12,7,0.49,0,0,1,25,625,1
5.6664,13,7,0.49,0,0,1,26,676,1
5.7462,17,3,0.09,0,0,1,26,676,1
6.0014,13,5,0.25,0,0,1,24,576,1
7.0031,18,6,0.36,0,0,1,30,900,1
6.4922,12,9,0.81,0,0,1,27,729,1
6.0707,12,14,1.96,0,0,1,32,1024,1
5.9915,17,4,0.16,0,1,1,27,729,1
5.5722,15,5,0.25,0,0,1,26,676,1
5.9915,13,15,2.25,0,0,1,34,1156,1
6.3578,16,12,1.44,0,0,0,34,1156,1
6.0707,12,6,0.36,0,0,1,24,576,1
6.1527,17,2,0.04,0,0,1,25,625,1
5.5413,17,2,0.04,0,0,1,25,625,1
6.4378,12,8,0.64,0,0,0,26,676,1
6.5073,13,15,2.25,0,0,1,34,1156,1
6.9556,12,12,1.44,0,0,1,30,900,1
7.5208,17,11,1.21,0,0,1,34,1156,1
6.6451,15,12,1.44,0,0,1,33,1089,1
6.5338,11,17,2.89,1,0,1,34,1156,1
6.477,15,3,0.09,0,0,1,24,576,1
6.1717,16,4,0.16,0,0,0,26,676,1
5.8319,16,2,0.04,0,0,0,24,576,0
6.809,14,12,1.44,0,0,1,32,1024,0
5.8608,12,15,2.25,0,0,0,33,1089,0
6.6529,12,11,1.21,0,0,1,29,841,0
6.5511,12,8,0.64,0,0,1,26,676,0
6.3835,16,4,0.16,0,0,0,26,676,0
6.6067,12,6,0.36,0,0,0,24,576,0
6.2785,12,9,0.81,0,0,0,27,729,0
6.0331,16,3,0.09,0,0,1,25,625,0
7.2399,18,10,1.0,0,0,1,34,1156,0
6.3063,12,16,2.56,0,0,0,34,1156,0
6.4877,11,7,0.49,0,0,0,24,576,1
6.3491,12,7,0.49,0,0,0,25,625,1
6.4362,13,10,1.0,0,0,0,29,841,1
6.0913,16,9,0.81,0,0,1,31,961,1
6.3578,15,6,0.36,0,0,0,27,729,1
6.2916,13,8,0.64,0,0,0,27,729,1
6.7346,15,9,0.81,0,0,0,30,900,1
6.5848,14,9,0.81,0,0,1,29,841,0
6.3226,13,7,0.49,0,0,1,26,676,0
5.8111,13,5,0.25,0,0,0,24,576,0
6.2344,15,3,0.09,0,1,1,24,576,0
6.3578,12,13,1.69,0,0,1,31,961,0
6.2364,12,11,1.21,0,0,1,29,841,0
5.7398,15,4,0.16,0,0,1,25,625,1
6.3578,12,16,2.56,0,0,1,34,1156,1
6.5073,12,16,2.56,0,0,1,34,1156,1
6.4473,12,9,0.81,0,0,1,27,729,1
6.5013,16,3,0.09,0,0,1,25,625,1
5.9915,14,7,0.49,0,0,1,27,729,1
5.3936,11,7,0.49,0,0,0,24,576,1
6.3578,13,11,1.21,0,0,1,30,900,1
6.0474,13,10,1.0,0,0,1,29,841,1
6.4723,16,5,0.25,0,0,1,27,729,1
5.8435,15,7,0.49,0,0,1,28,784,1
6.7334,16,3,0.09,0,1,1,25,625,1
6.4378,15,4,0.16,0,0,1,25,625,1
6.9078,9,15,2.25,0,0,1,30,900,1
6.8233,16,9,0.81,0,0,1,31,961,1
6.593,12,13,1.69,0,0,1,31,961,1
6.1048,12,6,0.36,0,1,1,24,576,1
6.18,14,9,0.81,0,0,1,29,841,1
6.0186,12,7,0.49,0,0,1,25,625,1
6.7856,14,10,1.0,0,0,1,30,900,1
5.8579,14,7,0.49,0,0,1,27,729,0
6.2146,17,4,0.16,0,0,0,27,729,0
6.5971,15,12,1.44,0,0,1,33,1089,0
6.1291,13,11,1.21,0,0,1,30,900,0
6.5806,16,6,0.36,0,0,1,28,784,0
6.5497,15,11,1.21,0,1,1,32,1024,0
6.6657,14,10,1.0,0,0,1,30,900,0
6.8298,16,7,0.49,0,0,1,29,841,0
6.107,14,6,0.36,0,0,1,26,676,0
5.7838,15,3,0.09,0,0,0,24,576,0
6.5265,13,13,1.69,0,0,0,32,1024,0
6.2577,16,10,1.0,0,0,1,32,1024,0
6.1527,18,4,0.16,0,0,1,28,784,0
6.2934,12,16,2.56,0,0,0,34,1156,0
6.7476,14,9,0.81,0,0,0,29,841,0
5.9915,12,12,1.44,0,0,0,30,900,0
6.3044,18,3,0.09,0,0,0,27,729,0
6.3578,16,10,1.0,0,0,0,32,1024,0
5.7038,11,7,0.49,0,0,0,24,576,0
6.9735,16,10,1.0,0,0,0,32,1024,0
6.5806,12,14,1.96,0,0,0,32,1024,0
6.5117,17,8,0.64,0,0,1,31,961,0
6.6053,17,4,0.16,0,1,1,27,729,0
7.2984,12,8,0.64,0,0,1,26,676,0
6.7742,17,4,0.16,0,0,0,27,729,0
6.8024,12,15,2.25,0,0,0,33,1089,0
6.6859,13,12,1.44,0,0,0,31,961,0
6.3099,13,7,0.49,0,0,0,26,676,0
6.3544,10,18,3.24,0,0,0,34,1156,0
6.2916,12,9,0.81,0,0,0,27,729,0
6.672,16,10,1.0,0,0,1,32,1024,0
6.541,14,8,0.64,0,0,0,28,784,0
5.5215,16,4,0.16,0,0,0,26,676,0
6.0331,17,1,0.01,0,0,1,24,576,0
6.4536,9,17,2.89,0,0,0,32,1024,0
6.0234,12,14,1.96,0,0,1,32,1024,0
5.7038,12,7,0.49,0,0,0,25,625,0
6.3404,17,3,0.09,0,0,1,26,676,0
6.463,16,10,1.0,0,0,0,32,1024,0
5.8749,13,10,1.0,0,0,0,29,841,0
5.9915,12,15,2.25,0,0,0,33,1089,0
6.0234,12,13,1.69,0,0,0,31,961,0
6.2748,14,13,1.69,0,0,0,33,1089,0
6.4536,16,7,0.49,0,0,0,29,841,0
4.9698,14,7,0.49,0,0,0,27,729,0
6.3099,14,11,1.21,0,0,0,31,961,0
6.1862,12,14,1.96,0,0,0,32,1024,0
6.3936,17,8,0.64,0,0,1,31,961,0
6.1356,14,6,0.36,0,1,1,26,676,0
6.6995,16,4,0.16,0,0,0,26,676,0
6.4378,12,7,0.49,0,0,0,25,625,0
6.9499,12,13,1.69,0,0,0,31,961,0
6.6846,16,5,0.25,0,0,1,27,729,0
6.6995,16,5,0.25,0,0,1,27,729,0
6.0707,17,3,0.09,0,0,1,26,676,0
6.6214,17,5,0.25,0,0,1,28,784,0
5.6836,14,6,0.36,0,0,1,26,676,0
6.0568,12,7,0.49,0,0,1,25,625,1
6.5511,12,15,2.25,0,0,1,33,1089,1
5.649,16,3,0.09,0,0,1,25,625,1
6.2953,14,7,0.49,0,0,0,27,729,1
6.1738,12,7,0.49,0,0,1,25,625,1
5.9349,16,4,0.16,0,0,1,26,676,1
6.2305,16,8,0.64,0,0,1,30,900,1
6.2146,12,7,0.49,0,0,1,25,625,1
6.5834,12,15,2.25,0,0,1,33,1089,1
5.3936,12,7,0.49,0,0,0,25,625,1
6.1633,15,3,0.09,0,0,0,24,576,1
7.0917,13,7,0.49,0,0,1,26,676,1
5.9915,13,5,0.25,0,0,0,24,576,1
6.3986,16,7,0.49,0,0,1,29,841,1
6.1759,12,11,1.21,0,0,0,29,841,1
6.5511,16,11,1.21,0,0,0,33,1089,1
6.6451,12,9,0.81,0,1,1,27,729,1
6.271,14,5,0.25,0,1,1,25,625,1
6.1092,16,8,0.64,0,1,1,30,900,1
6.3333,10,18,3.24,0,1,1,34,1156,1
6.4754,13,13,1.69,0,1,1,32,1024,1
6.1527,8,18,3.24,0,1,1,32,1024,1
5.6168,16,2,0.04,0,1,1,24,576,1
6.5779,16,11,1.21,0,1,1,33,1089,1
6.9866,12,15,2.25,0,1,1,33,1089,1
6.5117,16,12,1.44,0,1,1,34,1156,1
5.8579,18,0,0.0,0,1,0,24,576,0
6.6451,14,8,0.64,1,1,1,28,784,0
6.477,12,8,0.64,1,1,0,26,676,0
6.6214,9,15,2.25,0,1,0,30,900,0
5.8749,10,11,1.21,0,1,0,27,729,0
5.5215,9,9,0.81,0,1,0,24,576,0
5.994,12,10,1.0,0,1,0,28,784,0
6.0521,11,8,0.64,0,1,0,25,625,0
5.6595,9,10,1.0,0,1,0,25,625,0
5.7333,13,7,0.49,1,1,0,26,676,0
6.3596,14,4,0.16,1,0,1,24,576,0
6.0822,16,8,0.64,1,1,0,30,900,0
6.1092,12,13,1.69,0,1,0,31,961,0
5.1533,17,5,0.25,0,1,1,28,784,0
6.271,16,5,0.25,1,0,1,27,729,0
6.1779,12,12,1.44,1,1,0,30,900,0
6.725,12,9,0.81,1,0,1,27,729,0
5.5607,12,16,2.56,1,1,0,34,1156,0
5.6312,12,7,0.49,1,1,0,25,625,0
5.8579,13,6,0.36,1,1,0,25,625,0
4.9767,11,7,0.49,0,1,0,24,576,0
5.4381,10,11,1.21,1,1,0,27,729,0
6.1092,15,3,0.09,1,0,1,24,576,0
5.9532,16,3,0.09,0,1,1,25,625,0
6.7056,17,11,1.21,0,1,1,34,1156,0
6.869,16,8,0.64,0,1,0,30,900,0
6.0113,13,9,0.81,0,1,0,28,784,0
6.2653,16,3,0.09,0,1,1,25,625,0
6.3596,13,5,0.25,0,0,1,24,576,0
6.4297,14,8,0.64,0,1,0,28,784,0
5.4381,12,7,0.49,0,1,1,25,625,1
6.363,11,13,1.69,1,1,1,30,900,1
7.0519,18,8,0.64,0,1,1,32,1024,1
5.9402,12,10,1.0,1,1,1,28,784,1
6.4232,16,5,0.25,1,1,1,27,729,1
6.1092,12,10,1.0,1,1,1,28,784,1
6.0521,12,7,0.49,1,1,1,25,625,1
6.2146,12,10,1.0,1,1,1,28,784,1
6.5695,12,7,0.49,0,1,1,25,625,1
6.6201,12,7,0.49,0,1,1,25,625,1
5.7777,15,3,0.09,0,1,1,24,576,1
6.9451,13,9,0.81,0,1,1,28,784,1
6.1964,16,3,0.09,0,1,1,25,625,1
6.2634,13,10,1.0,0,1,1,29,841,1
5.961,11,12,1.44,1,1,1,29,841,1
6.1312,10,10,1.0,1,1,1,26,676,1
5.9915,15,3,0.09,1,1,1,24,576,1
6.6026,15,6,0.36,1,1,1,27,729,1
6.3953,14,6,0.36,1,1,1,26,676,1
7.0309,18,9,0.81,1,1,0,33,1089,0
6.3986,14,5,0.25,1,1,1,25,625,1
5.6971,10,10,1.0,1,1,1,26,676,1
5.4596,12,9,0.81,1,1,1,27,729,1
5.3936,13,6,0.36,1,1,1,25,625,1
6.5468,8,12,1.44,1,1,1,26,676,1
6.2953,9,9,0.81,1,1,1,24,576,1
5.5215,12,7,0.49,1,1,1,25,625,1
5.9915,16,4,0.16,0,1,1,26,676,1
6.0474,15,10,1.0,0,1,1,31,961,1
5.6699,12,7,0.49,0,1,1,25,625,1
5.5094,10,17,2.89,1,1,1,33,1089,1
5.9402,13,7,0.49,1,1,1,26,676,1
6.4862,12,6,0.36,0,1,1,24,576,1
6.5667,12,14,1.96,0,1,1,32,1024,1
6.1759,14,9,0.81,0,1,1,29,841,1
6.463,16,3,0.09,0,1,1,25,625,1
6.3902,12,14,1.96,0,1,1,32,1024,1
6.3596,7,18,3.24,0,1,1,31,961,1
6.5191,16,8,0.64,0,1,1,30,900,0
7.3382,16,10,1.0,0,1,1,32,1024,0
6.7569,12,15,2.25,0,1,1,33,1089,0
6.2804,18,8,0.64,0,1,1,32,1024,0
5.7301,12,9,0.81,0,1,1,27,729,0
6.3969,14,9,0.81,0,1,0,29,841,0
6.4378,8,17,2.89,0,1,0,31,961,0
6.2916,13,10,1.0,0,1,1,29,841,0
5.8406,13,8,0.64,0,1,0,27,729,0
6.2146,12,7,0.49,0,1,0,25,625,0
5.7683,11,9,0.81,1,0,1,26,676,0
5.9349,18,3,0.09,1,1,0,27,729,0
5.2364,15,4,0.16,1,1,0,25,625,0
5.124,9,18,3.24,1,1,0,33,1089,0
5.5215,2,17,2.89,1,1,0,25,625,0
5.247,3,15,2.25,1,1,0,24,576,0
6.9078,12,10,1.0,1,0,1,28,784,0
6.3351,12,6,0.36,1,1,0,24,576,0
6.4362,9,9,0.81,1,1,0,24,576,0
6.5709,12,6,0.36,1,1,1,24,576,0
6.2879,12,6,0.36,0,1,0,24,576,0
5.8721,13,7,0.49,1,1,0,26,676,0
5.4806,12,6,0.36,1,1,0,24,576,0
6.0355,12,6,0.36,0,1,0,24,576,0
6.9334,13,8,0.64,0,1,0,27,729,1
5.687,17,9,0.81,0,1,0,32,1024,1
6.3099,12,8,0.64,1,1,1,26,676,1
6.2879,12,9,0.81,1,1,1,27,729,1
5.8579,5,19,3.61,0,1,0,30,900,1
6.5667,12,9,0.81,0,1,0,27,729,1
5.4337,12,11,1.21,1,1,0,29,841,1
5.3936,12,9,0.81,1,1,0,27,729,1
5.7366,12,11,1.21,1,1,0,29,841,1
5.7683,12,6,0.36,1,0,1,24,576,1
5.7137,12,9,0.81,1,1,0,27,729,1
6.1092,13,7,0.49,0,1,0,26,676,1
6.6241,12,11,1.21,1,1,1,29,841,1
6.0822,12,8,0.64,0,1,0,26,676,1
5.7838,11,11,1.21,1,1,0,28,784,1
6.7405,16,10,1.0,0,1,0,32,1024,1
5.7462,14,6,0.36,0,1,0,26,676,1
6.1717,13,15,2.25,0,1,1,34,1156,1
6.0615,12,13,1.69,0,1,1,31,961,1
6.1944,14,9,0.81,0,1,1,29,841,1
5.8889,12,6,0.36,0,1,1,24,576,1
5.9915,14,13,1.69,0,1,1,33,1089,1
6.0474,12,6,0.36,1,1,1,24,576,1
5.7398,12,9,0.81,1,1,0,27,729,1
5.6021,11,10,1.0,1,1,0,27,729,1
5.9532,18,2,0.04,1,1,1,26,676,1
6.271,16,2,0.04,1,1,1,24,576,1
6.5511,11,14,1.96,0,1,0,31,961,1
5.9428,10,16,2.56,0,1,0,32,1024,1
6.142,12,10,1.0,0,1,0,28,784,1
5.9915,10,18,3.24,0,1,0,34,1156,1
6.1203,10,17,2.89,0,1,0,33,1089,1
5.5607,12,6,0.36,1,1,0,24,576,0
6.5582,13,9,0.81,1,0,1,28,784,0
6.0331,13,11,1.21,0,1,0,30,900,0
5.5215,11,10,1.0,1,1,0,27,729,0
6.1312,12,6,0.36,1,1,0,24,576,0
5.7838,8,12,1.44,1,1,0,26,676,0
5.6168,9,10,1.0,1,1,0,25,625,0
5.7838,12,8,0.64,1,1,0,26,676,0
5.7038,15,4,0.16,1,0,1,25,625,0
5.5215,8,17,2.89,1,1,0,31,961,0
5.663,12,10,1.0,0,1,0,28,784,0
6.3099,13,9,0.81,1,1,1,28,784,0
6.0615,12,15,2.25,0,1,0,33,1089,0
5.9269,8,16,2.56,1,1,1,30,900,0
6.3578,9,15,2.25,0,1,0,30,900,0
6.2748,13,6,0.36,0,1,0,25,625,0
5.5215,12,6,0.36,0,1,1,24,576,0
6.0868,12,9,0.81,0,1,0,27,729,0
6.1247,12,8,0.64,0,1,0,26,676,0
6.0822,12,9,0.81,0,1,0,27,729,0
6.3099,12,9,0.81,1,1,0,27,729,0
6.477,16,3,0.09,0,1,1,25,625,0
6.0474,11,9,0.81,0,1,0,26,676,0
6.0403,13,8,0.64,0,1,1,27,729,0
5.2983,14,5,0.25,0,1,1,25,625,0
5.9915,8,12,1.44,0,1,0,26,676,0
5.7038,9,9,0.81,0,1,1,24,576,0
6.5709,12,12,1.44,0,1,1,30,900,0
5.9865,12,7,0.49,0,1,0,25,625,0
5.9865,9,14,1.96,0,1,0,29,841,0
6.5985,16,6,0.36,0,1,1,28,784,0
6.5338,12,7,0.49,0,1,0,25,625,0
5.3566,6,16,2.56,0,1,0,28,784,0
6.1203,12,13,1.69,0,1,0,31,961,0
5.8579,15,3,0.09,0,1,1,24,576,0
6.3578,16,6,0.36,0,1,0,28,784,0
6.5497,16,9,0.81,0,0,0,31,961,0
5.9269,16,5,0.25,0,1,0,27,729,0
5.9269,13,5,0.25,0,1,0,24,576,0
5.8972,12,15,2.25,0,1,0,33,1089,0
5.3936,12,11,1.21,1,1,1,29,841,0
6.4313,16,9,0.81,1,1,1,31,961,0
5.9269,11,14,1.96,1,1,0,31,961,0
5.8319,16,4,0.16,1,1,0,26,676,0
5.9402,16,2,0.04,1,1,0,24,576,0
5.5607,11,15,2.25,0,1,1,32,1024,0
6.1924,8,16,2.56,1,1,1,30,900,0
6.0707,11,9,0.81,1,1,1,26,676,0
5.8999,11,10,1.0,1,1,1,27,729,0
5.5491,14,13,1.69,1,1,1,33,1089,0
6.2403,14,6,0.36,0,1,1,26,676,0
5.663,15,10,1.0,0,1,1,31,961,0
6.7639,18,6,0.36,0,1,1,30,900,0
6.0707,12,7,0.49,0,1,1,25,625,0
6.2146,1,22,4.84,0,1,1,29,841,0
6.3063,16,2,0.04,0,1,1,24,576,0
5.9915,12,11,1.21,0,1,1,29,841,0
6.0707,9,15,2.25,0,1,1,30,900,0
5.9269,13,5,0.25,0,1,0,24,576,0
6.3044,12,14,1.96,0,1,1,32,1024,0
5.9269,12,6,0.36,0,1,0,24,576,0
6.2146,14,5,0.25,0,1,0,25,625,0
5.8721,16,2,0.04,0,1,0,24,576,0
6.3969,12,11,1.21,0,0,1,29,841,0
6.477,12,16,2.56,0,1,1,34,1156,0
6.7429,12,14,1.96,0,1,1,32,1024,0
5.7838,12,9,0.81,0,1,1,27,729,0
5.6664,12,15,2.25,1,1,0,33,1089,1
6.1247,14,4,0.16,1,1,0,24,576,1
6.5667,14,9,0.81,1,1,1,29,841,1
6.0234,13,15,2.25,0,1,0,34,1156,1
6.4754,16,3,0.09,1,1,1,25,625,1
6.4505,13,7,0.49,0,1,1,26,676,1
6.5806,16,6,0.36,0,1,0,28,784,1
6.8167,12,14,1.96,0,1,1,32,1024,1
5.9269,13,7,0.49,0,1,0,26,676,1
6.3835,18,3,0.09,0,1,1,27,729,1
6.6386,16,10,1.0,0,1,0,32,1024,0
6.2146,12,8,0.64,0,1,0,26,676,0
5.6168,11,8,0.64,1,0,1,25,625,0
5.5607,10,8,0.64,1,0,1,24,576,0
6.869,16,6,0.36,0,1,0,28,784,0
6.4378,12,10,1.0,1,1,0,28,784,0
5.8081,12,8,0.64,1,1,0,26,676,0
6.4378,12,11,1.21,1,1,0,29,841,0
5.5215,10,8,0.64,1,1,0,24,576,0
5.8833,12,16,2.56,1,1,0,34,1156,0
6.3099,12,16,2.56,1,1,0,34,1156,0
5.9989,12,6,0.36,1,1,0,24,576,0
6.1377,11,9,0.81,1,0,1,26,676,0
5.9814,12,6,0.36,1,1,0,24,576,0
5.6276,12,6,0.36,1,1,0,24,576,0
5.9915,14,7,0.49,1,1,0,27,729,0
6.0283,16,2,0.04,1,1,0,24,576,0
6.1356,12,15,2.25,1,1,0,33,1089,0
7.2738,18,9,0.81,0,1,0,33,1089,0
4.8283,4,17,2.89,1,1,0,27,729,0
5.2983,10,18,3.24,1,1,0,34,1156,0
5.7038,10,15,2.25,1,1,0,31,961,0
6.2558,10,16,2.56,1,1,0,32,1024,0
5.5835,13,6,0.36,1,1,1,25,625,0
5.7838,11,9,0.81,1,1,0,26,676,0
5.8579,9,15,2.25,1,1,1,30,900,0
5.8289,9,19,3.61,1,1,0,34,1156,0
6.4378,13,6,0.36,1,1,0,25,625,0
5.366,10,13,1.69,0,1,0,29,841,0
6.5338,12,10,1.0,0,1,0,28,784,0
5.6168,8,18,3.24,0,1,1,32,1024,0
6.1247,10,16,2.56,0,1,0,32,1024,0
6.4216,12,8,0.64,1,1,1,26,676,0
6.5958,16,3,0.09,1,0,1,25,625,0
5.0938,12,8,0.64,1,1,0,26,676,0
5.5607,8,10,1.0,1,1,0,24,576,0
6.1985,11,10,1.0,0,1,0,27,729,0
6.3544,12,8,0.64,1,0,1,26,676,0
6.2344,12,7,0.49,1,0,1,25,625,0
6.3368,8,12,1.44,1,1,1,26,676,0
6.2442,9,14,1.96,1,1,0,29,841,0
6.1549,8,11,1.21,1,0,1,25,625,0
5.8141,13,8,0.64,1,1,0,27,729,0
6.1759,12,10,1.0,1,1,0,28,784,0
6.4646,12,8,0.64,1,1,0,26,676,0
6.3509,10,9,0.81,1,1,0,25,625,0
5.7526,6,20,4.0,1,1,0,32,1024,0
5.8861,11,13,1.69,1,1,1,30,900,0
5.826,12,7,0.49,1,1,1,25,625,0
5.9915,13,7,0.49,0,1,0,26,676,0
5.7038,15,3,0.09,0,1,0,24,576,0
6.363,10,18,3.24,0,1,0,34,1156,0
5.7714,14,4,0.16,0,1,0,24,576,0
6.1633,12,8,0.64,1,0,1,26,676,0
6.0981,7,12,1.44,1,0,1,25,625,0
5.7038,6,13,1.69,1,1,0,25,625,0
5.5294,10,11,1.21,1,1,0,27,729,0
6.0379,12,7,0.49,1,1,0,25,625,0
5.7589,6,22,4.84,1,1,0,34,1156,0
6.3154,16,7,0.49,0,1,0,29,841,0
6.5806,18,7,0.49,0,1,0,31,961,0
6.5917,13,6,0.36,0,1,0,25,625,0
5.7494,12,7,0.49,0,1,1,25,625,0
5.3936,9,12,1.44,0,1,0,27,729,0
5.4596,8,11,1.21,1,1,0,25,625,1
5.8081,9,12,1.44,1,1,0,27,729,1
5.8081,11,9,0.81,1,1,0,26,676,1
5.8081,11,13,1.69,1,1,0,30,900,1
5.9402,12,10,1.0,1,1,0,28,784,1
5.9661,12,8,0.64,1,1,0,26,676,1
5.5215,5,23,5.29,1,1,0,34,1156,1
6.5117,17,4,0.16,1,1,1,27,729,1
6.18,16,4,0.16,1,1,1,26,676,1
6.6451,16,3,0.09,1,1,1,25,625,1
5.7838,4,15,2.25,1,1,1,25,625,1
6.142,11,13,1.69,1,1,0,30,900,1
5.8579,14,4,0.16,0,1,0,24,576,1
5.9269,12,8,0.64,1,1,1,26,676,1
5.7038,5,16,2.56,0,1,0,27,729,1
6.1633,16,3,0.09,1,1,1,25,625,1
6.2691,12,9,0.81,1,0,1,27,729,1
6.2403,10,10,1.0,1,1,0,26,676,1
6.0981,12,9,0.81,1,0,1,27,729,1
5.5797,11,12,1.44,1,1,0,29,841,1
5.5607,12,9,0.81,1,1,0,27,729,1
5.7621,9,9,0.81,1,1,1,24,576,1
6.4394,12,8,0.64,0,1,0,26,676,0
5.9915,11,8,0.64,0,1,0,25,625,0
5.9349,14,4,0.16,0,1,1,24,576,0
6.6884,16,7,0.49,0,1,0,29,841,0
6.1026,16,3,0.09,0,1,0,25,625,0
5.7652,15,7,0.49,0,1,0,28,784,0
5.994,8,16,2.56,0,1,0,30,900,0
6.0822,9,12,1.44,0,1,1,27,729,0
6.0331,10,8,0.64,0,1,1,24,576,0
5.9269,10,9,0.81,0,1,0,25,625,0
6.4232,16,8,0.64,0,1,1,30,900,0
5.8693,12,10,1.0,0,1,1,28,784,0
6.0521,18,4,0.16,0,1,1,28,784,0
5.5797,12,8,0.64,0,1,0,26,676,0
6.0544,14,4,0.16,0,1,1,24,576,0
5.5215,12,7,0.49,0,1,0,25,625,0
6.3279,17,2,0.04,0,1,1,25,625,0
5.6664,12,11,1.21,0,1,0,29,841,0
5.9738,16,4,0.16,0,1,0,26,676,0
6.3578,12,8,0.64,0,1,1,26,676,0
5.8464,17,9,0.81,0,1,0,32,1024,0
7.1562,16,6,0.36,0,1,1,28,784,0
6.7627,17,5,0.25,0,0,1,28,784,1
6.0234,14,4,0.16,0,1,1,24,576,1
5.4161,6,17,2.89,0,0,1,29,841,1
6.0014,14,7,0.49,0,0,1,27,729,1
6.5806,12,13,1.69,0,1,1,31,961,1
6.3578,12,12,1.44,0,1,1,30,900,1
6.2146,12,8,0.64,0,1,0,26,676,1
5.5215,12,11,1.21,0,1,0,29,841,1
5.0434,12,8,0.64,0,1,0,26,676,1
6.0064,12,9,0.81,0,1,0,27,729,1
5.8579,12,15,2.25,1,1,1,33,1089,0
6.1356,12,8,0.64,1,1,1,26,676,0
6.2146,10,18,3.24,0,1,1,34,1156,0
6.7405,16,8,0.64,0,1,1,30,900,0
6.3578,12,11,1.21,0,1,1,29,841,0
5.9915,16,6,0.36,0,1,1,28,784,0
6.608,11,17,2.89,0,0,0,34,1156,0
5.8579,14,5,0.25,0,1,1,25,625,0
6.0822,12,8,0.64,0,1,1,26,676,0
6.5889,13,6,0.36,0,1,1,25,625,0
6.8773,11,8,0.64,0,1,1,25,625,0
6.6214,16,8,0.64,0,1,1,30,900,0
6.3578,18,6,0.36,0,1,1,30,900,0
6.0014,16,8,0.64,0,1,0,30,900,0
6.4232,12,12,1.44,0,1,0,30,900,0
5.4381,16,3,0.09,0,1,0,25,625,0
4.9558,12,6,0.36,0,1,0,24,576,0
5.9532,18,6,0.36,0,1,0,30,900,0
5.9532,12,9,0.81,0,1,1,27,729,0
6.045,12,6,0.36,0,1,0,24,576,0
6.477,12,9,0.81,1,0,0,27,729,0
5.4381,8,16,2.56,1,1,0,30,900,0
6.5103,15,9,0.81,0,1,0,30,900,0
5.8693,18,3,0.09,1,1,1,27,729,0
5.5215,13,7,0.49,1,1,0,26,676,0
5.7038,11,14,1.96,1,1,0,31,961,0
5.9915,12,6,0.36,1,1,0,24,576,0
5.7038,7,21,4.41,1,1,0,34,1156,0
6.1312,13,8,0.64,1,1,0,27,729,0
6.0684,12,9,0.81,1,0,1,27,729,0
5.5215,11,9,0.81,1,1,0,26,676,0
5.7526,5,17,2.89,0,1,1,28,784,0
6.4378,12,10,1.0,0,1,0,28,784,0
6.2146,10,10,1.0,0,1,0,26,676,0
5.8021,12,9,0.81,0,1,0,27,729,0
6.3716,12,10,1.0,0,1,0,28,784,0
5.7683,13,9,0.81,1,1,0,28,784,0
5.7038,11,11,1.21,1,1,0,28,784,0
6.6039,16,10,1.0,0,1,0,32,1024,0
5.9532,12,12,1.44,1,1,0,30,900,0
6.463,13,7,0.49,1,1,0,26,676,0
5.7838,5,21,4.41,1,1,0,32,1024,0
6.0064,12,6,0.36,1,1,0,24,576,0
5.7038,6,20,4.0,1,1,0,32,1024,0
5.1705,7,16,2.56,1,1,0,29,841,0
6.1092,11,10,1.0,1,1,0,27,729,0
5.6768,10,8,0.64,1,1,0,24,576,0
6.6859,12,9,0.81,0,1,0,27,729,0
5.9269,9,12,1.44,1,1,0,27,729,0
5.4381,10,8,0.64,1,1,0,24,576,0
6.2823,13,14,1.96,1,1,0,33,1089,0
6.045,7,18,3.24,1,1,0,31,961,0
5.8889,10,11,1.21,0,1,0,27,729,0
5.7038,9,12,1.44,0,1,0,27,729,0
6.3244,12,10,1.0,0,1,0,28,784,0
6.1527,16,6,0.36,1,1,0,28,784,0
6.1862,12,16,2.56,0,1,0,34,1156,0
6.3969,12,8,0.64,0,1,0,26,676,0
5.8944,11,17,2.89,1,1,0,34,1156,0
5.2983,10,8,0.64,1,1,1,24,576,0
4.9558,8,16,2.56,1,1,0,30,900,0
6.1048,12,15,2.25,0,1,0,33,1089,0
5.7038,11,12,1.44,1,1,0,29,841,0
6.5596,12,13,1.69,0,0,1,31,961,0
6.2804,12,8,0.64,0,0,1,26,676,0
5.5607,13,10,1.0,1,1,0,29,841,0
6.5147,12,8,0.64,1,0,1,26,676,0
5.5607,7,18,3.24,1,1,0,31,961,0
5.7038,10,18,3.24,1,1,0,34,1156,0
7.1025,16,5,0.25,0,1,1,27,729,0
6.3578,17,5,0.25,0,1,0,28,784,0
5.5215,14,7,0.49,1,1,0,27,729,0
5.9764,10,14,1.96,1,0,1,30,900,0
5.6168,8,10,1.0,1,1,0,24,576,0
5.4161,9,17,2.89,1,1,0,32,1024,0
5.6168,7,12,1.44,1,1,0,25,625,0
5.8749,9,15,2.25,1,1,0,30,900,0
6.7856,12,7,0.49,1,0,1,25,625,0
5.2575,16,2,0.04,1,1,1,24,576,0
6.0403,7,16,2.56,1,1,0,29,841,0
5.9269,7,20,4.0,1,1,0,33,1089,0
5.8972,7,18,3.24,1,1,0,31,961,0
5.9915,12,8,0.64,0,1,0,26,676,0
5.8665,12,8,0.64,1,1,1,26,676,0
5.7038,13,10,1.0,0,1,0,29,841,0
6.0307,15,4,0.16,0,1,1,25,625,0
6.3969,11,9,0.81,1,1,0,26,676,0
6.8804,13,10,1.0,1,0,1,29,841,0
5.4381,5,18,3.24,1,1,0,29,841,0
5.7398,12,9,0.81,1,1,0,27,729,0
5.6131,8,17,2.89,1,1,0,31,961,0
5.9915,11,10,1.0,1,0,1,27,729,0
5.2983,8,12,1.44,1,1,0,26,676,0
6.0753,13,7,0.49,1,1,0,26,676,0
5.4381,6,17,2.89,1,1,0,29,841,0
6.5944,6,18,3.24,1,0,1,30,900,0
5.5984,10,17,2.89,1,1,0,33,1089,0
5.1705,8,12,1.44,1,1,0,26,676,0
5.5215,12,7,0.49,1,1,0,25,625,0
5.8081,10,14,1.96,1,1,0,30,900,0
6.0822,12,7,0.49,1,0,1,25,625,0
6.0591,16,4,0.16,1,1,1,26,676,0
6.6067,16,7,0.49,0,1,1,29,841,0
6.5511,12,8,0.64,1,0,1,26,676,0
5.5013,12,6,0.36,1,1,0,24,576,0
5.4381,12,8,0.64,1,1,0,26,676,0
5.6095,15,8,0.64,1,1,0,29,841,0
6.4489,14,8,0.64,1,0,1,28,784,0
5.6664,16,3,0.09,1,0,1,25,625,0
5.7038,8,18,3.24,1,1,0,32,1024,0
5.4381,10,13,1.69,1,1,0,29,841,0
5.9789,8,16,2.56,1,1,0,30,900,0
6.3491,9,9,0.81,1,1,0,24,576,0
6.4378,17,7,0.49,1,0,1,30,900,0
6.3099,16,3,0.09,1,0,1,25,625,0
5.5215,9,11,1.21,1,1,0,26,676,0
5.8944,8,13,1.69,0,1,0,27,729,0
4.6052,14,14,1.96,1,1,0,34,1156,0
5.8579,12,15,2.25,1,0,1,33,1089,0
5.6699,10,9,0.81,1,1,0,25,625,0
5.5215,4,22,4.84,1,1,0,32,1024,0
6.725,8,19,3.61,1,1,1,33,1089,0
6.0753,10,9,0.81,1,1,1,25,625,0
5.8081,12,9,0.81,1,0,1,27,729,0
5.7236,12,8,0.64,0,1,0,26,676,0
6.3509,18,9,0.81,0,1,0,33,1089,0
5.663,12,7,0.49,0,1,1,25,625,0
6.1377,12,10,1.0,1,1,1,28,784,0
5.9636,12,16,2.56,0,1,0,34,1156,0
7.0085,16,10,1.0,0,1,0,32,1024,0
5.5013,16,2,0.04,0,1,1,24,576,0
5.8805,12,7,0.49,0,1,1,25,625,0
5.8777,8,20,4.0,0,1,1,34,1156,0
5.9915,12,12,1.44,1,1,0,30,900,0
5.7038,10,9,0.81,0,1,0,25,625,0
6.3154,16,5,0.25,0,1,1,27,729,0
5.7038,8,17,2.89,0,1,0,31,961,0
6.1092,7,17,2.89,0,1,1,30,900,0
6.0137,12,7,0.49,0,1,0,25,625,0
5.5215,14,4,0.16,0,1,1,24,576,0
5.8201,16,2,0.04,0,1,1,24,576,0
5.6348,16,2,0.04,0,1,1,24,576,0
6.2596,13,5,0.25,0,1,1,24,576,0
6.2403,16,4,0.16,0,1,1,26,676,0
6.5381,14,11,1.21,0,1,1,31,961,0
6.0521,16,5,0.25,0,0,0,27,729,0
5.8889,13,5,0.25,0,1,1,24,576,0
6.2953,12,6,0.36,0,0,0,24,576,0
6.6451,12,14,1.96,0,1,1,32,1024,0
6.2246,12,7,0.49,0,1,1,25,625,0
6.3818,17,2,0.04,0,1,1,25,625,0
6.0379,16,3,0.09,0,1,1,25,625,0
5.9269,16,4,0.16,0,1,1,26,676,0
5.9108,17,3,0.09,0,1,1,26,676,0
6.0822,11,9,0.81,0,1,1,26,676,0
6.4281,17,6,0.36,0,0,1,29,841,0
6.4536,16,11,1.21,0,1,1,33,1089,0
6.2146,12,8,0.64,0,1,1,26,676,0
6.7742,12,14,1.96,0,1,1,32,1024,0
6.4536,17,11,1.21,0,1,1,34,1156,0
5.7462,14,4,0.16,0,0,0,24,576,0
5.8579,15,3,0.09,0,1,0,24,576,0
6.7534,9,9,0.81,0,1,0,24,576,0
5.2983,11,14,1.96,1,1,0,31,961,0
5.948,12,6,0.36,1,0,1,24,576,0
5.5013,12,12,1.44,1,1,0,30,900,0
6.6946,12,14,1.96,1,1,0,32,1024,0
6.1356,18,9,0.81,1,1,0,33,1089,0
6.3578,16,7,0.49,1,1,0,29,841,0
6.2265,17,8,0.64,1,0,1,31,961,0
6.869,17,5,0.25,0,1,0,28,784,0
6.6107,16,4,0.16,0,1,1,26,676,0
6.1092,12,6,0.36,0,1,1,24,576,0
6.1654,11,10,1.0,1,1,0,27,729,0
4.8122,9,10,1.0,1,1,0,25,625,0
6.6771,11,15,2.25,1,1,1,32,1024,0
5.2983,10,9,0.81,1,1,0,25,625,0
6.1356,14,12,1.44,0,1,0,32,1024,0
5.4161,10,13,1.69,0,1,0,29,841,0
6.3578,13,9,0.81,0,1,1,28,784,0
5.193,8,18,3.24,1,1,0,32,1024,0
5.7838,9,16,2.56,1,0,0,31,961,0
6.0137,7,15,2.25,1,1,0,28,784,0
5.2983,10,9,0.81,1,1,0,25,625,0
6.2897,16,7,0.49,0,1,0,29,841,0
5.8693,16,6,0.36,0,1,0,28,784,0
5.5215,11,11,1.21,0,1,0,28,784,0
6.541,16,6,0.36,0,1,0,28,784,0
6.0403,12,10,1.0,0,1,0,28,784,0
5.9026,12,15,2.25,0,1,1,33,1089,0
5.8608,11,7,0.49,0,1,0,24,576,0
6.8167,16,9,0.81,0,1,1,31,961,0
6.8024,13,9,0.81,0,1,0,28,784,0
5.7038,7,13,1.69,0,1,0,26,676,0
5.7268,10,11,1.21,0,1,0,27,729,0
6.1633,7,14,1.96,0,1,1,27,729,0
5.8289,11,11,1.21,1,1,0,28,784,0
6.1377,9,14,1.96,1,1,1,29,841,0
5.2983,12,12,1.44,1,1,0,30,900,0
5.7526,15,3,0.09,1,1,0,24,576,0
6.4378,16,8,0.64,1,1,0,30,900,0
5.5373,12,12,1.44,1,1,0,30,900,0
6.1092,9,12,1.44,0,1,0,27,729,0
5.9269,12,6,0.36,1,1,0,24,576,0
5.7038,12,8,0.64,1,0,1,26,676,0
5.8972,12,8,0.64,1,1,0,26,676,0
6.6201,18,3,0.09,1,0,1,27,729,0
6.3784,15,7,0.49,1,1,1,28,784,0
5.5797,10,15,2.25,1,1,1,31,961,0
5.7038,9,10,1.0,1,1,1,25,625,0
5.9661,6,21,4.41,1,1,0,33,1089,0
6.2146,10,15,2.25,0,1,0,31,961,0
6.1092,12,11,1.21,0,1,0,29,841,0
5.5722,12,9,0.81,0,1,0,27,729,0
6.0684,14,7,0.49,0,1,0,27,729,0
5.2575,10,14,1.96,1,1,0,30,900,0
6.7202,14,14,1.96,0,1,0,34,1156,0
6.2403,16,8,0.64,1,1,1,30,900,1
6.271,13,11,1.21,1,0,1,30,900,1
5.9532,16,4,0.16,1,1,0,26,676,1
6.2146,13,8,0.64,0,1,0,27,729,1
6.5681,15,8,0.64,0,1,1,29,841,1
6.157,16,5,0.25,0,1,1,27,729,1
6.1527,12,6,0.36,1,1,0,24,576,1
6.0234,13,6,0.36,1,0,1,25,625,1
5.8141,12,7,0.49,0,1,0,25,625,1
6.1759,13,15,2.25,0,1,1,34,1156,1
6.2146,12,6,0.36,0,1,0,24,576,1
6.5695,12,13,1.69,0,1,0,31,961,1
6.2634,13,7,0.49,1,1,0,26,676,1
