Date,rets,rv,bv
2013-12-17,-0.31001518843591924,0.2054250897806046,0.1342621655250588
2013-12-18,1.6367105072380816,1.4243023744307497,0.9973809687227646
2013-12-19,-0.05083013452349405,0.12111636831032713,0.13659995701123184
2013-12-20,0.5549676000826231,0.15159759719257607,0.09084113017918571
2013-12-23,0.47098129395442,0.11728363406192034,0.058699284573346285
2013-12-24,0.2824004258341617,0.015854609729140063,0.01056040013155994
2013-12-26,0.47234070165185216,0.043224660840210434,0.023910035350284162
2013-12-27,-0.04018179601530392,0.04348863655224343,0.05557501454018619
2013-12-30,-0.014664946730036377,0.03338685581438562,0.03120888157437097
2013-12-31,0.36706242501045594,0.08685152130171357,0.06822062884381766
2014-01-02,-0.8511244740704527,0.4243363010455983,0.30151772140156685
2014-01-03,-0.034392682886341674,0.1708956947153033,0.1514624773036983
2014-01-06,-0.26461839885500993,0.23213612740573863,0.20484672097899662
2014-01-07,0.61127887192578,0.19132082923576602,0.1226684137403151
2014-01-08,-0.027753969403931933,0.2167707802317974,0.2110221416144608
2014-01-09,0.04625233724775413,0.21170222185581072,0.10157363845245636
2014-01-10,0.23202686053025445,0.2128327732998149,0.12636545967815302
2014-01-13,-1.284786174072572,0.24983493785790814,0.2328860422275289
2014-01-14,1.080500450834876,0.22859099296473914,0.19709760812313165
2014-01-15,0.5277887215466848,0.19126231462423318,0.12395619897872216
2014-01-16,-0.13805165323530488,0.14416642257845014,0.12796236105692757
2014-01-17,-0.4017028895889396,0.1142773590743199,0.07631127387436755
2014-01-21,0.2867852706976315,0.3789634676285531,0.2461162933230049
2014-01-22,0.06343784524087681,0.10529412390487684,0.09067111983069442
2014-01-23,-0.8748609729698487,0.6573026711869738,0.3382831206392277
2014-01-24,-2.1097619107420584,0.8296410585020674,0.5260543655320804
2014-01-27,-0.5094881997566247,0.730343534039958,0.7854100790332124
2014-01-28,0.6094014119610414,0.23419987453043453,0.23430572276241712
2014-01-29,-1.0177420152407635,1.1913113557761779,0.7668618484529058
2014-01-30,1.1130966888499572,0.6846092053359292,0.2497239015838359
2014-01-31,-0.6576175085068137,1.5106079575982239,0.6211242758365088
2014-02-03,-2.295559537308911,1.0548680849835468,0.9422987228119512
2014-02-04,0.7497868989880807,0.5753706572608865,0.6248700964125958
2014-02-05,-0.18649220512640952,0.5822386446608032,0.8973058778806735
2014-02-06,1.2091304764449973,0.3928576416847189,0.22533321863331499
2014-02-07,1.3177694808685025,0.5040129094835822,0.30555524109531207
2014-02-10,0.16906362819861798,0.10345667653619324,0.09515219503290913
2014-02-11,1.0892529146000918,0.18008929925037084,0.1519442062034626
2014-02-12,-0.013192249572480108,0.19448880382222086,0.22365253618045716
2014-02-13,0.5744464565301755,0.21366648452010228,0.13493971260414692
2014-02-14,0.4852631574094879,0.10344714091142716,0.16336569937403483
2014-02-18,0.13860317418776802,0.12317965247818358,0.13239027079945886
2014-02-19,-0.6730692454023135,0.33312231886419214,0.24019918368831045
2014-02-20,0.6051505170553639,0.24201705832064604,0.22691360197098798
2014-02-21,-0.18224999400224817,0.17699104615153144,0.15424693895747627
2014-02-24,0.6026044152690702,0.4118614141235939,0.2151710798766322
2014-02-25,-0.1218564573580494,0.2691194248129906,0.26225525258799265
2014-02-26,-0.002167680960774021,0.29130170129968397,0.22521438973919797
2014-02-27,0.4789975098778321,0.22130425829436312,0.23243826658949535
2014-02-28,0.2633883805915893,0.3874951894962713,0.3611357514243325
2014-03-03,-0.7207111950495282,0.5762554066755115,0.5613289331663893
2014-03-04,1.501402132530405,0.9597525009262396,0.23622597335438672
2014-03-05,0.02668317481573368,0.11816251108237533,0.14727625404964018
2014-03-06,0.17965912257373873,0.21291693702364506,0.11464469550770437
2014-03-07,0.014380097969191041,0.279436297321416,0.26816270242883766
2014-03-10,-0.029294976653648774,0.22010725314864912,0.1453385512276779
2014-03-11,-0.5052215077627764,0.23720971226525653,0.24551981882227047
2014-03-12,0.025696481864834197,0.39045640050530617,0.34060731797272176
2014-03-13,-1.1672613902324436,0.5189916232786633,0.48075079656663067
2014-03-14,-0.29287044612757995,0.44823426834247315,0.49130354141451144
2014-03-17,0.9444053639771077,0.8489139113895869,0.41791221264747036
2014-03-18,0.7231976452237276,0.23262438513667863,0.22486728679251328
2014-03-19,-0.5968375775439405,0.7566331005869795,0.29611850170622334
2014-03-20,0.5968375775439405,0.3108475927774854,0.2351658797548455
2014-03-21,-0.33119611223311196,0.46447475269857363,0.37625865109635576
2014-03-24,-0.45174206710392184,0.42396809244117256,0.46359789650008637
2014-03-25,0.44370268484570374,0.470214507495693,0.3107705109137041
2014-03-26,-0.6981338023071437,0.49946415852900616,0.2811249868344302
2014-03-27,-0.20152419571921598,0.681139288393934,0.7018280274843085
2014-03-28,0.45110992155095175,0.544423210970027,0.3077786050403056
2014-03-31,0.8032731622593658,0.6088959598057707,0.24173243030642225
2014-04-01,0.7025154360117192,0.17511971355323153,0.1310219123804349
2014-04-02,0.2875627218257293,0.1640016129398738,0.12729353889012793
2014-04-03,-0.10476136005026504,0.14871944472819007,0.12696870604024713
2014-04-04,-1.2695251493512139,0.7136362234255461,0.5353849887077813
2014-04-07,-1.0921588188973708,0.5997230785886938,0.551169380067854
2014-04-08,0.39003909260602043,0.489663477626643,0.40023911493061376
2014-04-09,1.0724409693427361,0.34283045703618054,0.24554876398649148
2014-04-10,-2.103579354868046,0.9007866674500756,0.7081055509343482
2014-04-11,-0.9482172893447327,0.8151694225559178,0.8439800933728702
2014-04-14,0.8035520004285424,0.7603661036283837,0.42607001249108706
2014-04-15,0.6767579682785296,0.9319055431486284,0.8663460293083782
2014-04-16,1.0358983114262976,0.33515103405515617,0.3083617201297135
2014-04-17,0.15025411866744776,0.16860450956357476,0.2219204476980835
2014-04-21,0.3554169984303357,0.14371460776870743,0.106728411533816
2014-04-22,0.43611849636659983,0.09954634665451458,0.09760130523451954
2014-04-23,-0.2279518879688247,0.11530783350583379,0.10755621157972663
2014-04-24,0.16409254663640738,0.4718290652661028,0.4275198169699982
2014-04-25,-0.7968723273706679,0.34945995125677143,0.2852769575664342
2014-04-28,0.31180879575458675,0.6940091994033224,0.7122947719820948
2014-04-29,0.4770782458317413,0.23867730803396317,0.16561539008100173
2014-04-30,0.28176071122478774,0.14517220345659326,0.2750661159329549
2014-05-01,-0.016989466571626366,0.22794561852652995,0.22589168576911217
2014-05-02,-0.12219679452334375,0.40450731193548317,0.2996601804447538
2014-05-05,0.19597383728742201,0.5426112073874825,0.18523433326548405
2014-05-06,-0.9049980222022747,0.2875229891174559,0.22426631769782657
2014-05-07,0.5563341239931852,0.5141108055881642,0.7491637470585313
2014-05-08,-0.13532811135474887,0.26059473812633444,0.2910730681972554
2014-05-09,0.14704083031613635,0.28778055156331134,0.3085097292055099
2014-05-12,0.9710948728860913,0.2333806589356799,0.06996895789086038
2014-05-13,0.034790493058167726,0.09788884768340693,0.08903970640675665
2014-05-14,-0.4706960028121543,0.17707401123069785,0.12708303202222881
2014-05-15,-0.9288486578805433,0.5956220803452033,0.494444500545952
2014-05-16,0.36703749453153023,0.28193572249409393,0.20892730016996558
2014-05-19,0.3736533839626688,0.09316748757575703,0.09672159035773567
2014-05-20,-0.6295839105936452,0.29359176742979853,0.20109222926441944
2014-05-21,0.7843761382781977,0.28420443501745696,0.20336147055603032
2014-05-22,0.24706458198799908,0.10623233985001826,0.09229275415956903
2014-05-23,0.42234980671693734,0.02431938369809606,0.04169197886587045
2014-05-27,0.5985607341111532,0.1346984833468561,0.1068433062598266
2014-05-28,-0.10780148826201597,0.09838910071722219,0.09427437094846271
2014-05-29,0.5222243954752237,0.12177902523317556,0.071893576082275
2014-05-30,0.18213614243887122,0.09424504568024406,0.06429648493237278
2014-06-02,0.07743739781549408,0.1788246066225607,0.17550519463571118
2014-06-03,-0.035852816778625396,0.05962099647800857,0.07712543287979705
2014-06-04,0.18536071455592662,0.06335588557001219,0.07499655401874777
2014-06-05,0.6391119720246863,0.15656658639920748,0.14135522897555788
2014-06-06,0.46435532764972365,0.07989118883101679,0.06678664819814593
2014-06-09,0.09845599248743397,0.07495919651924705,0.0651677568828942
2014-06-10,-0.01332690909947587,0.09208519230173569,0.10130927041836897
2014-06-11,-0.34558134878430735,0.13683676276522924,0.10072743587017792
2014-06-12,-0.7263673204369603,0.1901318555409292,0.15906913282216203
2014-06-13,0.30109908309920996,0.19854928089618795,0.17684871321290532
2014-06-16,0.09964917090901082,0.1695864230105825,0.14384988137465118
2014-06-17,0.22835355739285745,0.15278402045571404,0.1265356214672961
2014-06-18,0.7565826407202714,0.1585587273769151,0.15252070193374653
2014-06-19,0.12103416734499106,0.07573620234814182,0.08289585445577044
2014-06-20,0.19783307918208592,0.0422315948051273,0.05100923037425321
2014-06-23,-0.036681730362442266,0.04761518880083333,0.05448782039648277
2014-06-24,-0.6287335670456251,0.25129125568096394,0.1909029889003614
2014-06-25,0.47370663577028793,0.11010331148582246,0.1457453142952089
2014-06-26,-0.11080786184427538,0.3321380352026592,0.18711307789184212
2014-06-27,0.18988122818921482,0.12303684783881663,0.0951640295428418
2014-06-30,-0.04335507105457381,0.06881102348576032,0.07055392019786937
2014-07-01,0.6640724881079585,0.14189693067906003,0.08068987535493967
2014-07-02,0.06282266483514931,0.03737605472565966,0.05832307367456801
2014-07-03,0.5560802941210419,0.08607884353274807,0.03899484258576179
2014-07-07,-0.3991960829536012,0.12499324156071795,0.07550017510840307
2014-07-08,-0.6860289645630679,0.2972052580348635,0.24284850543140127
2014-07-09,0.4384445569099782,0.25871512010106146,0.13431386339027204
2014-07-10,-0.4017915837907893,0.47384871353686975,0.2524905478915842
2014-07-11,0.13377111877863612,0.14885494607140234,0.11534663878913508
2014-07-14,0.49486978857586905,0.15197095910911165,0.04925833309770118
2014-07-15,-0.17971549048247937,0.32765303230630716,0.25971196071446423
2014-07-16,0.39898612484527973,0.16669449569773664,0.09561782941636349
2014-07-17,-1.198701432812932,0.3409630118258721,0.36477237462224366
2014-07-18,1.01584077518595,0.19933721469469592,0.09436538191111657
2014-07-21,-0.2064987068437496,0.23956513881726824,0.13695516739341607
2014-07-22,0.5028475751397643,0.13767033873824072,0.061083835478808746
2014-07-23,0.18282323370826248,0.05171850251169916,0.06469558463470307
2014-07-24,0.02213769656247422,0.07836259787276957,0.07207859392928738
2014-07-25,-0.48361529165390493,0.13402592342734443,0.14688261593375262
2014-07-28,0.03083151611873447,0.24582146619102377,0.17261034642020534
2014-07-29,-0.4284483680771167,0.21872116254550092,0.17643355306284328
2014-07-30,-0.007613189092481321,0.320550773454153,0.32186965765787184
2014-07-31,-2.0200739209263574,0.7651496044432987,0.5887242772856983
2014-08-01,-0.2888998666538356,0.6145263499925014,0.6936239081336351
2014-08-04,0.7261053464924672,0.2430747039087265,0.1868504991556486
2014-08-05,-0.996569773673972,0.6398929094462904,0.7150556965771175
2014-08-06,-0.0010416612413521875,0.5230111195068213,0.40767664707831175
2014-08-07,-0.5478521396939939,0.4635309698185399,0.4898507867012294
2014-08-08,1.1388108671545716,0.25564055502893,0.25083386285063247
2014-08-11,0.2797190158365659,0.19292087261453097,0.10193006142333637
2014-08-12,-0.15449844053518902,0.19412765219723557,0.16617382232999342
2014-08-13,0.6520221540395887,0.21289107809554964,0.10913401141752081
2014-08-14,0.44494867825344286,0.08759581485984425,0.057327709645598066
2014-08-15,0.0005114736322475721,0.47915702580213443,0.46812691465270445
2014-08-18,0.8322727597546375,0.20905860828822717,0.058926392243985604
2014-08-19,0.5079697236919145,0.0495587321554001,0.04358930612454901
2014-08-20,0.24949672593708172,0.07378837159213429,0.07501879910597746
2014-08-21,0.2960671505158885,0.10612896640388374,0.08133316661586426
2014-08-22,-0.20298046500109024,0.17285053894474026,0.12724359773208124
2014-08-25,0.5006758029558966,0.12105246004782742,0.03942401510350096
2014-08-26,0.09253586424797788,0.05790066646570357,0.03226303536811321
2014-08-27,-0.015000000028120297,0.04537577669228053,0.04979460011733014
2014-08-28,-0.14161083412425057,0.17635302050286816,0.0757814021039369
2014-08-29,0.3179684710783448,0.0635991830600386,0.056351835445501784
2014-09-02,-0.06740883211060478,0.10497587561274682,0.12242298077918873
2014-09-03,-0.06395555307205925,0.10084900530193056,0.09048509387903478
2014-09-04,-0.15556264532357034,0.1876858407695545,0.15144378085374963
2014-09-05,0.4858923769513801,0.25746764323764665,0.19501304522251778
2014-09-08,-0.2963482512075011,0.0984455350227833,0.13742848881880496
2014-09-09,-0.6481339403613617,0.34062300568479037,0.22693049377788635
2014-09-10,0.36192910868022565,0.2502759949010346,0.23618215304874704
2014-09-11,0.08164185725396678,0.18125172370863124,0.16387278634009417
2014-09-12,-0.58649427468076,0.2010402440323389,0.23348473749398618
2014-09-15,-0.08212228620401163,0.1837147142141859,0.1382182895128267
2014-09-16,0.7536935606965223,0.22015567872991018,0.16310967328837334
2014-09-17,0.1249818938967806,0.3212985546000316,0.5534542510111666
2014-09-18,0.4948913791349874,0.12261345388826073,0.10593334869975077
2014-09-19,-0.046245534773614594,0.20797225707051284,0.11711321684852555
2014-09-22,-0.8004936566977428,0.22336790462572537,0.1518606487644289
2014-09-23,-0.5858159194175094,0.20853631146390614,0.2294966652238917
2014-09-24,0.7876667035705331,0.20704091047299453,0.16909992655596506
2014-09-25,-1.6222625072918717,0.561352724321015,0.4770518755137173
2014-09-26,0.8184561960805858,0.2666844364814311,0.25230969171347484
2014-09-29,-0.23431750628626347,0.7048556987439676,0.3885020531756524
2014-09-30,-0.26071673862189115,0.3816111038811373,0.35792731226726826
2014-10-01,-1.3292877105912204,0.8045652791336261,0.5714583746399073
2014-10-02,-0.03339541486306885,0.5487471347229769,0.5563654260239863
2014-10-03,1.1012848774583084,0.4563502085625537,0.5172406791534484
2014-10-06,-0.13579046620213475,0.44310801610935074,0.34473708435098266
2014-10-07,-1.5416480514724107,0.707978729890113,0.4156060517695309
2014-10-08,1.7343444618164838,0.8543922584062079,0.7873080655401069
2014-10-09,-2.063590135052973,1.104862414532126,1.192337280785752
2014-10-10,-1.1452357989640838,1.1016837778780242,1.1247543560644448
2014-10-13,-1.6782671226217794,1.4967990273099583,1.3789259699724508
2014-10-14,0.16095253244161611,1.391496041029997,1.2817712099443126
2014-10-15,-0.8154187886743713,7.159725847887393,4.26915335427806
2014-10-16,-0.03382959047444345,2.1530471335784473,2.2431912618989704
2014-10-17,1.3130669138210926,1.278689295996526,0.8093270501904526
2014-10-20,0.9149300859182752,0.2817023239584316,0.4559409077634284
2014-10-21,1.9309093673571809,0.5298647449113594,0.25862065083106245
2014-10-22,-0.7150587699447541,0.5486273293191102,0.5408039024626355
2014-10-23,1.1940671330720853,1.10557607722367,0.45761590904555294
2014-10-24,0.7188192707697993,0.3877625324024155,0.2567836232283846
2014-10-27,-0.15895176716158588,0.35774879134314796,0.31143796913613836
2014-10-28,1.1729239782640732,0.2730010276351967,0.14745793511603106
2014-10-29,-0.11294194774977839,0.6987153675156501,0.5004811843589902
2014-10-30,0.6135914236740092,0.35614270874420306,0.27837751612867667
2014-10-31,1.148612771556845,0.5391759755961885,0.159676272891706
2014-11-03,0.0069392468962092835,0.1872653629941716,0.2096367725794811
2014-11-04,-0.26452744200353706,0.26370884387238247,0.2382121755861979
2014-11-05,0.5417032002881683,0.24871617736719642,0.25232570359606
2014-11-06,0.38134374755705025,0.16824665541426193,0.16446432484248413
2014-11-07,0.03987564758451967,0.13662703495738124,0.17758759067719554
2014-11-10,0.319905922772179,0.07870645526835765,0.06770896883815479
2014-11-11,0.07503697026178813,0.059652370796420155,0.05459170054721328
2014-11-12,-0.08043395531096564,0.1374058427082155,0.11386280358862239
2014-11-13,0.05444712999480572,0.28525066882960054,0.23716027321282654
2014-11-14,0.024516053234346913,0.10699671791992499,0.0892811801096336
2014-11-17,0.07106258462057369,0.13469249572192304,0.133824761533467
2014-11-18,0.5330713994109004,0.11140382352212404,0.079694552739128
2014-11-19,-0.17997853895819205,0.1800497447005235,0.18987927452177011
2014-11-20,0.20921274903882292,0.14384055472013993,0.09015407896225405
2014-11-21,0.5000411325989162,0.5469290472996489,0.22551771092848835
2014-11-24,0.3145828567227227,0.09869862324597592,0.04516240426978996
2014-11-25,-0.09136901872510705,0.11022810060889955,0.07933695678395618
2014-11-26,0.2564915220717445,0.028271192204784867,0.03820212766511289
2014-11-28,-0.25794249724802043,0.11396344908221592,0.05535574156863173
2014-12-01,-0.6813774214601942,0.43154768914826,0.2926644140376016
2014-12-02,0.6286443728243718,0.16172681143744463,0.10702957764492124
2014-12-03,0.36710228786862587,0.06461770673548223,0.05658668960012354
2014-12-04,-0.12060865405825183,0.17582199174267105,0.14614881028867197
2014-12-05,0.17459418531933224,0.1373088501620993,0.11071304160732397
2014-12-08,-0.7050660283282717,0.29583912219577463,0.30124739810104717
2014-12-09,-0.0432004239389272,1.1035315849693392,0.39332004799902753
2014-12-10,-1.621053920103499,0.7610929101236646,0.4993804791587909
2014-12-11,0.4283716144615646,0.969524869866718,0.5784340964892134
2014-12-12,-1.5732603398882716,0.785193157032014,0.8255320429076929
2014-12-15,-0.7002142266069988,1.498378156033935,1.2392709672718363
2014-12-16,-0.8044129408716572,1.6281276978345145,1.363701724244035
2014-12-17,1.9458717328637576,1.593540880201899,1.5883159749732831
2014-12-18,2.3897343134422933,1.4918787873710715,0.5979715284331937
2014-12-19,0.45745401770025396,0.2968212358944795,0.341470630429821
2014-12-22,0.39766083536232344,0.08584565101728264,0.11310882047647502
2014-12-23,0.1663070140915046,0.10828159055881847,0.06010244659773405
2014-12-24,-0.016330059352842596,0.04043344915054368,0.03344267325719908
2014-12-26,0.3519458932398578,0.08140034028117006,0.047682783831795035
2014-12-29,0.0799022077815792,0.05730923404145714,0.05093844668054782
2014-12-30,-0.5068084620346802,0.07159443332064137,0.08105162500168954
2014-12-31,-1.0349868433405796,0.2921371124472136,0.19468142505495617
2015-01-02,-0.03691972915653707,0.9337030792944454,0.6849415915266708
2015-01-05,-1.8175588168681145,0.7557303022737387,0.6655362756019715
2015-01-06,-0.9380498137068649,1.3161363346633583,1.160421348082289
2015-01-07,1.169836278655989,0.8500931026843241,0.5544872191837534
2015-01-08,1.7704773316347122,0.8159514822276658,0.26281900220527166
2015-01-09,-0.8198134326952378,0.5724403027203043,0.4939983739807529
2015-01-12,-0.8110607339627762,0.7726083791258349,0.6072051207592828
2015-01-13,-0.27445829027241686,2.219599245967971,1.18182355946816
2015-01-14,-0.5899634380202023,1.624109174219795,0.9920562043269331
2015-01-15,-0.9176140652400022,0.8737838452071041,0.9790051861349908
2015-01-16,1.3071820883382657,0.6911740402892953,0.6305996843182536
2015-01-20,0.17172143784263127,0.6996488424702754,0.7435745928597661
2015-01-21,0.49175535055283603,0.665010332263546,0.9218468380632561
2015-01-22,1.5113367196653904,0.7102752009453348,0.6326105150661574
2015-01-23,-0.5647480940554672,0.2707424129510414,0.252180086992899
2015-01-26,0.24728750997820015,0.34320642167773874,0.20218606948325393
2015-01-27,-1.3243476485365946,0.8914050295500687,0.51228774747221
2015-01-28,-1.3516098715991909,0.8691054796523151,0.8679263397460224
2015-01-29,0.9418582097458383,0.7279286493326464,1.0958517886695511
2015-01-30,-1.2995472718849932,0.9178456718990902,0.8902565648331722
2015-02-02,1.2683769754405994,1.246005414660957,1.1560898610795796
2015-02-03,1.4209446566864514,0.8588165914275038,0.4387276148084315
2015-02-04,-0.41040113822070623,0.5234729235493412,0.5863093366391211
2015-02-05,1.0203163084084643,0.3627919307354824,0.20839905427251434
2015-02-06,-0.3302737472067996,0.38936933148340597,0.427260479082598
2015-02-09,-0.43685650308882273,0.36031906186656076,0.35560173998516065
2015-02-10,1.0561946727372096,0.3971437894458272,0.25246257894230356
2015-02-11,-0.0002417482265038018,0.27662084516139646,0.21724437949415196
2015-02-12,0.9577992760663179,0.2417393035297018,0.14026702317125636
2015-02-13,0.41481342724321024,0.12074753684526586,0.0985661873458793
2015-02-17,0.1401121125933713,0.19088607488851794,0.09961642347044862
2015-02-18,-0.00809637544767483,0.15657231273305627,0.16085546146839583
2015-02-19,-0.0991146475367799,0.17911075848295838,0.09572125951543038
2015-02-20,0.5974849331335186,0.25695664651608946,0.1790349340472232
2015-02-23,-0.027964537357316743,0.12207248781085192,0.07057771878900303
2015-02-24,0.28992970880539204,0.09349634300713358,0.08400807242066397
2015-02-25,-0.08961093143629029,0.11904773628282132,0.0792320560070769
2015-02-26,-0.140133623276828,0.16324368421766214,0.18493271177840614
2015-02-27,-0.29843757693956974,0.12331917318012904,0.10623176228649274
2015-03-02,0.5898464317500185,0.0778593871946436,0.05758324747440074
2015-03-03,-0.4345856978994256,0.23682192659614984,0.2197019037139619
2015-03-04,-0.43267058112252954,0.5851079494163234,0.2875226189165834
2015-03-05,0.11476874883191712,0.12069089690790645,0.1073650357291283
2015-03-06,-1.4299208485453185,0.5578844205834278,0.3197685692326815
2015-03-09,0.3931909871075945,0.1348813595698928,0.1395633964425533
2015-03-10,-1.653483238138076,0.8635940511390968,0.4472330731832468
2015-03-11,-0.23691937715399902,0.2950178885223143,0.36948209679343935
2015-03-12,1.2347068546070261,0.5204367700033562,0.20782531274353383
2015-03-13,-0.6049766216885466,0.5608150245863559,0.5645615408105721
2015-03-16,1.3294182537187282,0.3221014442590316,0.19561770682760912
2015-03-17,-0.31864789444329134,0.3082794617560028,0.21297497596977077
2015-03-18,1.1980667762541586,1.406340782763925,0.7405776437513063
2015-03-19,-0.4655401860302888,0.3162374698642654,0.22895409875876105
2015-03-20,0.8962003881857861,0.4740177916006187,0.13404363145117892
2015-03-23,-0.17992916881270915,0.14881822727944083,0.13226608721330668
2015-03-24,-0.612471023021488,0.22256652508892788,0.19375056043988595
2015-03-25,-1.4660109792552056,0.4981118783326451,0.49064699769803255
2015-03-26,-0.23873808086518622,0.6265091731613007,0.5307387928768194
2015-03-27,0.21423478796096518,0.22918200670973443,0.32985341286409453
2015-03-30,1.228175091592476,0.614797830654306,0.22654924825427836
2015-03-31,-0.865606198149127,0.3439966963016579,0.326625646742778
2015-04-01,-0.40698124954499093,0.6817926305586217,0.5681130421185698
2015-04-02,0.3390240382055154,0.30920288021914566,0.2620060211834625
2015-04-06,0.6767819620733917,0.29096737224947244,0.25531972273658177
2015-04-07,-0.22661072842957708,0.19986786914134239,0.12688346485015137
2015-04-08,0.2744172163681391,0.6337150335209718,0.4924553125307618
2015-04-09,0.445493744656833,0.29458333013143423,0.24018856825779705
2015-04-10,0.5232330207163294,0.07487864543587427,0.06843869245318196
2015-04-13,-0.4457918267375405,0.1343535299682466,0.11774113848628298
2015-04-14,0.16233614779599392,0.27085548348402816,0.21328492719313555
2015-04-15,0.48448369808111735,0.2890355385276511,0.14585144179188056
2015-04-16,-0.0550880472871107,0.158377500040234,0.15297038712651498
2015-04-17,-1.1475762903010889,0.5729153324934314,0.28142251722662914
2015-04-20,0.915969756005719,0.38880006946027984,0.11194015265236422
2015-04-21,-0.13245161259440863,0.155087825402263,0.18654178932817567
2015-04-22,0.49697755085276185,0.2569032233477283,0.17382222922635474
2015-04-23,0.24023039544536218,0.21845321011863916,0.14218182399727633
2015-04-24,0.22737865016324577,0.09005203929162174,0.09679626309290393
2015-04-27,-0.41496485979664044,0.25117074088324204,0.23539707901744655
2015-04-28,0.2807747054701437,0.3634063861967895,0.42477196722587945
2015-04-29,-0.389413388201465,0.35479216355334203,0.4235717915989171
2015-04-30,-1.0109023122868876,0.49374009937295654,0.47066169547851455
2015-05-01,1.064524797051991,0.469264709423505,0.19697280474025994
2015-05-04,0.3093096056979938,0.1613987293793655,0.13399264830123925
2015-05-05,-1.1846168683483427,0.3316088961722532,0.349172235527079
2015-05-06,-0.4323721821472226,0.632296718867439,0.8182275598929422
2015-05-07,0.36247525332999686,0.3419706064814332,0.32926783514376085
2015-05-08,1.3211765264235176,0.6777283591039939,0.12836552752456296
2015-05-11,-0.499157067083722,0.1402387102618473,0.16401881208154837
2015-05-12,-0.29564463335871594,0.6515457936352526,0.4576194489222085
2015-05-13,-0.025252344909709734,0.3818961917520071,0.24777642105001574
2015-05-14,1.0480730937957539,0.2854217811759105,0.10239146259726474
2015-05-15,0.09638577677488769,0.07850658251972796,0.11946344043922894
2015-05-18,0.29282873286211597,0.04542225584170567,0.04823795590968814
2015-05-19,-0.04862779279841689,0.10046794678780255,0.10136736117671874
2015-05-20,-0.09638577622084199,0.2466164027209382,0.1478439959903406
2015-05-21,0.24689079465787245,0.09122531831950564,0.07835785274347438
2015-05-22,-0.22525468107792435,0.06791821430405459,0.09997855133014467
2015-05-26,-1.0369596602361142,0.3913279577644407,0.2276685127352191
2015-05-27,0.9021280205006477,0.15655896787175924,0.15356306745235196
2015-05-28,-0.11733136142799694,0.2345909888442352,0.17682132549885152
2015-05-29,-0.6333221279222201,0.36879150460694254,0.23919936490779897
2015-06-01,0.19884750876695279,0.3637950067005829,0.3382679710262228
2015-06-02,-0.10352200766989839,0.44798823368147306,0.29314486548224905
2015-06-03,0.22609366116901342,0.18357430896500762,0.12971247686561166
2015-06-04,-0.8523483916293983,0.4119662035902525,0.2739206018053228
2015-06-05,-0.1718705665131104,0.36471184138836243,0.2940744368086897
2015-06-08,-0.6385019822725546,0.12161202822514562,0.12991729485584186
2015-06-09,0.02259925047418676,0.19180373691440888,0.2033319864746822
2015-06-10,1.176256419431354,0.4373710106826763,0.14676006623912846
2015-06-11,0.2254460632084232,0.20319884647936157,0.12308018745194567
2015-06-12,-0.7198811149764062,0.3842380201246653,0.23129987027488233
2015-06-15,-0.45658901669085594,0.771425106697175,0.3118588836780594
2015-06-16,0.5608714046863028,0.19996078300049364,0.2192028948854231
2015-06-17,0.19633779255867623,0.46099084831967696,0.291237816176331
2015-06-18,0.9672256454229533,0.2592053024125935,0.1845393960877566
2015-06-19,-0.5299509636184752,0.14536138256140807,0.087429218548518
2015-06-22,0.6308006543010336,0.29135819371140875,0.23084476179882635
2015-06-23,0.059801995966868304,0.08094060618340472,0.08201219102283133
2015-06-24,-0.7271075657993897,0.12848311465603052,0.10767664361596327
2015-06-25,-0.30155620989420484,0.14933857388456548,0.17599063386114366
2015-06-26,-0.02996782049349278,0.223791682991633,0.23783953935183802
2015-06-29,-2.122813641477439,0.8018623455510677,0.3855225947944269
2015-06-30,0.25068295683539077,0.7901207411117178,0.49034759767747654
2015-07-01,0.71557822444408,0.6935993757841336,0.3170909755627614
2015-07-02,-0.07270048923615491,0.21917682993506699,0.17858895458284837
2015-07-06,-0.35946355656415463,0.5650553402837913,0.49737295628860967
2015-07-07,0.6187285728451286,0.7437683660177145,0.7922255850967445
2015-07-08,-1.677577144513176,0.8509991326367339,0.6739973089910342
2015-07-09,0.20984113459885378,1.5954513937708585,0.4386040687102357
2015-07-10,1.2205111499773658,1.2942951479035831,0.20226952308580443
2015-07-13,1.0982042627946775,0.4713614086921287,0.0940397701746576
2015-07-14,0.44673907788608247,0.0576765623657563,0.05281636285103348
2015-07-15,-0.049328376199397894,0.10750489112261234,0.1469336229812362
2015-07-16,0.7755219031167826,0.1163396412293717,0.10042669081780106
2015-07-17,0.10680619926617396,0.06440201070980216,0.044130441454384016
2015-07-20,0.07333377536884456,0.061278562666960634,0.08618517369437853
2015-07-21,-0.41957411976198955,0.1163336665781694,0.0968699303896867
2015-07-22,-0.24000880844079475,0.1905486739765177,0.11164266800256445
2015-07-23,-0.5590204095502926,0.16014863728613896,0.13021608785393662
2015-07-24,-1.071955918951506,0.210337053393941,0.21777172632265904
2015-07-27,-0.5684805963221962,0.772512300634504,0.44452688182669703
2015-07-28,1.2154683798792476,0.31258382314028205,0.2743536283611258
2015-07-29,0.717319825624152,0.20473625454997502,0.2071831299269795
2015-07-30,0.021103624803675558,0.27640199261863585,0.21753060583195905
2015-07-31,-0.19294373240743568,0.15639468225503889,0.12433308490597252
2015-08-03,-0.3221641539377096,0.27276047283306054,0.27091683049727516
2015-08-04,-0.22331556408268227,0.25730181226621773,0.2014478279165683
2015-08-05,0.3166929249535322,0.4876602944448693,0.24100702079706157
2015-08-06,-0.7734633903805133,0.37035407141156895,0.28547195492995003
2015-08-07,-0.28281492803179376,0.33446262423712186,0.2948355550977857
2015-08-10,1.2518022633974724,0.4365731217558001,0.10676981820919966
2015-08-11,-0.9339614854508405,0.6764507471000728,0.3446010106130865
2015-08-12,0.0858334165244834,0.9211753160126753,0.7737211278371002
2015-08-13,-0.1323772945656998,0.3632870822844408,0.29724687172929926
2015-08-14,0.38943638495281263,0.1540572873672632,0.14058522489490827
2015-08-17,0.5145224133349835,0.4130178157007223,0.20084078848899126
2015-08-18,-0.26622930005242296,0.09702416247489393,0.12330523824454437
2015-08-19,-0.8164287882390653,1.161505048123634,0.7383913997073686
2015-08-20,-2.1131875381428245,0.8640615267113542,0.8084182589824571
2015-08-21,-3.2257642077140325,2.0679942479233624,1.8958906026781048
2015-08-24,-4.044496253499386,24.034389284778573,21.59953456394711
2015-08-25,-1.34912480382825,7.467939755772164,3.8845711563350416
2015-08-26,3.801169665689219,6.961063873519714,5.046722816075946
2015-08-27,2.4036693773549445,3.695895116407556,2.732829539894388
2015-08-28,0.035208965572230966,1.0503555554979864,0.908442767724524
2015-08-31,-0.8296916953905331,1.0063552111383547,1.1449533641442655
2015-09-01,-2.9768605948049753,4.424685736232205,1.7619304126998672
2015-09-02,1.7872873467553063,2.2795717142469814,1.1360571057262268
2015-09-03,0.10719186573417971,1.104961172681298,0.8755977796566621
2015-09-04,-1.5351858353170655,1.825845558967709,1.1562549235920825
2015-09-08,2.472943024964813,2.4015654145204444,0.6132968862549798
2015-09-09,-1.3780274053514674,1.3561171731794113,0.7081966501674904
2015-09-10,0.5104724471233446,1.0077148825877307,0.7778953134330071
2015-09-11,0.42579248578018536,0.4645432424162585,0.48431050586505625
2015-09-14,-0.3858453383970506,0.4719583621734637,0.3483042796851116
2015-09-15,1.2825939277843368,0.2635764337091942,0.26071969246956117
2015-09-16,0.8506919717158112,0.38863971444392614,0.28513003238890644
2015-09-17,-0.2418866320121893,1.3792080612155941,1.6083530345608792
2015-09-18,-1.6316203424572961,1.9870615781280698,0.9700582671765674
2015-09-21,0.46722985588445454,0.8311335645764157,0.5457541308242502
2015-09-22,-1.2624983534364809,1.3517291685578026,0.8982785092352461
2015-09-23,-0.19220122628773595,0.455130654567185,0.48573789509409365
2015-09-24,-0.32495320909946557,1.3338815492235265,0.9763623939530591
2015-09-25,-0.049688413270487786,1.2774759579401471,0.9291858101988264
2015-09-28,-2.60460617929974,1.3851067521560285,0.7752073262452839
2015-09-29,0.10197253998569522,1.667663710958994,1.3311522995426508
2015-09-30,1.830975949247815,2.6516886324337166,1.165049467198868
2015-10-01,0.26130333324783095,0.9601010635990945,1.2831861440517514
2015-10-02,1.4199644490955343,2.5356793673752684,1.3006024549351
2015-10-05,1.8111303134447532,1.072135643462039,0.6009960995113566
2015-10-06,-0.3453677562379909,0.578093168894662,0.4638758210138688
2015-10-07,0.7915678298738626,1.174337417359191,0.7707511968561003
2015-10-08,0.8802630014800528,0.5575431998846244,0.5218763507914818
2015-10-09,0.07794909871954303,0.24198392774175623,0.2983847671116524
2015-10-12,0.1145790832543625,0.1536700232670521,0.12507268133245306
2015-10-13,-0.6699867638067403,0.32648242897702967,0.25896030835708556
2015-10-14,-0.4852654213961749,0.42347796153226963,0.45426547584898813
2015-10-15,1.4863463594602777,0.3424207848557798,0.32276417724279605
2015-10-16,0.4451715195639139,0.21758361759653067,0.21103876223248388
2015-10-19,0.05409392804640589,0.3805053852349595,0.2651983557989973
2015-10-20,-0.13873585348713746,0.3180055754681295,0.27628131078741003
2015-10-21,-0.6029275717946092,0.5569868480735268,0.49662893850618856
2015-10-22,1.646580540765008,0.6792693323556491,0.3075764019449322
2015-10-23,1.1042126599038582,0.7379392908518893,0.30560748991370024
2015-10-26,-0.2117566699915585,0.16481820802728814,0.14281058086717668
2015-10-27,-0.23833995256294926,0.30501720181795394,0.2625720455314142
2015-10-28,1.1616622779492936,0.8101774485289528,0.596964644935338
2015-10-29,-0.03684624867927866,0.1870222164202254,0.23918654100665995
2015-10-30,-0.4735082211940522,0.3438396148979988,0.29533781215367794
2015-11-02,1.1669982301341975,0.21740660719100752,0.15935798525937778
2015-11-03,0.282406287661896,0.14296985698702372,0.18407822572471003
2015-11-04,-0.3432636171427639,0.3397038177336275,0.3747754884150951
2015-11-05,-0.11992120901513914,0.3645163759857992,0.3261106087795734
2015-11-06,-0.04143478723941385,0.3842793967507324,0.34022244447344463
2015-11-09,-0.978933392938508,0.5111662091728594,0.4949572195029757
2015-11-10,0.1566984069187427,0.21711621001520656,0.30324696712217636
2015-11-11,-0.34448284710695276,0.18675359858318055,0.1815477195152139
2015-11-12,-1.401162957173252,0.6659151885662009,0.4963369285442067
2015-11-13,-1.1245627435721772,0.5107205288792576,0.42627097590916957
2015-11-16,1.4680531156940013,0.5962859523252513,0.3827740980895272
2015-11-17,-0.12574449209719063,0.4975783966526693,0.6224883531763398
2015-11-18,1.5951184253173878,0.43935204879374196,0.39989687732227874
2015-11-19,-0.10901277297259426,0.24190431131457646,0.24606912768867753
2015-11-20,0.38317989896423654,0.3407833523817381,0.16862290559274556
2015-11-23,-0.12165276823496995,0.21198848685807442,0.22407172552234403
2015-11-24,0.1302682176556047,0.3729780391188617,0.35204475179965233
2015-11-25,-0.016752944369091693,0.09472119918618734,0.10159312475351118
2015-11-27,0.05264266282862806,0.0448405698481452,0.051607267007829714
2015-11-30,-0.4204779115775992,0.1793657156069512,0.16080203650656552
2015-12-01,1.0053362745054528,0.5172206735801744,0.31754454913008423
2015-12-02,-1.0803160911454057,0.2503528574407063,0.2462943002601557
2015-12-03,-1.440769169891798,0.76083110481322,0.6998589293112402
2015-12-04,1.9854944626335858,0.9082548191388735,0.581393096112502
2015-12-07,-0.6698167220092088,0.5572032123309865,0.680896320266788
2015-12-08,-0.6469529068898972,1.5948300968290468,0.8134639524183621
2015-12-09,-0.7770746090885794,0.9598976426269894,1.026545832266924
2015-12-10,0.21950585869960904,0.5399065357039727,0.6596509868538655
2015-12-11,-1.9677702706327516,1.4266097883779185,0.6515731566816934
2015-12-14,0.49570819092705776,1.4148113757708318,1.7180093107582934
2015-12-15,1.0403975993567904,1.3293543296577046,0.4273458219373367
2015-12-16,1.4275128715920182,1.0990719982873611,0.7164017596691509
2015-12-17,-1.497516374625807,0.8138829705957993,0.7634059359261355
2015-12-18,-1.806587458638198,1.2333464984587805,0.8846699764752617
2015-12-21,0.7753536236816849,0.6065619284427682,0.5395430855049869
2015-12-22,0.8876468311265207,0.3204364087908475,0.34960997075580585
2015-12-23,1.2268059182297897,0.34805342841844056,0.13965867727735548
2015-12-24,-0.15950474502410827,0.11337573408873236,0.07622584180452778
2015-12-28,-0.21323160700124077,0.26984569729204705,0.20148592545711894
2015-12-29,1.0423941051955765,0.49150118636326,0.1489652115427202
2015-12-30,-0.7200512108402002,0.20455334838690004,0.13231398417050533
2015-12-31,-0.9540137953783834,0.5044947853546866,0.2727283310679353
2016-01-04,-1.5121213614196272,3.2636193159888554,0.8870237460063491
2016-01-05,0.19603421738789706,0.5804724038201914,0.6334007982396386
2016-01-06,-1.3132917144512923,1.737504963070414,0.9378799817637334
2016-01-07,-2.4133268596504998,2.833384857880504,2.4244814374083288
2016-01-08,-1.1079341978299517,1.4306869044676243,1.5221130124091375
2016-01-11,0.08738258521878706,1.444821690396888,1.6928211647465365
2016-01-12,0.798500459932594,2.229068398640005,1.4947698531344096
2016-01-13,-2.536488984775609,1.8845567734527398,1.765904627391186
2016-01-14,1.6282278804371053,1.9166637414682397,1.8020777611705292
2016-01-15,-2.168227813461421,5.382160389046426,1.9019503845447032
2016-01-19,0.06593219856858568,2.258231692405589,1.4941939643153268
2016-01-20,-1.1687410156599576,5.854463531970871,4.106762074596244
2016-01-21,0.4956825770605633,2.913707504762498,3.013638453377779
2016-01-22,2.0183228554240706,1.6580038326358388,0.8100916035061324
2016-01-25,-1.5559745237312406,0.6413227524734026,0.567896620952818
2016-01-26,1.3874895622252303,0.9185603089576514,0.9670870385047169
2016-01-27,-1.0822107717540774,2.033454324923772,1.1335960401044591
2016-01-28,0.5264591708030508,1.8704113353990863,2.226472172327555
2016-01-29,2.3590936670966123,1.0639923191656997,0.6264804842287867
2016-02-01,0.030950968754517305,0.7698762796719412,1.0365597911427513
2016-02-02,-1.8658170643524485,1.7411040161130829,0.8769357343192873
2016-02-03,0.5016272748108896,3.146340390501991,2.859252526592379
2016-02-04,0.14629204586071864,1.582778085215832,2.193848530705971
2016-02-05,-1.8692133012153,1.2537599339186678,1.2769705689714108
2016-02-08,-1.40834194632804,3.3325185083768463,2.0992167846965795
2016-02-09,-0.05936095410854492,2.6627774527522683,3.1635925840814227
2016-02-10,-0.045353923351854064,1.3080097000865292,1.5823983094898062
2016-02-11,-1.252081395047977,3.3653777742191724,2.068022912278197
2016-02-12,1.9372127990781252,0.9274019054820801,0.48328777514298177
2016-02-16,1.6316404844211263,0.8499308321172852,0.5374953238026593
2016-02-17,1.64645939081689,0.8880812514938394,0.39527233250312943
2016-02-18,-0.46460289339735894,0.48003151464081834,0.48567352660207314
2016-02-19,-0.002085951637287309,0.7947073963025876,0.6425002566550424
2016-02-22,1.4321462547256303,0.928128825720987,0.43765723084478175
2016-02-23,-1.2393796301340743,0.5581951540737896,0.36463071962507215
2016-02-24,0.4310754460306043,1.8170176595232574,0.7765719680746827
2016-02-25,1.1429225852076286,0.42896722363045325,0.7318243269944315
2016-02-26,-0.19796705647916468,0.6599783926126799,0.4366293906132675
2016-02-29,-0.8284171705389198,0.4919757635910325,0.5099014779682318
2016-03-01,2.360850250223301,0.6108224154570328,0.4615240783422745
2016-03-02,0.412702522142272,0.40151809997621957,0.39400961539438617
2016-03-03,0.3623565659629513,0.2552986198430976,0.27944751086779207
2016-03-04,0.3130504413605628,0.3482294884867593,0.46478614647226035
2016-03-07,0.09797110636222683,0.4893470047219926,0.4716556804286408
2016-03-08,-1.1117896188442167,0.5710384089700544,0.4551119980491605
2016-03-09,0.4797912641114621,0.4721624507699849,0.407787147844646
2016-03-10,0.03468548095533208,1.028758578099997,1.00341109274563
2016-03-11,1.608881115741223,0.733355692312375,0.20517299221567437
2016-03-14,-0.12174060859537761,0.21994902432215166,0.21053479529171074
2016-03-15,-0.17941669620977763,0.37662322226719186,0.1550373946749982
2016-03-16,0.5821777562950992,0.7171804024890335,0.5422548637320702
2016-03-17,0.6386122715934306,0.25456885438986415,0.24594913687762238
2016-03-18,0.41763106762680025,0.29524354096543076,0.25229556962627914
2016-03-21,0.11461654708009306,0.1590232621851533,0.15199542637959726
2016-03-22,-0.07070532510580207,0.3141916276114795,0.1999276242825944
2016-03-23,-0.651863440316891,0.2545062392819982,0.20497817161536702
2016-03-24,-0.03633952945927277,0.3440939173462389,0.18702593344211724
2016-03-28,0.05303164345606959,0.14882173474907415,0.13208960063113734
2016-03-29,0.8870440616322028,0.4255021860834858,0.22412991082172373
2016-03-30,0.4282349889207282,0.41347231981853316,0.2376532155056913
2016-03-31,-0.20854761472381966,0.10887867964117638,0.13197044788132442
2016-04-01,0.6368862602132985,0.5587800729182194,0.28214289653004937
2016-04-04,-0.3329398154854779,0.15764163877472082,0.1428105738344414
2016-04-05,-1.0065003449116539,0.7224942514421635,0.3215888242386362
2016-04-06,1.0447311773334356,0.3008178836480881,0.3074040812136466
2016-04-07,-1.203757675297723,0.58620716800549,0.44829564283737183
2016-04-08,0.27092733326039564,0.5001026155159938,0.2655573558499272
2016-04-11,-0.2684788553565909,0.4765553381781343,0.28707567607578954
2016-04-12,0.9586100323466518,0.33992984541510224,0.293201201798811
2016-04-13,0.9975397795591867,0.36382968165106483,0.23330644991339988
2016-04-14,0.003841555061967483,0.10936497632628173,0.15369942291621874
2016-04-15,-0.09992842497847931,0.07605216364900333,0.05740438986218842
2016-04-18,0.6663800974989975,0.12951952149511767,0.14921722200936777
2016-04-19,0.306544702106315,0.2262334441161749,0.16457084664068486
2016-04-20,0.07708413019678062,0.12803226714963237,0.15194307340366095
2016-04-21,-0.5150201416352473,0.15718026366410362,0.258481184265215
2016-04-22,0.002868562467917002,0.19858627752468072,0.206472326418436
2016-04-25,-0.17944348638261332,0.2070958493907144,0.1376239569601064
2016-04-26,0.1703594229312877,0.18760745406982077,0.17218244879287325
2016-04-27,0.19250111629061095,0.2884832992206621,0.20711990380535478
2016-04-28,-0.9255252482417653,0.3595705173344855,0.36882060832686686
2016-04-29,-0.5164538734229396,0.5599613147482064,0.5608929696487442
2016-05-02,0.7663574935909523,0.23686071139725776,0.2042680243307009
2016-05-03,-0.8685636537482999,0.5464000767853576,0.27436693076303104
2016-05-04,-0.5944745631903281,0.4918682002467023,0.3113878011709846
2016-05-05,-0.03266962022587805,0.33233066033599473,0.31308047199913985
2016-05-06,0.32621690686474025,0.27615663905363386,0.45812876213042153
2016-05-09,0.08211677076870316,0.20804357141378188,0.1887565577158328
2016-05-10,1.230924387144583,0.2418499532518157,0.12863411746290224
2016-05-11,-0.9530056388863173,0.22150539917371675,0.14198080528433418
2016-05-12,-0.00774991039547146,0.4150778271228583,0.3746557283295021
2016-05-13,-0.8713242396074072,0.32776916985163357,0.31168054328693356
2016-05-16,0.9754135043315237,0.18996272317337284,0.1910789766702793
2016-05-17,-0.9568473942691114,0.41163309262984143,0.2871833987521426
2016-05-18,0.023935423319443316,0.8953859805108559,0.6160324092067245
2016-05-19,-0.3660068283799056,0.6232463648684755,0.6980707275716841
2016-05-20,0.59676283932113,0.32992173684686754,0.16206086980270779
2016-05-23,-0.18143779760473322,0.11745468601157007,0.10213423182601866
2016-05-24,1.3354868256127084,0.373942451763576,0.17678324480075963
2016-05-25,0.682167233796438,0.28637043194677764,0.15896883264669298
2016-05-26,-0.004784391402345989,0.09669189360566817,0.12013089643332099
2016-05-27,0.41205275082036863,0.09812235383205764,0.06732172416327233
2016-05-31,-0.09581900952646549,0.17642246717628543,0.1537425559177172
2016-06-01,0.12011669922156187,0.3389984136476415,0.16136543673241843
2016-06-02,0.27068637146197005,0.19761695415955285,0.10736959446179388
2016-06-03,-0.2778321379556026,0.422301363203961,0.2770603055002072
2016-06-06,0.48854536603375465,0.10726705122198217,0.15460569701031363
2016-06-07,0.14543665529540561,0.07118827508081553,0.060272746386677
2016-06-08,0.3180855178773534,0.16435989003264295,0.10509853562878063
2016-06-09,-0.16907851536167584,0.16703699866791208,0.13716743684498175
2016-06-10,-0.91885569520338,0.48386733984832114,0.2603311163096342
2016-06-13,-0.8166947168094296,0.3337722188870238,0.2821274350192614
2016-06-14,-0.18196877854927962,0.4050096770632834,0.46322832037475403
2016-06-15,-0.16154585989598402,0.2584961678217666,0.24376190651771748
2016-06-16,0.29155733847865406,0.6452734958453566,0.5823084544553707
2016-06-17,-0.33113969684901434,0.34734178107088104,0.32461849336847387
2016-06-20,0.5887367865759607,0.8637034124500966,0.279245342163103
2016-06-21,0.2574139720211477,0.16641908140878012,0.2179412722784901
2016-06-22,-0.16002686499643204,0.20775009405793388,0.20332435592426037
2016-06-23,1.3086030733105325,0.27035314176303615,0.18956752694749457
2016-06-24,-3.6469490472622823,5.777022181543432,1.5249246894148254
2016-06-27,-1.8168449274044818,1.5305412381463954,1.0658231569757282
2016-06-28,1.749575782009316,1.0441053499357937,0.6055176993314676
2016-06-29,1.6847230614448705,0.4364895549337228,0.33126014928476005
2016-06-30,1.3637567065002187,0.4240042456114854,0.297239703375666
2016-07-01,0.1756495078588216,0.13744933495461326,0.13293475176780345
2016-07-05,-0.686736893640294,0.2328815417190218,0.21418030300054486
2016-07-06,0.5434795985957308,0.47486829368168326,0.38421141657964664
2016-07-07,-0.09101067740235891,0.26872482571647693,0.30300105462932625
2016-07-08,1.4989351114569338,0.17383310904774613,0.13876394337768652
2016-07-11,0.3544041662578046,0.16367641647312098,0.1318904411671993
2016-07-12,0.7045977030617934,0.34255315004152903,0.09274917878871794
2016-07-13,0.007434495131519725,0.1197350250641413,0.1122981156099977
2016-07-14,0.5232059501115494,0.2691334040581431,0.16595046553127274
2016-07-15,-0.09757474374643138,0.11339053588720822,0.11339382346254172
2016-07-18,0.24860461585936022,0.07225996981189638,0.055271945489441345
2016-07-19,-0.13762656424889386,0.07090130683386019,0.05788639626350283
2016-07-20,0.4298007492566924,0.04894233615003953,0.047685191754711385
2016-07-21,-0.3743578747868348,0.11452960228695123,0.11030497134281125
2016-07-22,0.4497972899371483,0.08208703745836049,0.06230721369363359
2016-07-25,-0.28595853519863823,0.10697100401138,0.0990234565152913
2016-07-26,0.028125569324721766,0.2703854182760703,0.16600393605524347
2016-07-27,-0.1000892584473334,0.25918627785405407,0.15538949249522857
2016-07-28,0.13650242382210465,0.2455245724697286,0.17927860506459622
2016-07-29,0.15380296915221692,0.1659520096437929,0.14134780127359628
2016-08-01,-0.11970645726364637,0.19399601867846264,0.1957812286167466
2016-08-02,-0.6280391365311111,0.3338764294582675,0.22392880555522074
2016-08-03,0.29302117246290393,0.08881773983358071,0.08882047626695931
2016-08-04,0.043902315743515885,0.13117682645513318,0.08118977925514975
2016-08-05,0.8277534017129717,0.14430750408203505,0.0748613697986031
2016-08-08,-0.0728834607441442,0.04603711923928337,0.0531914335411592
2016-08-09,0.04126131306190217,0.05891135578739808,0.04981852693387266
2016-08-10,-0.28229221512283686,0.1037848527380475,0.10361449155029306
2016-08-11,0.4691302653624163,0.12194019213966449,0.060197537255044474
2016-08-12,-0.09016988708063778,0.05447810585246167,0.05564128393784242
2016-08-15,0.29172803123778124,0.060826077779429354,0.03495479791790023
2016-08-16,-0.5448207560441176,0.1300727695337815,0.08918827525555038
2016-08-17,0.1683413276345469,0.17847511903911856,0.1473253421011333
2016-08-18,0.22386275443393444,0.06088668848667213,0.06712059958926549
2016-08-19,-0.14506451507063645,0.19690293413591492,0.11527911100602918
2016-08-22,-0.04351460670770635,0.2719987260684887,0.14886449143407007
2016-08-23,0.19269460215838308,0.07460483745286126,0.04704321111262153
2016-08-24,-0.5111559791273201,0.1255294949371645,0.07021185668061473
2016-08-25,-0.1393587424773024,0.10214524571911858,0.14562384377069437
2016-08-26,-0.1552248192304262,0.4900867595571529,0.33770416904512024
2016-08-29,0.5085325618667369,0.14208578243600967,0.07466074467913947
2016-08-30,-0.19648536354210933,0.08979715499884643,0.12534484039198462
2016-08-31,-0.24753285086154264,0.1283151746674376,0.10134202298045057
2016-09-01,-0.006910261049331012,0.26749730429073315,0.22419617834334774
2016-09-02,0.4284532153448595,0.1403281835829665,0.14207042066267153
2016-09-06,0.3009325677123975,0.10570772665278275,0.08520834014500232
2016-09-07,-0.01646602513876161,0.0750030676882753,0.06410157743180507
2016-09-08,-0.22897557219021536,0.08728372300029962,0.09546823231346648
2016-09-09,-2.4575822689596905,0.5376776981900601,0.35799029951018674
2016-09-12,1.4401088582382648,0.6321579398774048,0.509633364490346
2016-09-13,-1.4951002701537597,0.585399599024746,0.8760164304369408
2016-09-14,-0.05502166910895667,0.42395705113925464,0.4599076187785781
2016-09-15,1.0025545462255536,0.28379267255133217,0.3808744933393001
2016-09-16,-0.38915638678851394,0.43456142423474947,0.22980288128823426
2016-09-19,0.010284987667130707,0.2980918900230755,0.2040478865044335
2016-09-20,0.020099422092378916,0.18101463458684547,0.15897996335009895
2016-09-21,1.0905091544285206,0.4200261820332621,0.2730978475238122
2016-09-22,0.6391800468517062,0.22591169871997305,0.10138439156553165
2016-09-23,-0.5523030831899867,0.09057190554924001,0.11206701191003084
2016-09-26,-0.8540141852151351,0.2402209057127258,0.18525078863854547
2016-09-27,0.6214027054954663,0.20127138391854613,0.2379373220851217
2016-09-28,0.5185868962471751,0.20868030737544346,0.1921009573496459
2016-09-29,-0.9254526700771315,0.5264314778959572,0.4728098811450119
2016-09-30,0.7816446842321412,0.2234125560686157,0.1944215700932209
2016-10-03,-0.3247888610836469,0.1526952193837453,0.18011970487077067
2016-10-04,-0.4838221572388335,0.45815967843720234,0.34146546114879756
2016-10-05,0.42156221186333553,0.16580647338335927,0.1269950009893177
2016-10-06,0.05439279834602573,0.16707321669490127,0.14997839858011563
2016-10-07,-0.3272657711468341,0.3582120082818854,0.28259960609639667
2016-10-10,0.45861227651142755,0.12067617408672447,0.04661578423149667
2016-10-11,-1.2407730216817292,0.41556454293830736,0.32175156841076297
2016-10-12,0.11411575567956689,0.17331747021943442,0.17908125296724747
2016-10-13,-0.311787787630724,0.4153059643643661,0.3170080286068913
2016-10-14,0.021097392674906956,0.30372344969926685,0.21444366115382998
2016-10-17,-0.31692920042258876,0.14601136837212159,0.1203010159615378
2016-10-18,0.6085544325531878,0.09898865984769512,0.1308390969015146
2016-10-19,0.2315702047942736,0.07431173678994699,0.06862204224632085
2016-10-20,-0.1493387372815569,0.3407527138731757,0.31301055216693857
2016-10-21,-0.008406932922255805,0.19865625030633113,0.10566773089198557
2016-10-24,0.4604051116260166,0.10459331225502967,0.07185180969843817
2016-10-25,-0.35023695401577015,0.09657694078931771,0.08362988876766014
2016-10-26,-0.17885124394707574,0.18521325481274545,0.17705659008270583
2016-10-27,-0.2887977124784946,0.2304695828489777,0.22271072949880008
2016-10-28,-0.32301710778632753,0.6848330041050729,0.615032666995335
2016-10-31,-0.010346270884031838,0.12998405510821814,0.1390465108872773
2016-11-01,-0.6852315627453365,0.36064952533330347,0.33279811563845135
2016-11-02,-0.6499143974668442,0.49208493154112065,0.4971999629414916
2016-11-03,-0.44616700633364204,0.1762496600559977,0.1701877369589412
2016-11-04,-0.16003453261017597,0.3667589931412141,0.290906120343837
2016-11-07,2.1813872608832163,0.7700089134636254,0.23984580392540772
2016-11-08,0.3910013901857745,0.2858421733268841,0.22038389617088522
2016-11-09,1.0825790816922698,1.416940437646291,1.131878688660009
2016-11-10,0.2152087800787683,1.1493784197972994,1.0073209221464763
2016-11-11,-0.16113211469033217,0.319821418503588,0.31782677206091403
2016-11-14,0.010627017121844773,0.26907372075022357,0.265258887143341
2016-11-15,0.7374298062804208,0.13005513154056553,0.10976609765844686
2016-11-16,-0.15972904543044564,0.10503517389039388,0.14234286295189413
2016-11-17,0.4642506212928943,0.06348888851262192,0.06540932597493576
2016-11-18,-0.23116846446464834,0.05907597147843061,0.09463912311761555
2016-11-21,0.7380932891149605,0.10832400472996685,0.061856251310642936
2016-11-22,0.20836299496460597,0.07174459927783709,0.07823788382180588
2016-11-23,0.07941352398486146,0.0645905352680622,0.06749598615710073
2016-11-25,0.39928706610927733,0.024192713274970554,0.01576978317844018
2016-11-28,-0.5172956399635886,0.09528978899555893,0.08199467463280391
2016-11-29,0.1291214363236648,0.14221664638247725,0.09580283719556339
2016-11-30,-0.24954288043730344,0.34858340826339046,0.2019878225591135
2016-12-01,-0.3744589077398608,0.18620545052121903,0.22952592219184126
2016-12-02,0.046541977596614714,0.14511389769988883,0.13797051475013913
2016-12-05,0.5745116204855627,0.08801864588903972,0.09549977021745887
2016-12-06,0.3423156718998399,0.08984184895849129,0.07580458400924339
2016-12-07,1.2800419104440408,0.258643965556406,0.16804989634936418
2016-12-08,0.23268471481356912,0.13483252173864724,0.17137262977191384
2016-12-09,0.6014848797555317,0.0989478646835849,0.08766229308633981
2016-12-12,-0.11424777064670266,0.14024888511971023,0.15055621978751818
2016-12-13,0.6478860446706314,0.15579591716260585,0.13957242672855422
2016-12-14,-0.8066324252899548,0.8693631821420114,0.7106158316782928
2016-12-15,0.3809224690376922,0.2859774325369185,0.28889258476403684
2016-12-16,-0.17654989021602674,0.16720230590260854,0.20539420486413673
2016-12-19,0.20439771749192204,0.13059921774632943,0.10186621200975086
2016-12-20,0.35515239380998764,0.08688140231661393,0.07259612102715532
2016-12-21,-0.23721665290326044,0.030258034081040306,0.03731598035589345
2016-12-22,-0.1895601139395353,0.07711510799973868,0.060294850828014994
2016-12-23,0.11360246992042633,0.019310128690724064,0.029067914082445082
2016-12-27,0.23254849538369982,0.0611842164065015,0.0396123042245281
2016-12-28,-0.8338508355325125,0.14224873040899108,0.12004063776338027
2016-12-29,-0.024892097332163132,0.12284555185637519,0.08454050258438603
2016-12-30,-0.4294739316543783,0.24316090675077323,0.1563438648685554
2017-01-03,0.7862605712015913,0.2796976330998357,0.3434542010212002
2017-01-04,0.5817012898003071,0.08673376557414114,0.09154551401147244
2017-01-05,-0.071370986759689,0.1131457933503096,0.07632615981445837
2017-01-06,0.35898151260411737,0.1933673786979551,0.1136629862340553
2017-01-09,-0.34972684394762865,0.06737613627785417,0.0742211727410384
2017-01-10,-0.011458287439314319,0.1258725713959742,0.09616532752705675
2017-01-11,0.27068142378370297,0.3967879835948031,0.2858023810052045
2017-01-12,-0.21208169131305965,0.29633882125655336,0.23169774783557845
2017-01-13,0.1874645752597104,0.0855889790205187,0.051413178153823715
2017-01-17,-0.29720189982338496,0.12365224021607772,0.08653134769779153
2017-01-18,0.1762262495622835,0.10469282794432261,0.07822753041529043
2017-01-19,-0.36115688709292826,0.1370863937755816,0.12522017249586767
2017-01-20,0.3307800155449847,0.20592335377148313,0.2136315712305588
2017-01-23,-0.2512929677479292,0.17644279297103968,0.17104115478896453
2017-01-24,0.6410884783348614,0.07415176941299272,0.07531049038579894
2017-01-25,0.8059574950754822,0.07569530009859377,0.08630135228532375
2017-01-26,-0.07660300867282643,0.07055293674365601,0.09215798387717718
2017-01-27,-0.09627218325221065,0.055039060332888724,0.057897753228252684
2017-01-30,-0.6111547866607836,0.27573095480036,0.19125514717556827
2017-01-31,-0.06755215809670645,0.11550236011109154,0.1584040707864716
2017-02-01,0.016234229249789678,0.21338661596346611,0.17268616007711024
2017-02-02,0.06578745626670823,0.1822545249188931,0.11608279023714058
2017-02-03,0.7108077049611694,0.07250251762256454,0.08063235332263768
2017-02-06,-0.1982731283606043,0.06141379100758827,0.056351152736392456
2017-02-07,0.012212781563469832,0.08336527652099046,0.0773176372824445
2017-02-08,0.07716773028061397,0.09000165567421894,0.09475035694094644
2017-02-09,0.5684179171869808,0.07271823865554126,0.059927843080922326
2017-02-10,0.37111411302026553,0.052997047926680994,0.04422478289351687
2017-02-13,0.5137347850382668,0.04767787282566785,0.058596436262390604
2017-02-14,0.3948075782059135,0.09687768657139414,0.08597089807874733
2017-02-15,0.49760688538347253,0.07634556479981704,0.09727322799848208
2017-02-16,-0.0817685909389354,0.15936978801895474,0.25379226334646654
2017-02-17,0.15879134624627866,0.0664886059489428,0.07554871129793057
2017-02-21,0.5962976076502535,0.12370148880620517,0.09218125308100819
2017-02-22,-0.10153487748914003,0.0837509031862892,0.05625510009471918
2017-02-23,0.05035726256013007,0.1034165784076908,0.08512461014654316
2017-02-24,0.1365563084113397,0.12648156422147688,0.13646617484379797
2017-02-27,0.11696031227872439,0.09940936538056684,0.09718373679227776
2017-02-28,-0.24505570377550967,0.099104602497672,0.06634393747860845
2017-03-01,1.3400176561953359,0.14701006985030107,0.14186020538723493
2017-03-02,-0.5953071346746164,0.14088323304347994,0.12142610893316114
2017-03-03,0.044078662233637544,0.09049021460880513,0.10800103367606746
2017-03-06,-0.30138166479183326,0.09689725654316712,0.08393175746114533
2017-03-07,-0.3073597957283347,0.08073105182621172,0.09239407719872511
2017-03-08,-0.2138956869676356,0.09534979169277932,0.10473077205715385
2017-03-09,0.08037021489606389,0.10539937042552487,0.11849826964491986
2017-03-10,0.33558707467493676,0.10969312294986781,0.15401052541503982
2017-03-13,0.028652088006175802,0.04711423274485094,0.04620540148429373
2017-03-14,-0.3490183981464945,0.13325341755679201,0.11391313622515614
2017-03-15,0.8109518126972581,0.1548854326125203,0.13979108977147375
2017-03-16,-0.14436133120510064,0.09752421804073058,0.10926228010413645
2017-03-17,-0.1365796061554292,0.05323994309879721,0.046412731968006986
2017-03-20,-0.18857605453579396,0.12617742507391,0.09295511885131702
2017-03-21,-1.251979833050676,0.4895448378392152,0.3531837029561321
2017-03-22,0.19605927268440126,0.28848002581577903,0.23896205400644788
2017-03-23,-0.10608001301495307,0.23686903444695864,0.28969898417208345
2017-03-24,-0.07248879939112385,0.3383036235559028,0.22925327908404947
2017-03-27,-0.11651854197625156,0.25613138934822166,0.2144648685006009
2017-03-28,0.7208296462028585,0.21305381456749023,0.1503500066513984
2017-03-29,0.1131411185214759,0.12155392649404882,0.10045359571184478
2017-03-30,0.28968427777789074,0.0839511493383015,0.08701494315998916
2017-03-31,-0.22914069619410782,0.10609781611478229,0.08838377333780553
2017-04-03,-0.15672656545939745,0.22918078597490313,0.18876067000255844
2017-04-04,0.0445014258395382,0.13129869709378872,0.12785363150120918
2017-04-05,-0.30555107798697634,0.28946330263653236,0.3253908642495496
2017-04-06,0.20422857763326974,0.27501328243234213,0.25548970431490864
2017-04-07,-0.08189608990196717,0.19047510488388092,0.1761165958360372
2017-04-10,0.06111016995467011,0.24220711265200376,0.1998651960543529
2017-04-11,-0.1341518494236027,0.27971063599801305,0.3229400778832564
2017-04-12,-0.3924494789454336,0.1930214884840312,0.2142035033931418
2017-04-13,-0.6679714258760683,0.2687856895825529,0.22601636197792135
2017-04-17,0.8537468785524638,0.09998474814418379,0.1240306223484001
2017-04-18,-0.2958695558403335,0.15198648579256777,0.17592349658919146
2017-04-19,-0.18033807583961448,0.15689526023138584,0.11888636302526139
2017-04-20,0.7707799394007786,0.11917564349329321,0.11653148315294017
2017-04-21,-0.3018093836898217,0.1500194877008974,0.13485034946372382
2017-04-24,1.0650088701131821,0.0664609495565207,0.06776433022473742
2017-04-25,0.6093239671609574,0.1046526887389933,0.06968333189253528
2017-04-26,-0.04354981287972848,0.21463094883060096,0.23275433050717986
2017-04-27,0.05610873517323256,0.12736736613808644,0.09122359701274435
2017-04-28,-0.20281007760365455,0.08369995382056138,0.07326749994948098
2017-05-01,0.2074146206140881,0.06603848830819016,0.07997726249850279
2017-05-02,0.07699002857366466,0.06443689068926695,0.06090026356729119
2017-05-03,-0.1255577018808296,0.08582200730294431,0.07543332247690115
2017-05-04,0.06907624407812563,0.15382024167538969,0.13951768086994024
2017-05-05,0.4063730478572225,0.05115038689626317,0.046119015754628734
2017-05-08,-0.012921700763968147,0.059149202859717684,0.05509582708287296
2017-05-09,-0.086743657096644,0.08365916974536852,0.06260806563068123
2017-05-10,0.10925134731918362,0.050470195193339576,0.04646465587179841
2017-05-11,-0.20275181954616528,0.12399986530131357,0.11901457942990505
2017-05-12,-0.1663462725804088,0.051738465472382505,0.043189057887495975
2017-05-15,0.4886373595950566,0.06669667006351183,0.03444560952138474
2017-05-16,-0.07287279439855965,0.06065615368692073,0.07573399233326264
2017-05-17,-1.812568276241766,0.37021448135140594,0.3468449897353144
2017-05-18,0.3506115998994197,0.4328368334144249,0.38776410109441506
2017-05-19,0.6673291674544224,0.13964595096354768,0.10686749791043171
2017-05-22,0.5159723809926575,0.06728875664361855,0.05877153572683959
2017-05-23,0.1965575939196995,0.06327493831157173,0.04981820784516464
2017-05-24,0.2365248620834315,0.03962453852655774,0.05744565823526643
2017-05-25,0.4444663872894772,0.0876651498293756,0.08560818036287844
2017-05-26,0.02235784148503228,0.04096978739226918,0.04089773453172914
2017-05-30,-0.11059588277460008,0.0374670352531084,0.04248081391525564
2017-05-31,-0.04767264323159992,0.13111416265578965,0.13524761026659415
2017-06-01,0.751818016553063,0.08354235724400885,0.07462233645671607
2017-06-02,0.3389436839730031,0.07568141155995574,0.059843768554188194
2017-06-05,-0.07754753252031676,0.044273821868611334,0.039211917504319585
2017-06-06,-0.2807403024797317,0.07808246069368364,0.06679020214405243
2017-06-07,0.15053863582359384,0.08625576655827932,0.06882709785306797
2017-06-08,0.02958750114041564,0.12590283837969002,0.14191580350871696
2017-06-09,-0.10647373591972098,0.49186785663008203,0.38313314997731146
2017-06-12,-0.07118272658841462,0.17793419724159434,0.19061114399062087
2017-06-13,0.4451898996075343,0.08035702110276606,0.06173953458340476
2017-06-14,-0.10167685677728855,0.18240459199362602,0.185605937485241
2017-06-15,-0.21887372993996124,0.16184092660621685,0.15615811141754474
2017-06-16,0.021374635787640983,0.06540358931121977,0.11659626702708166
2017-06-19,0.819061047170333,0.05402925739877783,0.035430537776156804
2017-06-20,-0.6494591601962973,0.11454961455496117,0.0877229432206378
2017-06-21,-0.05130194177498382,0.1318107921537279,0.11399090603254883
2017-06-22,-0.05214974074112533,0.09909584609242852,0.07699503008001925
2017-06-23,0.14242356377183185,0.07267756932834656,0.07743428674621677
2017-06-26,0.03649672492667122,0.1477147234998519,0.11405404368844131
2017-06-27,-0.7940355585925651,0.20794838369639143,0.15682283778722275
2017-06-28,0.8530582430508638,0.08743829465823708,0.1702503327078633
2017-06-29,-0.8509919181542536,0.4807872001758466,0.4240943182150444
2017-06-30,0.1540275613244546,0.22387608597973602,0.1650258269924998
2017-07-03,0.22668643736558636,0.11568181812342303,0.08330269924273825
2017-07-05,0.14645447102861198,0.09255406386757802,0.11626824278262912
2017-07-06,-0.9284220438771307,0.1842442701170969,0.17785216865112646
2017-07-07,0.618392789514921,0.09768324191280385,0.08063974922937606
2017-07-10,0.10674536887664843,0.05737832867730808,0.044209365333152985
2017-07-11,-0.07870852498186309,0.22586625950753053,0.1479802105007383
2017-07-12,0.7294865176297627,0.10408310254056583,0.07946598758566609
2017-07-13,0.18644516718522297,0.045702987920832945,0.05323294788181425
2017-07-14,0.4556522109346872,0.05353908314191589,0.04794258188652475
2017-07-17,-0.008132990667775175,0.029900399005599546,0.029147064953217092
2017-07-18,0.06748379222303313,0.07403322472598588,0.08673829880055342
2017-07-19,0.5196417174860635,0.04073840478695042,0.03495438293176247
2017-07-20,0.021424832270966476,0.10909711074289571,0.08102598876173303
2017-07-21,-0.06914189526110448,0.04043633515431495,0.053142358316238064
2017-07-24,-0.05623830624132964,0.03471144146072388,0.03393269518673056
2017-07-25,0.25464024624053394,0.03737797094456867,0.0326628605600156
2017-07-26,0.02462124664557308,0.07092418216074918,0.05995814982770069
2017-07-27,-0.09650152466234019,0.34888203815996693,0.26393767708104565
2017-07-28,-0.1354205823875354,0.04368559524240837,0.07782842842161469
2017-07-31,-0.04976765084094836,0.08119451140660414,0.07947245077458995
2017-08-01,0.21467347365593525,0.06682481832123253,0.05563128755430249
2017-08-02,0.03956926085368906,0.14527453034090937,0.12224030160302461
2017-08-03,-0.20649767602529678,0.06720919843221868,0.045535664881466896
2017-08-04,0.17419741249735665,0.10119333497300032,0.07142877987358073
2017-08-07,0.17711937591320392,0.01556864408375695,0.018713953636830018
2017-08-08,-0.23528615462904412,0.1084139057422932,0.09526251816927
2017-08-09,-0.0404135115950055,0.14388782154573534,0.17191329554793544
2017-08-10,-1.4506963205896284,0.2738227078073861,0.29651444665265664
2017-08-11,0.12828632969021925,0.1588398051270271,0.13830232220535643
2017-08-14,0.9725554066481124,0.11248613048029485,0.07629072985250271
2017-08-15,-0.02109516360633279,0.07977409425161178,0.08073841509349833
2017-08-16,0.13865972616553535,0.06835927938839446,0.08719584606815833
2017-08-17,-1.5482789419472454,0.32135226953551155,0.3157939762493233
2017-08-18,-0.195231312190991,0.34895598967180025,0.23426247281895005
2017-08-21,0.11125442559736243,0.14180997987958968,0.14166922234029283
2017-08-22,0.9945356329457589,0.16555345227623736,0.10618861611993244
2017-08-23,-0.3451427189572698,0.10252341031842686,0.12219307729788133
2017-08-24,-0.2088889102338065,0.2000412809654028,0.16621340257337636
2017-08-25,0.18638265442278978,0.11668722868650715,0.09430658994013157
2017-08-28,0.022915413580282262,0.05648271554271768,0.05978403250023687
2017-08-29,0.09692320719816294,0.07656062249875466,0.07907789062513311
2017-08-30,0.44862876641733607,0.07619842970690474,0.07244538690303066
2017-08-31,0.5753695103311252,0.09400411875936891,0.07824690437299293
2017-09-01,0.19159494456246762,0.046013748897625335,0.04985828352841919
2017-09-05,-0.7466199822132147,0.3283163852545295,0.285119257903328
2017-09-06,0.32008346241356733,0.07106679577358688,0.06934102523467542
2017-09-07,-0.025958434203232628,0.08994672888073132,0.09793686489734348
2017-09-08,-0.1412670425154694,0.05579793838781573,0.07093854120013592
2017-09-11,1.06270925742864,0.08758290702630728,0.05216749998874871
2017-09-12,0.3526760263146578,0.05339470078983636,0.04145889137170318
2017-09-13,0.054855844623968864,0.03590040454615067,0.03458991886457748
2017-09-14,-0.07728733853538117,0.04424116506188289,0.03799160882888427
2017-09-15,0.14411474025610715,0.024938956023591804,0.03531358489761263
2017-09-18,0.17226464262414254,0.06581352063345602,0.04806069493382932
2017-09-19,0.10417395196569146,0.03636283884624989,0.036346456691259514
2017-09-20,0.053840525667414596,0.09195885932736933,0.07218395941623101
2017-09-21,-0.2874850251891381,0.05522514900544338,0.07987003588321955
2017-09-22,0.033982261586640305,0.035316044902294105,0.03197649205792197
2017-09-25,-0.20326592812418554,0.12533059115857453,0.12290143310101245
2017-09-26,0.022027093413790055,0.05530684776899216,0.06857715161533895
2017-09-27,0.3984522803333057,0.11042456432131408,0.0949770727468652
2017-09-28,0.10723476868887971,0.05376590298689553,0.049846499744508076
2017-09-29,0.36151733313154466,0.044580004152138225,0.04884816631650505
2017-10-02,0.40450837727110667,0.053339408242366534,0.04818925629881303
2017-10-03,0.2180164533806206,0.03090963552478674,0.04593876878885357
2017-10-04,0.12025843208958165,0.05986011977368417,0.04623218813456371
2017-10-05,0.5677915256172561,0.03355274279264691,0.041714698893564585
2017-10-06,-0.12742326433832218,0.039831909784940694,0.04883591925678858
2017-10-09,-0.1696266657701173,0.046196257329777446,0.042462101396452345
2017-10-10,0.2429638849489102,0.06908901932233577,0.07306199899818265
2017-10-11,0.166084365144048,0.02430943031493687,0.031002710412644924
2017-10-12,-0.1770619160634368,0.0449444782158369,0.034224671424844186
2017-10-13,0.12107843559991949,0.03999531069918339,0.03391552494123493
2017-10-16,0.15221745378593,0.029881935371808485,0.026757828526428235
2017-10-17,0.07426371777148333,0.019909235823904036,0.02058693330293234
2017-10-18,0.07069470533318523,0.024257136774554322,0.02582613126399072
2017-10-19,0.044500309113715275,0.07189228381418268,0.05599905535967616
2017-10-20,0.48936595060871113,0.03522004441869576,0.028851565878075778
2017-10-23,-0.3711849873886841,0.06383521822731236,0.04706971685265393
2017-10-24,0.15346566589204969,0.04465542930225404,0.06027795954421142
2017-10-25,-0.47283625465137646,0.2906715855420652,0.2206588437348192
2017-10-26,0.1250586375276086,0.11552977036602405,0.09145422640265712
2017-10-27,0.8048294048161431,0.12014155505048406,0.115016632904942
2017-10-30,-0.32480853421708034,0.10319337606518512,0.1002184050386621
2017-10-31,0.09440798545758966,0.03007381340587552,0.03194919089797799
2017-11-01,0.16296443610466227,0.09941655388781584,0.09350910473980092
2017-11-02,0.01821998504807354,0.20481113557115488,0.17926234393072119
2017-11-03,0.3103921867515069,0.054953994720138996,0.04163342365979551
2017-11-06,0.1293678726407954,0.02410472810312668,0.025952166075125786
2017-11-07,-0.06022212881919842,0.10607362510565294,0.0743845534894541
2017-11-08,0.18248497055761703,0.058620206900603135,0.05171918838695109
2017-11-09,-0.37226731901531807,0.23456269599614984,0.28924863270300766
2017-11-10,-0.08902410818754092,0.05746344510083792,0.05793503085193437
2017-11-13,0.09676159087881331,0.05796741611890916,0.054561349338729165
2017-11-14,-0.2354874281409458,0.12767487342323017,0.17617505369441355
2017-11-15,-0.5439688043887614,0.32069319256524476,0.16842364232176618
2017-11-16,0.8084664617398651,0.06557198290043527,0.05887828730214025
2017-11-17,-0.26721209291347137,0.03736253797159231,0.043543228817827205
2017-11-20,0.13524434200009594,0.019871667941876992,0.049962925184273616
2017-11-21,0.6554110116068657,0.059884745227256966,0.04139103337630914
2017-11-22,-0.08275071531977929,0.028107916180978045,0.02300637797107597
2017-11-24,0.2050193909411746,0.01298564870412032,0.012497171208244099
2017-11-27,-0.035357961290127804,0.06208798046639451,0.04936666827092419
2017-11-28,0.9857082508972326,0.13316620494278147,0.10798584600783993
2017-11-29,-0.048350837658883705,0.15841652569279,0.12549413265966522
2017-11-30,0.8040701744660872,0.3448007045299192,0.2421978672815624
2017-12-01,-0.2049545242101658,1.2153326780725502,0.9288459015233771
2017-12-04,-0.10377177203100274,0.22126935928573485,0.23825134359364175
2017-12-05,-0.3640515818246648,0.15753934104495648,0.16535024180579364
