YEAR,unit,n,w,k,ys
1976,1,NA,NA,NA,NA
1977,1,1.6176044532,2.5765434154,-0.5286502198,4.5612935213
1978,1,1.7227665807,2.5097455748,-0.4591823971,4.5783836392
1979,1,1.6124333948,2.55252639,-0.3899363024,4.601245487
1980,1,1.5507489484,2.6249511439,-0.482724193,4.610656133
1981,1,1.4092781817,2.6595389668,-0.6780615245,4.6007413716
1982,1,1.1524689265,2.6992179895,-0.8606195551,4.5912243639
1983,1,1.0770481478,2.6231021791,-0.9364934653,4.6054711203
1984,1,NA,NA,NA,NA
1976,2,NA,NA,NA,NA
1977,2,4.267162775,2.6940121424,2.8294592638,4.5612935213
1978,2,4.2576389923,2.6464300519,2.8473599167,4.5783836392
1979,2,4.2615242697,2.7049386759,2.8645580902,4.601245487
1980,2,4.2770965573,2.7402592215,2.8711549664,4.610656133
1981,2,4.2998535749,2.7848198297,2.8162048518,4.6007413716
1982,2,4.2824686782,2.7807676308,2.7879021557,4.5912243639
1983,2,4.2270964515,2.7914779109,2.8547215688,4.6054711203
1984,2,NA,NA,NA,NA
1976,3,NA,NA,NA,NA
1977,3,2.9526159896,3.1220124146,1.9597425879,4.5612935213
1978,3,2.9673328265,3.0298341372,1.9382955012,4.5783836392
1979,3,2.9907197126,3.0542275547,1.9251971292,4.601245487
1980,3,3.0076608331,3.0999571673,1.8953233422,4.610656133
1981,3,2.9739977658,3.2137185825,1.8267404637,4.6007413716
1982,3,2.8972922007,3.2126444445,1.7430243186,4.5912243639
1983,3,2.8243506794,3.3641079813,1.9937611065,4.6054711203
1984,3,NA,NA,NA,NA
1976,4,NA,NA,NA,NA
1977,4,3.2642315208,2.6965375492,2.1389125622,4.7725667307
1978,4,3.2861605631,2.6971847292,2.1681389537,4.7887833913
1979,4,3.3061538581,2.6997222774,2.2177785714,4.7777099024
1980,4,3.3261145728,2.7234772613,2.2410925669,4.717752138
1981,4,3.3020766405,2.8479801972,2.1853656392,4.5804060796
1982,4,3.1988363577,2.9608405481,2.1271001216,4.5239405687
1983,4,3.1162670874,2.9960072754,2.0062120403,4.5261713338
1984,4,NA,NA,NA,NA
1976,5,4.4621885885,3.026857781,3.1081855626,4.5528142352
1977,5,4.4670568663,2.9057091011,3.1032539482,4.56958238
1978,5,4.4659081187,2.8979485342,3.2255336053,4.5932625652
1979,5,4.5042442843,2.9008500017,3.2328378824,4.6099935112
1980,5,4.4908810054,2.9595505856,3.3407181965,4.6063924307
1981,5,4.4152195651,2.9869033973,3.2502155779,4.5903306266
1982,5,4.3000027578,2.9646182379,3.0139699128,4.6002410656
1983,5,NA,NA,NA,NA
1984,5,NA,NA,NA,NA
1976,6,-0.2903522666,3.1436737156,-1.7754924582,4.6325168335
1977,6,-0.2665731447,3.0223401688,-1.8213942923,4.6730811431
1978,6,-0.2718086914,3.0415991081,-1.8977868454,4.6883967658
1979,6,-0.3160815849,3.0801928976,-1.9255194973,4.7106017288
1980,6,-0.3133418108,3.1557528053,-1.9186841867,4.6242519497
1981,6,-0.2497442533,3.1832569486,-1.9575779114,4.6001285064
1982,6,-0.2459005317,3.227101862,-2.0706800065,4.5982493193
1983,6,NA,NA,NA,NA
1984,6,NA,NA,NA,NA
1976,7,0.4700036441,3.4291788657,-0.0066218988,4.6517331403
1977,7,0.5007752735,3.3518320628,-0.069350048,4.6772964388
1978,7,0.5187937622,3.3965265195,-0.0356272048,4.6906026537
1979,7,0.5187937622,3.4206535221,-0.0378057325,4.714554471
1980,7,0.5068175823,3.3137713652,-0.0807763125,4.605170186
1981,7,0.4446857846,3.4495683863,-0.0008003337,4.5991168981
1982,7,0.4317823917,3.468008309,-0.1276060923,4.5980760666
1983,7,NA,NA,NA,NA
1984,7,NA,NA,NA,NA
1976,8,2.2132073319,3.4310441459,1.5148195366,4.6517331403
1977,8,2.3846257612,3.1973620267,1.5302648318,4.6772964388
1978,8,2.3748126894,3.3341953658,1.6168702461,4.6906026537
1979,8,2.3941610031,3.358446417,1.5840791201,4.714554471
1980,8,2.3700568038,3.3493916489,1.1700333269,4.605170186
1981,8,2.100958359,3.457439064,1.0417950076,4.5991168981
1982,8,1.5477752975,3.3977347056,0.5599585751,4.5980760666
1983,8,NA,NA,NA,NA
1984,8,NA,NA,NA,NA
1976,9,0.6961427105,3.2612646089,-0.961288082,4.6325168335
1977,9,0.9768211936,3.0889721389,-0.7872381042,4.6730811431
1978,9,0.9976863307,3.1271990129,-0.7920839451,4.6883967658
1979,9,1.0094166946,3.1515387136,-0.7931885372,4.7106017288
1980,9,1.014143121,3.1386934387,-0.7601420751,4.6242519497
1981,9,1.0469680475,3.1906573829,-0.731887996,4.6001285064
1982,9,1.012327954,3.2920667812,-0.7438090659,4.5982493193
1983,9,NA,NA,NA,NA
1984,9,NA,NA,NA,NA
1976,10,1.3410354427,3.1507383058,0.1215979702,4.5577189726
1977,10,1.3699108673,3.0598847801,0.0141987083,4.5719390859
1978,10,1.2607311711,3.0412743123,0.1105569612,4.5974736359
1979,10,1.2584609842,3.0181589027,0.1506589111,4.6124783921
1980,10,1.2432896689,3.1567706201,0.0794579344,4.605170186
1981,10,1.1281710631,3.2563758037,0.0616593278,4.5873360895
1982,10,1.1823405299,3.2594840514,0.0914847286,4.6028023489
1983,10,NA,NA,NA,NA
1984,10,NA,NA,NA,NA
1976,11,0.3067491113,3.1381602008,-0.891842028,4.6517331403
1977,11,0.2971371986,3.00704311,-0.5549516512,4.6772964388
1978,11,0.2911760059,3.0975439714,-0.5864475898,4.6906026537
1979,11,0.3023243823,3.1157173541,-0.6645596811,4.714554471
1980,11,0.2342813417,3.117396639,-0.528480542,4.605170186
1981,11,0.1466943726,3.2564991054,-0.7242251478,4.5991168981
1982,11,0.161268107,3.1794903032,-0.8303424135,4.5980760666
1983,11,NA,NA,NA,NA
1984,11,NA,NA,NA,NA
1976,12,0.5766133482,3.5351190847,-1.3590683262,4.6517331403
1977,12,0.4965238431,3.4143735148,-1.5740707413,4.6772964388
1978,12,0.3293037369,3.4385927356,-1.609938031,4.6906026537
1979,12,0.3001046101,3.5058726956,-1.6059440235,4.714554471
1980,12,0.0788111963,3.4083285841,-1.9152839218,4.605170186
1981,12,-0.248461396,3.3925400067,-2.1558907076,4.5991168981
1982,12,-0.3856624703,3.4379631873,-2.2672179219,4.5980760666
1983,12,NA,NA,NA,NA
1984,12,NA,NA,NA,NA
1976,13,0.8556910781,3.10831518,-0.5473167793,4.8347441894
1977,13,0.8696182893,3.1381298467,-0.5774997932,4.8517559853
1978,13,0.8649974375,3.1567067275,-0.6399856321,4.8317430312
1979,13,0.8816992713,3.2582580627,-0.6577800238,4.8285209302
1980,13,0.8180161769,3.1849922416,-0.7747911868,4.666306654
1981,13,0.5749265213,3.2602979811,-0.980829253,4.5857110681
1982,13,0.4298324261,3.3571200916,-1.1561354513,4.5733430446
1983,13,NA,NA,NA,NA
1984,13,NA,NA,NA,NA
1976,14,NA,NA,NA,NA
1977,14,NA,NA,NA,NA
1978,14,1.1521530435,3.0402897142,-0.9410958788,4.847226531
1979,14,1.1301109416,3.0859705441,-0.841415172,4.8254488586
1980,14,1.0956077586,3.1655172504,-0.8608560144,4.7783938184
1981,14,0.9902843792,3.0630403897,-0.9649558719,4.5987254366
1982,14,0.7770286426,3.2396074603,-1.1871157071,4.5772109217
1983,14,0.5883420657,3.247311661,-1.5891452196,4.5767130655
1984,14,0.3562748452,3.244356448,-1.7808194924,4.6050321607
1976,15,NA,NA,NA,NA
1977,15,1.9768549238,3.1174984717,0.6150775201,4.6571505192
1978,15,1.9907469442,3.0935347639,0.6531061141,4.6838269756
1979,15,1.9596721767,3.1041470877,0.7818445926,4.7068094079
1980,15,1.9742199349,3.0292057087,0.889741388,4.6631305599
1981,15,1.8873726693,3.0733921843,0.7540070518,4.5705073256
1982,15,1.669780117,3.142215053,0.4443011078,4.5218026747
1983,15,1.6852872346,3.2228638339,0.3057184155,4.5244892984
1984,15,NA,NA,NA,NA
1976,16,1.014143121,3.3793504604,-0.0861026783,4.7570325484
1977,16,0.9677440019,3.2983743735,-0.1493124129,4.7510006078
1978,16,0.9734269513,3.3059778604,-0.1602861517,4.7256163661
1979,16,0.9884253431,3.2825789838,-0.6392273254,4.690430044
1980,16,0.8825271246,3.2331376535,-0.6420739171,4.605170186
1981,16,0.7966058597,3.229740585,-0.5691612277,4.4908810054
1982,16,0.7447903884,3.3121693964,-0.6709943548,4.5053498507
1983,16,NA,NA,NA,NA
1984,16,NA,NA,NA,NA
1976,17,NA,NA,NA,NA
1977,17,0.0861777269,3.1753501678,-2.0541637769,4.8454776035
1978,17,0.1345309396,3.1185647275,-1.971125372,4.847226531
1979,17,0.1781462293,3.1389707356,-1.7175800784,4.8254488586
1980,17,0.2303177104,3.2202588402,-1.6955405745,4.7783938184
1981,17,0.2768738781,3.1887752919,-1.7538858477,4.5987254366
1982,17,0.1722711904,3.3487068945,-1.9166426407,4.5772109217
1983,17,0.1510028629,3.3830130502,-2.0826466672,4.5767130655
1984,17,NA,NA,NA,NA
1976,18,NA,NA,NA,NA
1977,18,2.0024255078,3.4001602,0.1564907769,4.7555279544
1978,18,2.0003983612,3.2680887861,0.2345186004,4.7447147002
1979,18,1.9738032033,3.2485433586,0.3027677285,4.716935122
1980,18,1.9274552163,3.1912908097,0.4492905528,4.6697868577
1981,18,1.8133578756,3.191220928,0.2948314827,4.5777990206
1982,18,1.7552683343,3.2789280604,0.1297115847,4.4945179329
1983,18,1.702381656,3.2806480388,-0.0405095138,4.495355303
1984,18,NA,NA,NA,NA
1976,19,3.1583187066,3.5269603741,1.7004114487,4.7570325484
1977,19,3.1144482032,3.411777858,1.6224725746,4.7510006078
1978,19,3.0849328834,3.3738946798,1.6287698374,4.7256163661
1979,19,3.0477078083,3.3546821071,1.743898908,4.690430044
1980,19,2.9568875349,3.3916317545,1.608877758,4.605170186
1981,19,2.7879697745,3.4448154513,1.5398519862,4.4908810054
1982,19,2.7032386743,3.5220216684,1.4213960233,4.5053498507
1983,19,NA,NA,NA,NA
1984,19,NA,NA,NA,NA
1976,20,NA,NA,NA,NA
1977,20,0.0516432078,3.3338103657,-1.9761631439,4.7555279544
1978,20,0.1106465056,3.2795267992,-1.8288384365,4.7447147002
1979,20,0.1177830357,3.2427564147,-1.7749023915,4.716935122
1980,20,0.0392206765,3.2449489628,-1.426699791,4.6697868577
1981,20,-0.005012537,3.2382862094,-1.545524573,4.5777990206
1982,20,-0.0801260682,3.2401284066,-1.6009738243,4.4945179329
1983,20,-0.0965109088,3.2742878382,-1.6734432334,4.495355303
1984,20,NA,NA,NA,NA
1976,21,NA,NA,NA,NA
1977,21,0.6886370533,3.3907092488,-0.8460652711,4.7555279544
1978,21,0.9824529356,3.3367797706,-0.6202685091,4.7447147002
1979,21,1.0773886646,3.2799107342,-0.5635234491,4.716935122
1980,21,1.103599865,3.2404846873,-0.4193104714,4.6697868577
1981,21,0.9936220656,3.2355283902,-0.5155032528,4.5777990206
1982,21,0.5971868067,3.304693825,-0.7064350597,4.4945179329
1983,21,0.4891933494,3.3570608888,-0.9058455046,4.495355303
1984,21,NA,NA,NA,NA
1976,22,0.3364722196,3.3519966336,-1.7059487884,4.7570325484
1977,22,0.3736303498,3.2189357901,-1.6960856913,4.7510006078
1978,22,0.4219943944,3.1542647913,-1.7081538983,4.7256163661
1979,22,0.4440445999,3.1407066598,-1.6109390491,4.690430044
1980,22,0.436963761,3.1467351569,-1.6830844471,4.605170186
1981,22,0.2919230567,2.9986430341,-1.8898134443,4.4908810054
1982,22,0.0305292226,3.0513987118,-2.0249533618,4.5053498507
1983,22,NA,NA,NA,NA
1984,22,NA,NA,NA,NA
1976,23,2.3565997102,3.4814554498,0.2855548165,4.7570325484
1977,23,2.3120402782,3.363935031,0.3043179379,4.7510006078
1978,23,2.1860512339,3.2905748702,0.4678137577,4.7256163661
1979,23,2.1446438531,3.3017710698,0.2534787134,4.690430044
1980,23,1.8637699981,3.3434093671,0.1300629208,4.605170186
1981,23,1.6873244899,3.2920110449,-0.1296531766,4.4908810054
1982,23,1.5494755948,3.3745761848,-0.2695802261,4.5053498507
1983,23,NA,NA,NA,NA
1984,23,NA,NA,NA,NA
1976,24,0.5152159869,3.3174461349,-0.9511410156,4.7570325484
1977,24,0.5766133482,3.2043142943,-0.8906229773,4.7510006078
1978,24,0.5971868067,3.1628809436,-0.7060297844,4.7256163661
1979,24,0.585004998,3.1575024554,-0.7117185798,4.690430044
1980,24,0.5394131001,3.1653189392,-0.8063158712,4.605170186
1981,24,0.258510662,3.0946088104,-1.0752864807,4.4908810054
1982,24,0.1889660537,3.3362640886,-1.1529629006,4.5053498507
1983,24,NA,NA,NA,NA
1984,24,NA,NA,NA,NA
1976,25,-0.2587707098,3.5409535743,-2.7870934139,4.7570325484
1977,25,-0.2382572049,3.4080769933,-2.7551417502,4.7510006078
1978,25,-0.1984509474,3.3966470462,-2.6535620212,4.7256163661
1979,25,-0.1972321939,3.355764061,-2.3454926206,4.690430044
1980,25,-0.1887421137,3.3114878044,-2.4733734555,4.605170186
1981,25,-0.2094872378,3.1459781631,-2.6882475195,4.4908810054
1982,25,-0.2984060577,3.3047525697,-2.8647040106,4.5053498507
1983,25,NA,NA,NA,NA
1984,25,NA,NA,NA,NA
1976,26,1.1268757428,3.3725235357,-0.6875628265,4.7570325484
1977,26,1.1942254887,3.2746208275,-0.6047701113,4.7510006078
1978,26,1.2175797925,3.2621000343,-0.5041811268,4.7256163661
1979,26,1.1996635345,3.2158793202,-0.5817847151,4.690430044
1980,26,1.142310164,3.2311086658,-0.528480542,4.605170186
1981,26,0.996948649,3.2756152378,-0.7433884231,4.4908810054
1982,26,0.9182887802,3.3063847689,-0.609357692,4.5053498507
1983,26,NA,NA,NA,NA
1984,26,NA,NA,NA,NA
1976,27,NA,NA,NA,NA
1977,27,NA,NA,NA,NA
1978,27,1.8832745491,3.2571807382,0.5569837282,4.7256163661
1979,27,1.8526977446,3.2475799179,0.6403263895,4.690430044
1980,27,1.7495475952,3.2599064402,0.5178409823,4.605170186
1981,27,1.5830939136,3.2553890627,0.4642998588,4.4908810054
1982,27,1.482740307,3.3256257938,0.3889291198,4.5053498507
1983,27,1.9925210847,2.9594105601,0.3639484352,4.4647580498
1984,27,1.9664128087,3.466947646,0.3401796447,4.4704953001
1976,28,NA,NA,NA,NA
1977,28,-0.4796499778,2.5827061276,-3.3932292477,4.5427626934
1978,28,-0.3202052491,2.6144791735,-3.2314545611,4.5870061843
1979,28,-0.2574762279,2.6707497723,-3.1304072133,4.6305133557
1980,28,-0.3438997646,2.6680959121,-2.857710987,4.6251365327
1981,28,-0.4292456016,2.7141316901,-2.9132310699,4.6000742157
1982,28,-0.6520051841,2.7957190899,-3.119030503,4.5460388944
1983,28,-0.6991652351,2.8412515044,-3.2289261661,4.5957085274
1984,28,NA,NA,NA,NA
1976,29,NA,NA,NA,NA
1977,29,0.1043600282,3.3327472079,-2.0858620985,4.5612182666
1978,29,0.1301507355,3.3347512534,-1.9704077423,4.6071681582
1979,29,0.1789826388,3.3584499338,-1.8024160199,4.6288867275
1980,29,0.211880312,3.3718269461,-1.8369660654,4.6161101109
1981,29,0.0525924691,3.3888109576,-1.9611253323,4.5741953502
1982,29,-0.0629397886,3.4248943901,-1.9834043195,4.564868921
1983,29,-0.0932123671,3.5040968713,-1.9653988093,4.6381212714
1984,29,NA,NA,NA,NA
1976,30,0.1213322396,3.4585948637,-1.8091091006,4.7570325484
1977,30,0.1663615324,3.2906679669,-1.7498500287,4.7510006078
1978,30,0.1621188487,3.2619698214,-1.5735882241,4.7256163661
1979,30,0.1731126265,3.315668545,-1.5582696168,4.690430044
1980,30,0.1388920412,3.304473519,-1.5506974212,4.605170186
1981,30,-0.0439518696,3.2053568912,-1.6825463696,4.4908810054
1982,30,-0.115410882,3.2111702025,-1.6884811252,4.5053498507
1983,30,NA,NA,NA,NA
1984,30,NA,NA,NA,NA
1976,31,0.5827741279,3.1485563848,-1.7231666965,4.6517331403
1977,31,0.5905605627,3.0411644136,-1.4097676922,4.6772964388
1978,31,0.7241612165,3.0844434964,-1.0981124201,4.6906026537
1979,31,0.6851149925,3.1559658597,-1.1453894633,4.714554471
1980,31,0.4434029272,3.215666717,-1.2928039729,4.605170186
1981,31,0.2507586924,3.3357126393,-1.3935204089,4.5991168981
1982,31,0.1052604583,3.3213710181,-1.7384083184,4.5980760666
1983,31,NA,NA,NA,NA
1984,31,NA,NA,NA,NA
1976,32,NA,NA,NA,NA
1977,32,0.5715443744,3.0534397418,-1.7533083039,4.564868921
1978,32,0.5810976698,3.0462733033,-1.7550418506,4.6111522425
1979,32,0.6211139464,3.0450509061,-1.824489272,4.6285614568
1980,32,0.6227246963,3.048296218,-1.9255194973,4.6142954466
1981,32,0.509224363,2.9388920109,-2.1387670304,4.5689387201
1982,32,0.4127717079,3.0269353392,-2.2681836553,4.5685923214
1983,32,0.402794914,3.1401139903,-2.3227878265,4.6463917589
1984,32,NA,NA,NA,NA
1976,33,2.5899421481,3.1935703021,0.6349882477,4.5390303672
1977,33,2.603356117,3.1565918404,0.6014155888,4.5829246082
1978,33,2.5991277689,3.1533982236,0.6757975492,4.6308379179
1979,33,2.4639383778,3.123993532,0.6279684755,4.6269316479
1980,33,2.3708043626,3.1890968179,0.4996231205,4.605170186
1981,33,2.1771352535,3.4556540278,0.2941610442,4.5422304025
1982,33,1.8378475722,3.2204985005,0.0593061116,4.5870061843
1983,33,NA,NA,NA,NA
1984,33,NA,NA,NA,NA
1976,34,NA,NA,NA,NA
1977,34,0.1947441043,2.7202883428,-2.1964249209,4.5612182666
1978,34,0.2669690265,2.7183898952,-2.118598251,4.6071681582
1979,34,0.3300229363,2.827727713,-2.0842531204,4.6288867275
1980,34,0.3414597395,2.8181355221,-2.0241960601,4.6161101109
1981,34,0.1449657859,2.8187325293,-2.1982250648,4.5741953502
1982,34,0.1773090198,2.8440368792,-2.3258537219,4.564868921
1983,34,0.300845023,2.882686736,-2.3475824431,4.6381212714
1984,34,NA,NA,NA,NA
1976,35,NA,NA,NA,NA
1977,35,1.6813864387,3.247377731,0.6052444796,4.5501858938
1978,35,1.7690024431,3.214040162,0.7462138861,4.5951198501
1979,35,1.8026994068,3.3375153594,0.7953426691,4.6298627986
1980,35,1.9056832121,3.3571688598,0.8034802991,4.6215355551
1981,35,2.6486540073,3.3695519128,1.4662139639,4.5898026934
1982,35,2.5386053586,3.4290492125,1.4882867341,4.553613683
1983,35,2.5015179331,3.4749371678,1.516927783,4.6128903241
1984,35,NA,NA,NA,NA
1976,36,-0.7528972148,3.1781829654,-2.1848020838,4.5390303672
1977,36,-0.7381445774,3.1407672108,-2.0302704799,4.5829246082
1978,36,-0.8164453931,3.1653357618,-1.9200475365,4.6308379179
1979,36,-0.7962879284,3.1518082294,-1.7487000085,4.6269316479
1980,36,-0.889162032,3.1525265833,-1.6466207107,4.605170186
1981,36,-0.9519178904,3.1730538731,-1.7649227732,4.5422304025
1982,36,-1.0216512078,3.1340932411,-1.8721022493,4.5870061843
1983,36,NA,NA,NA,NA
1984,36,NA,NA,NA,NA
1976,37,NA,NA,NA,NA
1977,37,2.6672281801,3.4725780624,0.4929263725,4.7555279544
1978,37,2.6891391669,3.4340388246,0.4632936906,4.7447147002
1979,37,2.6697943747,3.4661920127,0.558472292,4.716935122
1980,37,2.5979376621,3.397564093,0.5752079015,4.6697868577
1981,37,2.4593323602,3.4067552444,0.7564975002,4.5777990206
1982,37,2.3065771105,3.4671847952,0.8124402255,4.4945179329
1983,37,2.206844809,3.5903869739,0.7563097285,4.495355303
1984,37,NA,NA,NA,NA
1976,38,2.0092873063,3.2737995566,0.7353442287,4.6650858307
1977,38,2.0643279184,3.1286053308,0.723870403,4.6910496614
1978,38,2.1108190912,3.1095340908,0.8117299232,4.6808563059
1979,38,2.0994892005,3.2372538827,0.8714606879,4.6498261301
1980,38,2.0084824717,3.3108677529,0.7060139905,4.605170186
1981,38,1.7805300021,3.323581715,0.3293037369,4.5298321861
1982,38,1.6170091991,3.3245214943,0.3311725463,4.5002384351
1983,38,NA,NA,NA,NA
1984,38,NA,NA,NA,NA
1976,39,NA,NA,NA,NA
1977,39,0.3947411229,3.4566383754,-1.4537170066,4.7555279544
1978,39,0.4388998836,3.2799784172,-1.2245156614,4.7447147002
1979,39,0.4421184221,3.2468100248,-1.0647907535,4.716935122
1980,39,0.4855078158,3.3108896731,-1.061027521,4.6697868577
1981,39,0.3414597395,3.3252230743,-1.2046396648,4.5777990206
1982,39,-0.2057949001,3.3140150916,-1.5769707441,4.4945179329
1983,39,-0.3581045354,3.3713668248,-1.7475512239,4.495355303
1984,39,NA,NA,NA,NA
1976,40,2.5774098716,3.2628085279,0.5119849294,4.6686669431
1977,40,2.556762091,3.1717883919,0.507720795,4.6846216639
1978,40,2.4988917074,3.1517183989,0.4898675206,4.6834146846
1979,40,2.5160822765,3.1944232462,0.4707533385,4.6576744092
1980,40,2.5386053586,3.3045322766,0.6550818008,4.6165225113
1981,40,2.5444326339,3.359458287,0.5997701184,4.5492059656
1982,40,2.5010260066,3.3647097416,0.5230111099,4.5077194034
1983,40,NA,NA,NA,NA
1984,40,NA,NA,NA,NA
1976,41,NA,NA,NA,NA
1977,41,2.5200324438,3.3347761893,0.3293037369,4.7555279544
1978,41,2.6556334833,3.2482676554,0.44622309,4.7447147002
1979,41,2.6903613698,3.2369750488,0.6542504019,4.716935122
1980,41,2.6965847549,3.2667131688,0.7998018766,4.6697868577
1981,41,2.7020992125,3.2934450891,0.8233856185,4.5777990206
1982,41,2.626406238,3.3309751498,0.7932639263,4.4945179329
1983,41,2.5745950269,3.3942197918,0.7714961964,4.495355303
1984,41,NA,NA,NA,NA
1976,42,0.2053868662,3.1783038207,-1.2616019321,4.6650858307
1977,42,0.5905605627,3.1510337573,-1.2289487704,4.6910496614
1978,42,0.5440669863,3.0551420069,-1.2033064081,4.6808563059
1979,42,0.5760514333,3.1128128191,-1.1181009489,4.6498261301
1980,42,0.273075928,3.1786786097,-1.310074308,4.605170186
1981,42,-0.3581045354,3.1239319567,-1.6933631546,4.5298321861
1982,42,-0.5008752827,3.2095484788,-2.044074385,4.5002384351
1983,42,NA,NA,NA,NA
1984,42,NA,NA,NA,NA
1976,43,NA,NA,NA,NA
1977,43,2.4908886842,2.9299662945,0.8598896861,4.8454776035
1978,43,2.882507541,2.7572656438,0.8926945105,4.847226531
1979,43,2.8735081072,2.7803832825,0.8426441876,4.8254488586
1980,43,2.8858616373,2.8094086932,0.81292818,4.7783938184
1981,43,2.3963486047,3.1987057366,0.845181292,4.5987254366
1982,43,2.2907149173,3.3399742137,0.7059646792,4.5772109217
1983,43,2.190647438,3.3718131966,0.6225637764,4.5767130655
1984,43,NA,NA,NA,NA
1976,44,NA,NA,NA,NA
1977,44,-0.2471801059,3.1666853129,-1.4171660023,4.7555279544
1978,44,-0.1743534184,3.0876138453,-1.4520069085,4.7447147002
1979,44,-0.1266976731,3.0766807376,-1.3547957467,4.716935122
1980,44,-0.145025761,3.0435553078,-1.4363252859,4.6697868577
1981,44,-0.3410828136,3.0239017465,-1.597509347,4.5777990206
1982,44,-0.529329118,3.0915423138,-1.7620065066,4.4945179329
1983,44,-0.2797139261,3.1658082877,-1.7737231261,4.495355303
1984,44,NA,NA,NA,NA
1976,45,NA,NA,NA,NA
1977,45,3.4747576131,3.2132359424,2.4415032167,4.8454776035
1978,45,3.5238868902,3.249614487,2.4485019765,4.847226531
1979,45,3.537736744,3.2744921627,2.5560948734,4.8254488586
1980,45,3.5069977877,3.3765870312,2.5781693057,4.7783938184
1981,45,3.4350833904,3.3341526029,2.4565843179,4.5987254366
1982,45,3.2667512787,3.470891386,2.3866504548,4.5772109217
1983,45,3.1937220941,3.4813539369,2.3197666205,4.5767130655
1984,45,NA,NA,NA,NA
1976,46,1.0888985817,2.9731133865,0.0238141254,4.8423239599
1977,46,1.1200475881,2.9581394461,-0.0761253947,4.8548800698
1978,46,1.1085626101,2.9291383171,-0.0978333912,4.8239096443
1979,46,1.0851892812,3.0866190799,-0.084251549,4.8300530076
1980,46,0.9388346657,2.9812479015,-0.1471088548,4.605170186
1981,46,0.8180161769,3.1732631937,-0.1619308817,4.5791392645
1982,46,0.7738050757,3.2710582883,-0.223768761,4.5714034813
1983,46,NA,NA,NA,NA
1984,46,NA,NA,NA,NA
1976,47,0.8862438593,3.3093415533,-0.6426441864,4.7570325484
1977,47,0.7617399533,3.2549724144,-0.9026344184,4.7510006078
1978,47,0.6795552522,3.2124230128,-1.0202633004,4.7256163661
1979,47,0.5844477801,3.1966302471,-1.0796923644,4.690430044
1980,47,0.440188527,3.1013482364,-1.1558177808,4.605170186
1981,47,0.2029408635,3.1018340534,-1.3567355867,4.4908810054
1982,47,0.0741794185,3.1373230168,-1.464904792,4.5053498507
1983,47,NA,NA,NA,NA
1984,47,NA,NA,NA,NA
1976,48,0.498955424,3.2431078137,-0.9837669069,4.8423239599
1977,48,0.8488680099,3.1425173152,-0.6516214314,4.8548800698
1978,48,0.8725477619,3.1695553115,-0.578747671,4.8239096443
1979,48,0.8561160477,3.3110975778,-0.5679252481,4.8300530076
1980,48,0.8272408892,3.1304598475,-0.4811050425,4.605170186
1981,48,0.7153978268,3.2703556901,-0.6464545052,4.5791392645
1982,48,0.658555757,3.3200524139,-0.8280509663,4.5714034813
1983,48,NA,NA,NA,NA
1984,48,NA,NA,NA,NA
1976,49,1.3238868736,3.3056478073,0.014790055,4.7672890225
1977,49,1.3061682929,3.1905339302,-0.050767105,4.7525120239
1978,49,1.3139924376,3.1339626037,-0.0975025573,4.7320230904
1979,49,1.3080624809,3.1086724996,-0.0298408328,4.699343356
1980,49,1.2375042953,3.101883454,-0.1271518134,4.6271762513
1981,49,1.0423945966,3.0295006103,-0.2529586536,4.520701046
1982,49,0.9604989544,3.0815842326,-0.4295529195,4.5017522606
1983,49,NA,NA,NA,NA
1984,49,NA,NA,NA,NA
1976,50,4.2885672344,3.234784602,3.2904669212,4.6650858307
1977,50,4.2944378233,3.1263438106,3.2440170941,4.6910496614
1978,50,4.2594776091,3.1036310594,3.2647932871,4.6808563059
1979,50,4.2841657019,3.1324243164,3.2483258838,4.6498261301
1980,50,4.1713519202,3.2065886555,3.1106801953,4.605170186
1981,50,3.8776799827,3.2093587109,2.8911769705,4.5298321861
1982,50,3.7039897455,3.2083445674,2.7622163587,4.5002384351
1983,50,NA,NA,NA,NA
1984,50,NA,NA,NA,NA
1976,51,-0.2652684521,3.1497100782,-1.383897196,4.8347441894
1977,51,-0.2797139261,3.0924006033,-1.4943251108,4.8517559853
1978,51,-0.3215835912,3.0772800373,-1.5663784089,4.8317430312
1979,51,-0.4004775417,3.1558167589,-1.6793240508,4.8285209302
1980,51,-0.4385049918,3.1269315637,-1.7814131504,4.666306654
1981,51,-0.579818491,3.2265979314,-1.9776072119,4.5857110681
1982,51,-0.5942072578,3.3224752234,-2.0325579767,4.5733430446
1983,51,NA,NA,NA,NA
1984,51,NA,NA,NA,NA
1976,52,2.6517619898,3.3332289808,1.0469329828,4.7570325484
1977,52,2.6549306772,3.1879051599,0.9853315911,4.7510006078
1978,52,2.6365542103,3.1055995918,0.9341699316,4.7256163661
1979,52,2.6111721093,3.1036445006,0.9322428161,4.690430044
1980,52,2.5119542493,3.0758319066,0.8178838069,4.605170186
1981,52,2.3518513452,3.1002454149,0.8997954326,4.4908810054
1982,52,2.3954376711,3.0745757726,0.9708167961,4.5053498507
1983,52,NA,NA,NA,NA
1984,52,NA,NA,NA,NA
1976,53,NA,NA,NA,NA
1977,53,1.9283278804,3.2589884125,0.0351740559,4.7555279544
1978,53,1.9383099156,3.1078504054,0.0551508362,4.7447147002
1979,53,1.9307965085,3.0994884909,0.032757605,4.716935122
1980,53,1.8849461787,3.0655754609,0.0455467998,4.6697868577
1981,53,1.7261537047,3.0798896054,-0.0783940619,4.5777990206
1982,53,1.5443659035,3.1360114712,-0.1874144884,4.4945179329
1983,53,1.5022980598,3.2381646076,-0.2434737891,4.495355303
1984,53,NA,NA,NA,NA
1976,54,NA,NA,NA,NA
1977,54,1.3355272561,3.1695427277,-0.612673835,4.8454776035
1978,54,1.41317974,3.1208174646,-0.5418003817,4.847226531
1979,54,1.437700141,3.1376223753,-0.4609249777,4.8254488586
1980,54,1.4245531063,3.2136622916,-0.4417661033,4.7783938184
1981,54,1.3241529813,3.1230078724,-0.5308582501,4.5987254366
1982,54,1.116124705,3.268747325,-0.718054846,4.5772109217
1983,54,0.9692625855,3.3092977142,-0.8708394857,4.5767130655
1984,54,NA,NA,NA,NA
1976,55,1.7014699749,3.5787548131,-1.6863189256,4.7570325484
1977,55,1.876100599,3.5188351657,-1.4292018577,4.7510006078
1978,55,1.931666332,3.4899802811,-1.1248536063,4.7256163661
1979,55,1.9751915457,3.4759367684,-1.0048487226,4.690430044
1980,55,1.8719560001,3.5691269668,-0.9477813869,4.605170186
1981,55,1.7578579504,3.557981745,-0.821207826,4.4908810054
1982,55,1.7327169529,3.6173162976,-0.6857743906,4.5053498507
1983,55,NA,NA,NA,NA
1984,55,NA,NA,NA,NA
1976,56,1.0667775304,3.0920374208,-0.5306882986,4.8423239599
1977,56,1.107902374,3.0232501871,-0.5376830642,4.8548800698
1978,56,1.0935997117,3.0083621785,-0.5300084774,4.8239096443
1979,56,1.0567481171,3.1224001636,-0.5686313502,4.8300530076
1980,56,0.960116207,3.0201712231,-0.7036016357,4.605170186
1981,56,0.7608058781,3.2204505883,-0.9457195724,4.5791392645
1982,56,0.4446857846,3.2579926555,-1.0984122755,4.5714034813
1983,56,NA,NA,NA,NA
1984,56,NA,NA,NA,NA
1976,57,NA,NA,NA,NA
1977,57,0.7168637547,2.6847883888,-1.9575779114,4.7700734396
1978,57,0.7691818633,2.6769584977,-1.9776072119,4.7896618565
1979,57,0.69863207,2.6710680795,-1.9435130583,4.7787158465
1980,57,0.6296747439,2.6579141648,-2.1244389385,4.7309742843
1981,57,-0.0222456241,2.6571989124,-2.428148283,4.5866547975
1982,57,-0.1779311937,2.735924724,-2.6882475195,4.5251979905
1983,57,-0.1984509474,2.783306056,-2.831914211,4.5230996414
1984,57,NA,NA,NA,NA
1976,58,3.0368742242,3.400653894,1.9342423264,4.7570325484
1977,58,3.1225851612,3.2610575635,2.0719006708,4.7510006078
1978,58,3.171574523,3.2397171557,2.1563794427,4.7256163661
1979,58,3.1386631008,3.195983802,2.1094371286,4.690430044
1980,58,3.0214000426,3.1750409305,2.1615743883,4.605170186
1981,58,2.8032998063,3.2215681963,2.0917158662,4.4908810054
1982,58,2.6354078468,3.2402380449,1.5460720027,4.5053498507
1983,58,NA,NA,NA,NA
1984,58,NA,NA,NA,NA
1976,59,NA,NA,NA,NA
1977,59,2.2873699249,2.9058732318,0.2916990357,4.7700734396
1978,59,2.2615546989,2.8396572153,0.1005690844,4.7896618565
1979,59,2.1908710854,2.7957435511,0.05002754,4.7787158465
1980,59,2.0220772112,2.7895073367,-0.1094800807,4.7309742843
1981,59,1.7637028904,2.8561598083,-0.4022702226,4.5866547975
1982,59,1.5566698533,2.9708861052,-0.6309237963,4.5251979905
1983,59,1.3817842339,3.012682792,-0.7680862675,4.5230996414
1984,59,NA,NA,NA,NA
1976,60,1.1346226925,3.2394859443,-0.2697111979,4.6421470288
1977,60,0.1371497991,3.2022300229,-0.935728401,4.6719330847
1978,60,-0.277071872,3.1425561826,-1.7125786768,4.6955802266
1979,60,-0.2626643175,3.0873492572,-1.7772650145,4.7179138935
1980,60,-0.3133418108,3.0179291022,-1.9220959509,4.605170186
1981,60,-0.0020019769,3.0708907654,-1.7596796186,4.5345996743
1982,60,-0.1210383537,3.0493820698,-2.0295091423,4.5088398708
1983,60,NA,NA,NA,NA
1984,60,NA,NA,NA,NA
1976,61,NA,NA,NA,NA
1977,61,0.90785529,3.0742291574,-0.7036016357,4.6496769119
1978,61,0.9174900208,3.0616089769,-0.8423434774,4.6778972875
1979,61,0.9501122671,3.0760026634,-0.8230281076,4.7012109948
1980,61,0.960116207,3.1024363858,-0.7693805088,4.6908972965
1981,61,0.8024498915,3.1031955364,-0.8034085515,4.587989442
1982,61,0.6026752894,3.1808956322,-0.9547717092,4.528221068
1983,61,0.5364933928,3.1271201571,-1.0829357807,4.5166951974
1984,61,NA,NA,NA,NA
1976,62,NA,NA,NA,NA
1977,62,1.0163170501,2.7730823653,-1.9017976139,4.7700734396
1978,62,0.9895412149,2.7595857789,-1.9561625645,4.7896618565
1979,62,0.9749369359,2.7567260995,-1.9855869692,4.7787158465
1980,62,0.9290095299,2.75134594,-2.057288716,4.7309742843
1981,62,0.8100408905,2.7982625331,-2.2182439313,4.5866547975
1982,62,0.5658818506,2.8731803374,-2.3623350956,4.5251979905
1983,62,0.615185652,2.9415505995,-1.9428149661,4.5230996414
1984,62,NA,NA,NA,NA
1976,63,-0.2082549676,3.6662324725,-0.5305182746,4.7013890299
1977,63,-0.1875351284,3.5416199882,-0.6082546773,4.6931810354
1978,63,-0.1496607729,3.5114408993,-0.6025754866,4.717605629
1979,63,-0.1543173682,3.4869651998,-0.5672196443,4.7095302013
1980,63,-0.1427163209,3.4255159599,-0.6329932236,4.605170186
1981,63,-0.1719752557,3.4634175771,-0.8117055335,4.4886363697
1982,63,-0.2008929196,3.5211440319,-0.9135444821,4.509760018
1983,63,NA,NA,NA,NA
1984,63,NA,NA,NA,NA
1976,64,2.2054132208,3.5176995545,0.5939896216,4.7013890299
1977,64,2.2577969389,3.3832132864,0.6212751638,4.6931810354
1978,64,2.2500278334,3.392882921,0.6613984822,4.717605629
1979,64,2.2607209048,3.3204319251,0.6115574353,4.7095302013
1980,64,2.2385797752,3.2502776117,0.5384797042,4.605170186
1981,64,2.1232191403,3.306175812,0.3459274218,4.4886363697
1982,64,1.9510397949,3.3317150874,0.2386231357,4.509760018
1983,64,NA,NA,NA,NA
1984,64,NA,NA,NA,NA
1976,65,3.2231068973,3.4009740062,1.9466099011,4.7013890299
1977,65,3.1788451463,3.4378474779,1.9430489195,4.6931810354
1978,65,3.1814231218,3.4253695093,1.8661090721,4.717605629
1979,65,3.1649685792,3.2948511995,1.7954692074,4.7095302013
1980,65,3.0791078972,3.267204922,1.7547842088,4.605170186
1981,65,2.9223547545,3.3473781132,1.8457582746,4.4886363697
1982,65,2.9737933653,3.2884131038,1.8304992957,4.509760018
1983,65,NA,NA,NA,NA
1984,65,NA,NA,NA,NA
1976,66,NA,NA,NA,NA
1977,66,2.1400661635,3.4932081912,1.666007243,4.699343356
1978,66,2.1400661635,3.4018904627,1.701488241,4.699343356
1979,66,2.1162555378,3.4119328542,1.753053309,4.7155928946
1980,66,2.1162555378,3.3343521929,1.7686102459,4.6844433669
1981,66,2.0412203041,3.3444612554,1.7188303015,4.5772849825
1982,66,1.9459101491,3.5641718666,1.6594844115,4.4939592396
1983,66,1.9315214254,3.4033417382,1.6309645301,4.5179769909
1984,66,NA,NA,NA,NA
1976,67,2.455992639,2.8282185596,-0.4497305585,4.7625567658
1977,67,2.5072387475,2.9104412662,-0.4372654292,4.7922918721
1978,67,2.5056075993,2.9265376455,-0.3311464281,4.7817293479
1979,67,2.4697929862,3.0117385125,-0.285284947,4.7696213753
1980,67,2.3874775306,3.0149513811,-0.388165577,4.605170186
1981,67,2.2617631382,3.0185743494,-0.5195300721,4.5289595621
1982,67,2.2789069445,3.0076015565,-0.5851900724,4.5138265401
1983,67,NA,NA,NA,NA
1984,67,NA,NA,NA,NA
1976,68,1.319085614,3.5956094567,1.4189309383,4.7013890299
1977,68,1.3291947999,3.5217942445,1.4721738016,4.6931810354
1978,68,1.3378916504,3.5354777003,1.5033215892,4.717605629
1979,68,1.4906543893,3.4118108848,1.7849698346,4.7095302013
1980,68,1.841818683,3.3021502107,1.6354759286,4.605170186
1981,68,1.7683202479,3.3416065884,1.5635405794,4.4886363697
1982,68,1.6917549367,3.3287951093,1.4031514388,4.509760018
1983,68,NA,NA,NA,NA
1984,68,NA,NA,NA,NA
1976,69,NA,NA,NA,NA
1977,69,0.2405904297,3.4356567704,-0.9861768702,4.699343356
1978,69,0.2561914482,3.4340355638,-0.9283632774,4.699343356
1979,69,0.3264219276,3.4050001345,-0.8727524077,4.7155928946
1980,69,0.3784364618,3.330435106,-0.6826029956,4.6844433669
1981,69,0.300845023,3.2770767859,-0.7298111788,4.5772849825
1982,69,0.3111544356,3.33620011,-0.7665784655,4.4939592396
1983,69,0.3804891625,3.3311754431,-0.8223451476,4.5179769909
1984,69,NA,NA,NA,NA
1976,70,NA,NA,NA,NA
1977,70,0.9741821836,3.1631685545,-1.1796054863,4.6496769119
1978,70,0.9182887802,3.1040080285,-1.1966662637,4.6778972875
1979,70,0.8767180052,3.1047794988,-1.196004658,4.7012109948
1980,70,0.8095959839,3.0900829436,-1.2528129929,4.6908972965
1981,70,0.6168059715,3.0128253976,-1.1083596404,4.587989442
1982,70,0.2791457616,3.1409532132,-1.4171660023,4.528221068
1983,70,-0.2033409427,3.2252157012,-1.9105429923,4.5166951974
1984,70,NA,NA,NA,NA
1976,71,0.4700036441,3.3184496408,-1.117183688,4.6301583288
1977,71,0.356974913,3.1378132657,-1.1257779329,4.6645696205
1978,71,0.4731237685,3.1453928804,-0.8370175548,4.6897208684
1979,71,0.5866749239,3.1741546113,-0.7706763629,4.7123774755
1980,71,0.4612151016,3.1163512838,-1.2279240387,4.6345697212
1981,71,0.0109399768,3.1754587767,-1.4718522682,4.5527141386
1982,71,-0.091019412,3.1752833073,-1.5214270281,4.5153417344
1983,71,NA,NA,NA,NA
1984,71,NA,NA,NA,NA
1976,72,2.5917410553,3.4212842757,0.856922841,4.6421470288
1977,72,2.5059340263,3.3706041395,0.769737761,4.6719330847
1978,72,2.4818185781,3.3966168999,0.7037409071,4.6955802266
1979,72,2.4660635639,3.4946026768,0.6637698866,4.7179138935
1980,72,2.4263943646,3.4699426402,0.6677781052,4.605170186
1981,72,2.172590312,3.5468520548,0.5469646963,4.5345996743
1982,72,2.030645122,3.5263222647,0.6439569594,4.5088398708
1983,72,NA,NA,NA,NA
1984,72,NA,NA,NA,NA
1976,73,NA,NA,NA,NA
1977,73,0.2934155751,3.5747752607,-0.7982854883,4.6496769119
1978,73,0.3257001328,3.4798175457,-0.7580057424,4.6778972875
1979,73,0.3371862837,3.4196461345,-0.7595006641,4.7012109948
1980,73,0.3371862837,3.5038262033,-0.8409513423,4.6908972965
1981,73,0.2926696389,3.4993157403,-0.8005097262,4.587989442
1982,73,0.2086388597,3.5420833091,-1.5422466636,4.528221068
1983,73,-0.4079682061,3.5536895825,-1.8036296328,4.5166951974
1984,73,NA,NA,NA,NA
1976,74,NA,NA,NA,NA
1977,74,1.1749558293,3.1095251543,-0.6309237963,4.6496769119
1978,74,1.2077655895,3.0605785159,-0.554081165,4.6778972875
1979,74,1.1960414104,3.0970426214,-0.4944602734,4.7012109948
1980,74,1.1917989982,3.136428546,-0.5015355778,4.6908972965
1981,74,0.93413068,3.0619787369,-0.76335506,4.587989442
1982,74,0.8497234819,3.1322454566,-0.8928183687,4.528221068
1983,74,0.7236764032,3.1720357958,-1.0302996302,4.5166951974
1984,74,NA,NA,NA,NA
1976,75,1.0518699968,3.2823612691,-0.0660329641,4.6421470288
1977,75,1.0979453685,3.2135094312,-0.0943106507,4.6719330847
1978,75,1.074661034,3.203701305,-0.1236376256,4.6955802266
1979,75,1.0445080324,3.2412672226,-0.2809050725,4.7179138935
1980,75,0.8350807054,3.2123707189,-0.4692039117,4.605170186
1981,75,0.7770286426,3.2840940847,-0.5166760718,4.5345996743
1982,75,0.7173518814,3.2916540744,-0.6828008323,4.5088398708
1983,75,NA,NA,NA,NA
1984,75,NA,NA,NA,NA
1976,76,1.541159088,3.2553658915,-0.0292228697,4.6301583288
1977,76,1.5299617175,3.1805714581,-0.0833815908,4.6645696205
1978,76,1.5308275589,3.1822242817,-0.115410882,4.6897208684
1979,76,1.610037689,3.2358824129,-0.0363528535,4.7123774755
1980,76,1.6008006744,3.2820721743,-0.0643252387,4.6345697212
1981,76,1.493128838,3.335876355,-0.1474564478,4.5527141386
1982,76,1.3535128849,3.40151732,-0.2622742893,4.5153417344
1983,76,NA,NA,NA,NA
1984,76,NA,NA,NA,NA
1976,77,NA,NA,NA,NA
1977,77,1.9065751465,2.9193586529,0.2349930432,4.6496769119
1978,77,1.8780900421,2.9027997409,0.2536339463,4.6778972875
1979,77,1.7530186125,2.986085925,0.3587228162,4.7012109948
1980,77,1.7270431674,3.0331629344,0.2208208524,4.6908972965
1981,77,1.4786456413,3.0417376495,0.0129162366,4.587989442
1982,77,1.4953729485,3.0015752129,-0.0969515419,4.528221068
1983,77,1.590051159,2.9904382671,-0.0764491659,4.5166951974
1984,77,NA,NA,NA,NA
1976,78,1.9163342044,3.2684846875,0.2050610262,4.6301583288
1977,78,1.9648720623,3.2356542893,0.1588822948,4.6645696205
1978,78,2.0171671486,3.2357172329,0.1640727413,4.6897208684
1979,78,2.1262058903,3.2417013271,0.1477300715,4.7123774755
1980,78,2.0357508521,3.1962170199,0.0465018631,4.6345697212
1981,78,1.8854016261,3.2141969271,-0.2185292508,4.5527141386
1982,78,1.8045111764,3.2459616479,-0.3657156662,4.5153417344
1983,78,NA,NA,NA,NA
1984,78,NA,NA,NA,NA
1976,79,-0.7852624689,3.024397482,-2.2237739242,4.5390303672
1977,79,-0.6088059778,3.1192145561,-2.1671804466,4.5829246082
1978,79,-0.4812668686,3.1339495639,-1.8546992896,4.6308379179
1979,79,-0.1887421137,3.0093836893,-1.6424777807,4.6269316479
1980,79,-0.2876820725,3.1264095892,-1.890475488,4.605170186
1981,79,-0.5041811268,3.1287410115,-2.0394519171,4.5422304025
1982,79,-0.4764242101,3.1086144034,-2.1252760608,4.5870061843
1983,79,NA,NA,NA,NA
1984,79,NA,NA,NA,NA
1976,80,1.0935997117,3.1403000316,-0.6029408686,4.6421470288
1977,80,0.9688831784,3.0945227633,-0.6328049984,4.6719330847
1978,80,0.9403978497,3.1108852226,-0.4580750697,4.6955802266
1979,80,1.0445080324,3.1602886349,-0.1805630978,4.7179138935
1980,80,1.0956077586,3.1157572772,-0.2011374889,4.605170186
1981,80,1.0231701168,3.1349636664,-0.2891498207,4.5345996743
1982,80,0.9162907319,3.151551526,-0.4266376627,4.5088398708
1983,80,NA,NA,NA,NA
1984,80,NA,NA,NA,NA
1976,81,-0.1543173682,3.3332075448,-2.0257112375,4.7570325484
1977,81,-0.145025761,3.20400986,-2.040990405,4.7510006078
1978,81,-0.1543173682,3.1453024716,-1.7087059363,4.7256163661
1979,81,-0.2369889902,3.1237560185,-1.7861750559,4.690430044
1980,81,-0.2357223064,3.0800182967,-1.9125721109,4.605170186
1981,81,-0.3509769282,3.1690172725,-2.0866675895,4.4908810054
1982,81,-0.3960099819,3.2466349159,-2.1602178542,4.5053498507
1983,81,NA,NA,NA,NA
1984,81,NA,NA,NA,NA
1976,82,1.7650732053,3.6454577447,-0.6645596811,4.7570325484
1977,82,1.6160162263,3.5065329107,-0.7310567267,4.7510006078
1978,82,1.6016073264,3.5432263314,-0.6034893555,4.7256163661
1979,82,1.6211688383,3.5383966578,-0.623621093,4.690430044
1980,82,1.5863740048,3.5799961195,-0.5914935329,4.605170186
1981,82,1.5826831814,3.5851870063,-0.7072461035,4.4908810054
1982,82,1.5549817548,3.6855489286,-0.7375171174,4.5053498507
1983,82,NA,NA,NA,NA
1984,82,NA,NA,NA,NA
1976,83,NA,NA,NA,NA
1977,83,1.9523181562,3.1809912,0.4165369414,4.8454776035
1978,83,1.9464814411,3.1240683568,0.404731543,4.847226531
1979,83,1.9130917792,3.19191153,0.3130573526,4.8254488586
1980,83,1.7849027003,3.2905190507,0.3280799353,4.7783938184
1981,83,1.5562481209,3.2547563335,0.2199384617,4.5987254366
1982,83,1.3297240021,3.2940018682,0.0561913312,4.5772109217
1983,83,1.1927096132,3.3739426368,-0.1407574061,4.5767130655
1984,83,NA,NA,NA,NA
1976,84,2.3982588167,3.0271824869,0.6731995437,4.550351768
1977,84,2.5506943891,2.8338484017,0.7975522066,4.5684024555
1978,84,2.7328728771,2.8021718012,0.9861898571,4.5911503999
1979,84,2.7853815054,2.886040126,1.4951935706,4.6087477632
1980,84,2.7974033047,2.9625580779,1.594770843,4.6070025364
1981,84,2.777949356,3.025650278,1.5466045813,4.5918245392
1982,84,2.8231630037,3.0304380373,1.6113959856,4.5989579213
1983,84,NA,NA,NA,NA
1984,84,NA,NA,NA,NA
1976,85,3.4826852257,2.8254775872,2.3375660567,4.5415197795
1977,85,3.4277094683,2.8588582032,2.2401031714,4.5757413596
1978,85,3.4137515707,2.8783891784,2.1575478106,4.6230101341
1979,85,3.4188080969,2.8923254104,2.236017843,4.6275841141
1980,85,3.3972897374,2.8835876709,2.1421815303,4.6088304712
1981,85,3.2257323008,2.8891543406,1.8959092302,4.5529996888
1982,85,3.128206866,2.8905939393,1.7493563281,4.5796810736
1983,85,NA,NA,NA,NA
1984,85,NA,NA,NA,NA
1976,86,4.5876068769,2.8203963009,3.5314212449,4.550351768
1977,86,4.5971279084,2.7313434849,3.4770899017,4.5684024555
1978,86,4.6093116076,2.9379124642,3.4614360312,4.5911503999
1979,86,4.6873214057,2.7324175501,3.4591455039,4.6087477632
1980,86,4.6687551505,2.7680911086,3.8524406879,4.6070025364
1981,86,4.6359806105,2.8407495324,3.79217357,4.5918245392
1982,86,4.5971582104,2.844199798,3.6449249437,4.5989579213
1983,86,NA,NA,NA,NA
1984,86,NA,NA,NA,NA
1976,87,4.2470656711,3.383885044,2.3302391966,4.7570325484
1977,87,3.6686767663,3.2005203707,2.2395387848,4.7510006078
1978,87,3.7232809177,3.1797273991,2.313801913,4.7256163661
1979,87,3.7612001157,3.1455349229,2.3843770105,4.690430044
1980,87,3.6763006719,3.200239264,2.3441779695,4.605170186
1981,87,3.5779478721,3.2017622166,2.3146618757,4.4908810054
1982,87,3.4781584699,3.2648735137,2.2553152264,4.5053498507
1983,87,NA,NA,NA,NA
1984,87,NA,NA,NA,NA
1976,88,2.0118316736,3.5134421057,1.0159550854,4.7013890299
1977,88,2.1190227613,3.5011302149,1.0607373277,4.6931810354
1978,88,2.1543170462,3.5135374583,1.0502270322,4.717605629
1979,88,2.2121132149,3.4194890832,0.7230457017,4.7095302013
1980,88,2.1602147904,3.3675371791,0.7670944627,4.605170186
1981,88,1.9801735342,3.4444292509,0.6076982181,4.4886363697
1982,88,1.9919755055,3.4543968648,0.5791382656,4.509760018
1983,88,NA,NA,NA,NA
1984,88,NA,NA,NA,NA
1976,89,0.1043600282,3.4903645241,-0.2494875043,4.7013890299
1977,89,0.2911760059,3.415392807,-0.1086994004,4.6931810354
1978,89,0.2851789745,3.4524163121,0.2530129624,4.717605629
1979,89,0.2753564467,3.3344555752,0.4807581129,4.7095302013
1980,89,0.2934155751,3.3061941298,0.3748684408,4.605170186
1981,89,0.3052763759,3.3488403589,0.2954270411,4.4886363697
1982,89,0.2623642278,3.3279490292,0.0505980805,4.509760018
1983,89,NA,NA,NA,NA
1984,89,NA,NA,NA,NA
1976,90,2.4798940728,3.811800381,1.8533718341,4.7009348357
1977,90,2.4598452251,3.5184883981,1.8863875972,4.695239411
1978,90,2.3958021963,3.1957423314,2.0366906351,4.711555163
1979,90,2.3325321597,2.8703617867,2.039101213,4.711555163
1980,90,2.4676757193,3.2088335808,1.9989362049,4.6322988534
1981,90,2.3801015128,3.2313971265,1.9167020086,4.5190674869
1982,90,2.3482274516,3.2735988466,1.8691525169,4.5045208116
1983,90,NA,NA,NA,NA
1984,90,NA,NA,NA,NA
1976,91,-1.4439234679,3.4569757564,-2.6521425506,4.6517331403
1977,91,-1.3943265492,3.3863239957,-2.5929373994,4.6772964388
1978,91,-1.4105870425,3.4107383734,-2.6521425506,4.6906026537
1979,91,-1.4354845823,3.446447971,-2.7120582381,4.714554471
1980,91,-1.4828052699,3.3378634434,-2.6606896497,4.605170186
1981,91,-1.6766466277,3.3830876984,-2.8967923373,4.5991168981
1982,91,-1.7259717113,3.4504477467,-2.8084231751,4.5980760666
1983,91,NA,NA,NA,NA
1984,91,NA,NA,NA,NA
1976,92,-1.2482730616,3.0559379988,-2.9661734702,4.5489521778
1977,92,-1.0876723118,3.0077004117,-2.8967923373,4.5538768916
1978,92,-1.2447948419,3.1337144036,-3.349554096,4.599152129
1979,92,-1.870802682,3.1616534118,-4.4312168558,4.6295378452
1980,92,-1.8201589408,3.1501558032,-4.0686767714,4.6197306431
1981,92,-1.8838747903,3.2086921584,-4.0398563824,4.5846276015
1982,92,-2.0325579767,3.2476459701,-4.1997051002,4.5573791487
1983,92,NA,NA,NA,NA
1984,92,NA,NA,NA,NA
1976,93,NA,NA,NA,NA
1977,93,4.3129579091,3.0287849683,3.2967327771,4.5501858938
1978,93,4.3186607249,3.0416516668,3.3168442947,4.5951198501
1979,93,4.2923344088,3.0662513084,3.3259923662,4.6298627986
1980,93,4.6155164871,3.0716557618,3.6041654212,4.6215355551
1981,93,4.5096939615,3.0549253148,3.4568212729,4.5898026934
1982,93,4.3577723658,3.1220388912,3.4040832282,4.553613683
1983,93,4.2980877796,3.1584632205,3.357071321,4.6128903241
1984,93,NA,NA,NA,NA
1976,94,0.9230677002,3.4498827875,-1.1162672676,4.7672890225
1977,94,0.9230677002,3.3402116375,-1.0561277156,4.7525120239
1978,94,0.9166906229,3.3250792164,-1.0466842022,4.7320230904
1979,94,0.8746350574,3.2851016881,-0.9573732115,4.699343356
1980,94,0.8381129665,3.2628505835,-0.9403272865,4.6271762513
1981,94,0.6564831823,3.2552733486,-1.0277810887,4.520701046
1982,94,0.5050087056,3.3630696989,-1.285182848,4.5017522606
1983,94,NA,NA,NA,NA
1984,94,NA,NA,NA,NA
1976,95,-0.0481403658,3.2632179835,-1.1350688669,4.8423239599
1977,95,-0.0544561576,3.1814231218,-1.1113935842,4.8548800698
1978,95,-0.0779615286,3.1756801811,-0.9763061274,4.8239096443
1979,95,0.071389997,3.2786680835,-0.8159929991,4.8300530076
1980,95,0.049742091,3.1498558414,-0.9542522198,4.605170186
1981,95,-0.0682788244,3.3648341644,-1.2801341756,4.5791392645
1982,95,-0.1323892027,3.3634470327,-1.3767401054,4.5714034813
1983,95,NA,NA,NA,NA
1984,95,NA,NA,NA,NA
1976,96,3.9395409004,3.128478317,2.2239530742,4.8423239599
1977,96,3.9413876467,3.0639982192,2.1707892975,4.8548800698
1978,96,4.0993320911,3.1395554934,2.5494842261,4.8239096443
1979,96,4.0859763126,3.2514708084,2.4983492457,4.8300530076
1980,96,3.9180050619,3.1676962421,2.402937102,4.605170186
1981,96,3.7518542175,3.2517224482,2.2783845625,4.5791392645
1982,96,3.3214324407,3.3265528311,1.6421567301,4.5714034813
1983,96,NA,NA,NA,NA
1984,96,NA,NA,NA,NA
1976,97,3.1537184599,3.4326023723,1.293850082,4.7672890225
1977,97,3.1598474044,3.2800725056,1.35449404,4.7525120239
1978,97,3.1775954053,3.1843423334,1.4680125906,4.7320230904
1979,97,3.1504685014,3.1464255544,1.4840107767,4.699343356
1980,97,3.1178171595,3.1998805574,1.4752892203,4.6271762513
1981,97,2.8567575607,3.185021206,1.2858108126,4.520701046
1982,97,2.7040421516,3.255936482,1.0621903071,4.5017522606
1983,97,NA,NA,NA,NA
1984,97,NA,NA,NA,NA
1976,98,NA,NA,NA,NA
1977,98,1.2878542883,3.4257957079,1.1203737755,4.8454776035
1978,98,1.4422019976,3.3144623586,1.2652278193,4.847226531
1979,98,1.4331779261,3.3367228776,1.5341753868,4.8254488586
1980,98,1.4267162665,3.5279768737,1.5902143049,4.7783938184
1981,98,2.1408893504,3.3472127805,1.8259515633,4.5987254366
1982,98,2.0438143369,3.5168596851,1.8340044773,4.5772109217
1983,98,1.9769934744,3.5812107159,1.8532308197,4.5767130655
1984,98,NA,NA,NA,NA
1976,99,NA,NA,NA,NA
1977,99,0.0788111963,3.2688424034,-1.5028281934,4.6496769119
1978,99,0.0815800222,3.2160438309,-1.4375876681,4.6778972875
1979,99,0.1061601855,3.2660036526,-1.3208812115,4.7012109948
1980,99,0.0788111963,3.2546367182,-1.3911059399,4.6908972965
1981,99,-0.0932123671,3.2569304684,-1.8832171007,4.587989442
1982,99,-0.5586162409,3.3028455604,-2.0502711409,4.528221068
1983,99,-0.6539265041,3.2757777776,-2.2045513796,4.5166951974
1984,99,NA,NA,NA,NA
1976,100,NA,NA,NA,NA
1977,100,1.5140277444,2.9952371941,0.6746776675,4.8496673092
1978,100,1.5926985512,3.1004795603,0.6953946093,4.8369309214
1979,100,1.6229462308,3.197599054,0.413962224,4.8274982193
1980,100,1.7434441936,3.0806660601,0.4126393145,4.7050815942
1981,100,1.673913966,3.1257775677,0.3979704591,4.5900677017
1982,100,1.619982121,3.2814186282,0.2931172852,4.5746336591
1983,100,1.7472849519,3.3374904916,0.2193765085,4.5837493816
1984,100,NA,NA,NA,NA
1976,101,NA,NA,NA,NA
1977,101,1.6046263217,3.0363654075,-0.1497769429,4.7700734396
1978,101,1.6088377759,2.9747996612,-0.1742343581,4.7896618565
1979,101,1.6217616222,2.9698399441,-0.0579469435,4.7787158465
1980,101,1.6233408515,2.9800905771,-0.0067225249,4.7309742843
1981,101,1.4895276029,2.9265429599,-0.1297670454,4.5866547975
1982,101,1.2372141669,3.1225895295,-0.24526132,4.5251979905
1983,101,1.0868770035,3.1719771089,-0.5196982379,4.5230996414
1984,101,NA,NA,NA,NA
1976,102,NA,NA,NA,NA
1977,102,-0.4992264989,3.3309179938,-1.3401744594,4.6581857246
1978,102,-0.3243460707,3.2560675563,-1.1002135673,4.6806393453
1979,102,-0.2446225927,3.3004705783,-0.9599814215,4.6966448669
1980,102,-0.1232982126,3.2687663414,-0.7767462224,4.6883092912
1981,102,-0.1210383537,3.2603248444,-0.8269071405,4.6036600283
1982,102,-0.0888311903,3.3811817457,-0.8761089769,4.5988562735
1983,102,-0.0120726058,3.3903588397,-0.6622301116,4.6175235304
1984,102,NA,NA,NA,NA
1976,103,-0.7657178657,3.0708304322,-2.7725887222,4.5390303672
1977,103,-0.8416472022,3.0056628131,-2.5929373994,4.5829246082
1978,103,-0.7700282259,2.933872859,-2.4913272066,4.6308379179
1979,103,-0.7507762873,2.9689724489,-2.3187145079,4.6269316479
1980,103,-0.7830719157,2.978962461,-2.2966030537,4.605170186
1981,103,-1.1116975398,3.1915415904,-2.5047013116,4.5422304025
1982,103,-1.2173958118,2.9778687021,-2.6352645415,4.5870061843
1983,103,NA,NA,NA,NA
1984,103,NA,NA,NA,NA
1976,104,NA,NA,NA,NA
1977,104,0.3278638703,2.867216814,-0.5249245467,4.5624818587
1978,104,0.376379539,2.8673135432,-0.4990617405,4.5805229139
1979,104,0.4743690826,2.8765432493,-0.4027188732,4.6024996157
1980,104,0.531804043,2.9191266075,-0.3455937519,4.610048253
1981,104,0.524136644,2.9982441461,-0.4309367446,4.5992607307
1982,104,0.4356709526,3.0810517847,0.4533024612,4.5925174635
1983,104,0.4466070283,3.0574245302,0.3210684924,4.6063584446
1984,104,0.4472466488,3.0988482506,0.2319843986,4.617175847
1976,105,NA,NA,NA,NA
1977,105,-1.2344319823,3.1871044448,-1.2447948419,4.5672211371
1978,105,-1.2310014914,3.2343829411,-1.3015856274,4.5890336864
1979,105,-1.1874434789,3.2136863728,-1.3089630274,4.6075014509
1980,105,-1.1301029129,3.3471388953,-1.3063747584,4.6076121939
1981,105,-1.1744140492,3.3568518239,-1.4430763548,4.5933162232
1982,105,-1.2447948419,3.3453005448,-1.5871872808,4.5976731285
1983,105,-1.3394107962,3.4124933194,-1.2866300508,4.6099030023
1984,105,-1.398366967,3.3384386208,-1.374761108,4.6209027869
1976,106,NA,NA,NA,NA
1977,106,0.6518042324,2.3334827906,-0.7758768314,4.5684024555
1978,106,0.6956441178,2.3105333867,-0.2728591294,4.5911503999
1979,106,0.7183275367,2.3026250511,-0.2345837516,4.6087477632
1980,106,0.7381205498,2.3828093638,-0.306253492,4.6070025364
1981,106,0.7462138861,2.4104434687,-0.4505147539,4.5918245392
1982,106,0.7114781082,2.3651654141,-0.6106459907,4.5989579213
1983,106,0.7070501431,2.3641128067,-0.7013809752,4.6107873908
1984,106,0.6775257905,2.3783323948,-0.8099057276,4.6218325807
1976,107,NA,NA,NA,NA
1977,107,-0.0151136233,2.3513276631,-0.8991878519,4.5612935213
1978,107,0.0723207059,2.409949596,-0.7916424365,4.5783836392
1979,107,0.1388920412,2.3702811569,-0.2592889876,4.601245487
1980,107,0.3328944016,2.3180941623,-0.2823629002,4.610656133
1981,107,0.537662285,2.4377626381,-0.280640277,4.6007413716
1982,107,0.4743690826,2.6253712447,-0.3852214056,4.5912243639
1983,107,0.5038009915,2.5736651146,-0.3886080304,4.6054711203
1984,107,0.4940863353,2.6098712124,-0.3434767367,4.6162416358
1976,108,NA,NA,NA,NA
1977,108,-0.4338645797,3.1675235816,-0.5347768581,4.5612935213
1978,108,-0.5191938254,3.211323344,-0.5385394886,4.5783836392
1979,108,-0.4338645797,3.1584206709,0.1246041336,4.601245487
1980,108,-0.4019711747,3.2309585248,0.0746435297,4.610656133
1981,108,-0.2903522666,3.1802680342,-0.0113643578,4.6007413716
1982,108,-0.2957142204,3.206993528,-0.1494285425,4.5912243639
1983,108,-0.2652684521,3.179848068,-0.2519289025,4.6054711203
1984,108,-0.1935847479,3.1749991602,-0.0630463082,4.6162416358
1976,109,NA,NA,NA,NA
1977,109,1.5564590094,2.3321147476,0.2576609234,4.5684024555
1978,109,1.6014057484,2.3397556537,0.3143727055,4.5911503999
1979,109,1.6382196961,2.3594473683,0.3599097076,4.6087477632
1980,109,1.6917549367,2.3724189422,0.3464933223,4.6070025364
1981,109,1.69433035,2.4161191208,0.2746728189,4.5918245392
1982,109,1.7263316435,2.3683073172,0.2013068973,4.5989579213
1983,109,1.733953806,2.3772286006,0.175548685,4.6107873908
1984,109,1.7399397252,2.367004815,0.2565009569,4.6218325807
1976,110,NA,NA,NA,NA
1977,110,1.7392373218,3.24804234,-0.0324198795,4.8454776035
1978,110,1.7215158042,3.1691644182,-0.0358344528,4.847226531
1979,110,1.6603211525,3.1247805059,-0.1095916752,4.8254488586
1980,110,1.5214806328,3.148071294,-0.1249964983,4.7783938184
1981,110,1.4395981006,3.1027553678,-0.0347985187,4.5987254366
1982,110,1.2936306511,3.2256011298,-0.217410019,4.5772109217
1983,110,1.1786549963,3.2833668281,-0.3886080304,4.5767130655
1984,110,0.9696419392,3.3452265182,-0.6971552101,4.6050321607
1976,111,NA,NA,NA,NA
1977,111,0.7070501431,3.305159907,-1.5568454292,4.754021159
1978,111,0.6996261523,3.2024292921,-1.1190191433,4.7383890298
1979,111,0.6876319812,3.1519664943,-1.1341358238,4.7081779223
1980,111,0.5726730282,3.09294063,-1.2538635627,4.6487084588
1981,111,0.5080216609,3.1338363516,-1.4329667662,4.5496574599
1982,111,0.3257001328,3.1699250605,-1.6094378975,4.4981415962
1983,111,0.1587117343,3.2457981246,-1.7660917002,4.4852598549
1984,111,0.0925791839,3.2608197484,-2.0394519171,4.4676307895
1976,112,NA,NA,NA,NA
1977,112,1.2322686446,3.0882157594,-0.8271358283,4.6716402959
1978,112,1.1265516697,3.053043216,-0.8732312284,4.6885108364
1979,112,1.125903131,3.0738870084,-0.9503647439,4.6731885634
1980,112,1.1220032738,3.0606441183,-0.9856408118,4.6388477008
1981,112,0.9066443833,3.1596734642,-1.1059390234,4.5868615883
1982,112,0.5440669863,3.1627117267,-1.3167682736,4.5225155102
1983,112,0.3967606598,3.197239399,-1.6124424574,4.4980626244
1984,112,0.2554171185,3.1847728895,-1.8884906703,4.4825425274
1976,113,0.6010318922,3.1482902485,-1.5123111764,4.5427626934
1977,113,0.6518042324,3.1000923232,-1.5639866663,4.5721303319
1978,113,0.6590731839,3.1170512934,-1.5635089892,4.6190731062
1979,113,0.5966362718,3.1554843507,-1.5218850162,4.6279097028
1980,113,0.4718769016,3.0899736805,-1.6739764336,4.6106551466
1981,113,0.268499229,3.136328623,-1.7873691061,4.5583406306
1982,113,0.0295587745,3.2211811337,-2.0659331997,4.5759988087
1983,113,-0.2890162783,3.2606509539,-2.2367973769,4.6627313253
1984,113,NA,NA,NA,NA
1976,114,NA,NA,NA,NA
1977,114,-0.5533852589,3.1811282753,-2.605042461,4.7922918721
1978,114,-0.5905905561,3.165842077,-2.6269311224,4.7817293479
1979,114,-0.5447272042,3.1542349222,-2.631089203,4.7696213753
1980,114,-0.7153928046,3.1371537242,-2.7379940777,4.605170186
1981,114,-0.7528972148,3.0637133189,-2.8770607553,4.5289595621
1982,114,0.0535407172,2.3884049311,-3.0618721032,4.5138265401
1983,114,-0.8209805575,3.3128869852,-3.201527192,4.5504119691
1984,114,-0.7700282259,3.4247999476,-3.291446514,4.5839771913
1976,115,NA,NA,NA,NA
1977,115,0.6205764954,2.8754498865,-1.4317102003,4.7922918721
1978,115,0.6135627028,2.8494745218,-1.5086879903,4.7817293479
1979,115,0.5527350471,2.8400662498,-1.5573199331,4.7696213753
1980,115,0.4510756528,2.8626293431,-1.6745099182,4.605170186
1981,115,0.2971371986,3.0180073559,-1.8643301544,4.5289595621
1982,115,0.3133498415,3.0142350772,-1.9761631439,4.5138265401
1983,115,0.3060130586,2.9342079024,-2.0565065361,4.5504119691
1984,115,0.3845818849,2.8831065119,-2.0084240043,4.5839771913
1976,116,NA,NA,NA,NA
1977,116,0.6544063651,2.9944764499,-1.1802562302,4.7675746947
1978,116,0.6512829675,2.9818767328,-1.1570892583,4.79053879
1979,116,0.667316421,2.949180332,-1.1041274881,4.7797216126
1980,116,0.6719235159,2.9670807382,-1.059583913,4.7440230212
1981,116,0.5641768085,2.9583211328,-1.2542140677,4.5928647885
1982,116,0.5013811788,3.0417566849,-1.4146938327,4.5264537507
1983,116,0.4885800119,3.0458073465,-1.5347943827,4.5200174046
1984,116,0.4977403726,3.0918693805,-1.6204988823,4.5560849687
1976,117,NA,NA,NA,NA
1977,117,2.381765924,2.9104357617,0.8519868634,4.6772964388
1978,117,2.3617027169,2.9524854458,0.8602281511,4.6906026537
1979,117,2.3668735414,2.9619168777,0.9092258102,4.714554471
1980,117,2.1503659147,2.9526159896,0.7948008283,4.605170186
1981,117,2.0449795,3.109690254,0.7352483401,4.5991168981
1982,117,1.9743587848,3.0739887835,0.7173030096,4.5980760666
1983,117,1.9567088065,3.0781275526,0.7144193074,4.6736967114
1984,117,1.9129440853,3.0621705262,0.7785447119,4.7314247912
1976,118,1.3930216696,2.6654071243,-0.9197968409,4.7605974511
1977,118,1.332366009,2.7096289383,-0.8746690675,4.7725667307
1978,118,1.3969870454,2.7059613816,-0.4394356268,4.7887833913
1979,118,1.6010024705,2.716831557,-0.0281937586,4.7777099024
1980,118,1.5621366505,2.738437141,-0.4298602402,4.717752138
1981,118,1.4877221641,2.7303007852,-0.6121202886,4.5804060796
1982,118,1.3987169282,2.7835348305,-0.8850343485,4.5239405687
1983,118,1.342081181,2.8306040558,-1.0636313134,4.5261713338
1984,118,NA,NA,NA,NA
1976,119,NA,NA,NA,NA
1977,119,0.7970566895,3.7296710832,-0.999944079,4.699343356
1978,119,0.7779478033,3.3435647558,-1.0261056335,4.699343356
1979,119,0.6846108697,3.3586168691,-1.0362010683,4.7155928946
1980,119,0.6754922623,3.300839177,-1.0427046804,4.6844433669
1981,119,0.6221881106,3.1987833484,-1.1744140492,4.5772849825
1982,119,0.433080311,3.2423071175,-1.3563472481,4.4939592396
1983,119,0.3506568414,3.2337171565,-1.5104979761,4.5179769909
1984,119,0.2350721109,3.1477578452,-1.6039529489,4.545154786
1976,120,NA,NA,NA,NA
1977,120,0.1222176285,3.1315298638,-1.6697188505,4.6596299629
1978,120,0.1088544135,3.1230035059,-1.6225231334,4.6857948823
1979,120,0.1106465056,3.1773202653,-1.3284028868,4.7086686022
1980,120,0.2021241654,3.2149280708,-1.2217974004,4.6537003357
1981,120,0.165514394,3.16359139,-1.3719970512,4.5646116888
1982,120,0.4762341879,3.1792822028,-1.3344612063,4.5196537182
1983,120,0.4061315838,3.2191718016,-1.4384301424,4.5270735332
1984,120,0.3852624203,3.1857202023,-1.4073137227,4.5649095097
1976,121,NA,NA,NA,NA
1977,121,0.2271355688,3.255928836,-1.3413209918,4.6496769119
1978,121,0.2881819411,3.1453024716,-1.3854946674,4.6778972875
1979,121,0.3133498415,3.157957371,-1.1523295777,4.7012109948
1980,121,0.3328944016,3.2364996084,-1.2173958118,4.6908972965
1981,121,0.3393253368,3.2623375451,-0.9571127177,4.587989442
1982,121,0.2963940343,3.3226410517,-1.1077539366,4.528221068
1983,121,0.2738367091,3.3714080256,-1.2120049723,4.5166951974
1984,121,0.2592826009,3.381100079,-1.2862679998,4.5506939074
1976,122,1.1164521743,3.3395808163,-0.6165566001,4.6421470288
1977,122,1.1505720548,3.2488733322,-0.5750086995,4.6719330847
1978,122,1.1226542683,3.2353789114,-0.4168800169,4.6955802266
1979,122,1.1016078186,3.2752864014,-0.447225034,4.7179138935
1980,122,1.0009994437,3.2502698484,-0.6331815965,4.605170186
1981,122,0.8055825724,3.3822591992,-0.8022926189,4.5345996743
1982,122,0.5687171205,3.42512875,-1.003483925,4.5088398708
1983,122,0.5146184089,3.4393726883,-1.0441241088,4.5398985674
1984,122,NA,NA,NA,NA
1976,123,-0.4910230152,2.9108440517,-2.098012941,4.6421470288
1977,123,-0.4684049284,2.897226007,-1.9498178102,4.6719330847
1978,123,-0.4494169777,2.9228173989,-1.9732813561,4.6955802266
1979,123,-0.4215944624,2.985196949,-2.0348506042,4.7179138935
1980,123,-0.4170317756,2.9367409805,-2.1319987636,4.605170186
1981,123,-0.4588658388,3.0099408307,-2.222850121,4.5345996743
1982,123,-0.4588658388,3.0045731209,-2.1244389385,4.5088398708
1983,123,-0.4572848312,2.9411704711,-2.1576193457,4.5398985674
1984,123,NA,NA,NA,NA
1976,124,NA,NA,NA,NA
1977,124,-1.9519281886,3.538152526,-2.631089203,4.7007076266
1978,124,-2.0099154541,3.4889304508,-2.5849479735,4.695239411
1979,124,-2.0024804608,3.4866194591,-2.6214138766,4.716935122
1980,124,-2.0325579767,3.4060754613,-2.6707543924,4.7012373313
1981,124,-2.0794415417,3.4546717839,-2.7838519254,4.5959608876
1982,124,-2.0714733559,3.3889324821,-3.0988730379,4.4904134674
1983,124,-2.095570896,3.3799805277,-3.1917471794,4.5125065179
1984,124,-2.103734223,3.2994340763,-3.3298074194,4.5432064722
1976,125,NA,NA,NA,NA
1977,125,-0.7962879284,2.9883803325,-2.1982250648,4.7650689102
1978,125,-0.7808860855,2.9679035927,-2.2643263765,4.7914157152
1979,125,-0.7896580893,2.9432593414,-2.2926347273,4.7807256
1980,125,-0.807436305,2.9559253672,-2.3475824431,4.7569045316
1981,125,-0.9187938896,2.9645718008,-2.5157783524,4.5990363766
1982,125,-0.9942522605,3.0632787743,-2.6091102311,4.5277080183
1983,125,-1.0106014317,3.1032584018,-2.6823824103,4.5169268048
1984,125,-1.0272222639,3.1087841677,-2.7822350828,4.5532524516
1976,126,NA,NA,NA,NA
1977,126,-1.320506659,3.1497143295,-2.7838519254,4.7725667307
1978,126,-1.3318061813,3.1195326976,-2.6464848365,4.7887833913
1979,126,-1.3509272044,3.0820567374,-2.6722005487,4.7777099024
1980,126,-1.4439234679,3.0343614971,-3.0470255805,4.717752138
1981,126,-1.838851112,3.2328497697,-3.2163789248,4.5804060796
1982,126,-1.9379420225,3.268340055,-3.4082219509,4.5239405687
1983,126,-2.0325579767,3.4082458218,-3.547379909,4.5261713338
1984,126,-2.2633643592,3.5360749963,-3.7550192837,4.5617259668
1976,127,0.1292723458,2.687745426,-0.3712086469,4.550351768
1977,127,0.0620354008,2.6679016182,-0.3749843624,4.5684024555
1978,127,0.1266326425,2.7025618399,-0.3988370914,4.5911503999
1979,127,0.2413763211,2.6668670432,-0.388165577,4.6087477632
1980,127,0.4121096445,2.6578440397,-0.42694418,4.6070025364
1981,127,0.4173936834,2.6746174842,0.0744578668,4.5918245392
1982,127,0.4272265949,2.6770547735,-0.0465676153,4.5989579213
1983,127,0.400787539,2.7189439788,-0.128856594,4.6107873908
1984,127,0.4631048792,2.789925101,-0.0619818125,4.6218325807
1976,128,0.531804043,2.6559917338,-0.8620392912,4.550351768
1977,128,0.6064993692,2.6323276124,-0.8016236699,4.5684024555
1978,128,0.6961427105,2.5425621752,-0.7582192022,4.5911503999
1979,128,0.719302125,2.5420743487,-0.761426005,4.6087477632
1980,128,0.5749265213,2.6885615084,-0.9273517018,4.6070025364
1981,128,0.4586898802,2.6709089386,-0.7429678945,4.5918245392
1982,128,0.388658006,2.698747074,-0.9103086925,4.5989579213
1983,128,0.3639484352,2.7320401043,-0.9667949024,4.6107873908
1984,128,0.2829207719,2.6918666237,-1.000487862,4.6218325807
1976,129,-0.2639655371,2.177860544,-1.6054458831,4.550351768
1977,129,-0.23952703,2.1234823417,-1.6507808761,4.5684024555
1978,129,-0.2181559849,2.1083933219,-1.6398970904,4.5911503999
1979,129,-0.1461824842,2.0815768022,-1.6139480546,4.6087477632
1980,129,-0.0822952386,2.1379463124,-1.5375824666,4.6070025364
1981,129,-0.0943106507,2.1928371778,-0.9228119696,4.5918245392
1982,129,-0.1381133114,2.2122882747,-1.074700476,4.5989579213
1983,129,-0.1346748886,2.2178982549,-1.1979906909,4.6107873908
1984,129,-0.1601687544,2.2206371966,-1.2761851354,4.6218325807
1976,130,2.9957322736,3.3779151357,3.1598601918,4.6227684075
1977,130,3.0301337371,3.3138913973,3.2078796134,4.6709663845
1978,130,3.0204248861,3.3895093288,3.7598713638,4.6872928729
1979,130,3.0252910943,3.3909954997,3.7765491583,4.7086198959
1980,130,2.9177707321,3.4158133784,3.7304987686,4.6336585225
1981,130,2.7080502011,3.5460968303,3.7766888413,4.600633927
1982,130,2.513494072,3.6136709086,3.7117728894,4.598335896
1983,130,2.3532782508,3.5797590646,3.7428206118,4.6553203636
1984,130,2.243896129,3.6000646664,3.7612233585,4.717302589
1976,131,1.4109869504,3.2409308485,-0.6851789948,4.6421470288
1977,131,1.3977287397,3.2083122613,-0.6352557063,4.6719330847
1978,131,1.2714445152,3.1942879813,-0.6776676431,4.6955802266
1979,131,1.1320470641,3.2078310927,-0.8679768399,4.7179138935
1980,131,1.0598714319,3.1124569762,-0.8067639075,4.605170186
1981,131,0.9218750859,3.1292661934,-0.904856368,4.5345996743
1982,131,0.8355144194,3.140351942,-1.1966662637,4.5088398708
1983,131,0.3798053698,3.130957887,-1.3767401054,4.5398985674
1984,131,0.3694924661,3.0634142556,-1.4380088165,4.5823999303
1976,132,-0.0294287945,3.0001425284,-2.1724344229,4.8423239599
1977,132,-0.0470916115,2.9000745812,-2.1430205547,4.8548800698
1978,132,-0.0779615286,2.8589040225,-2.0121568079,4.8239096443
1979,132,-0.104249996,2.9813189199,-2.0456200065,4.8300530076
1980,132,-0.12443006,2.8420098289,-2.134531522,4.605170186
1981,132,-0.3174542511,3.000311806,-2.3015855609,4.5791392645
1982,132,-0.4064655956,3.0852027334,-2.3382122515,4.5714034813
1983,132,-0.47481522,3.2253905837,-2.3665904139,4.5924759711
1984,132,-0.4861329957,3.2057662823,-2.4057258573,4.6417807369
1976,133,0.7728820975,3.318616207,-1.2580770187,4.7672890225
1977,133,0.8746350574,3.2221743643,-1.2884419504,4.7525120239
1978,133,0.8573896717,3.1466964516,-1.2862679998,4.7320230904
1979,133,0.8569652431,3.1142483948,-1.2375295594,4.699343356
1980,133,0.9198842925,3.1188035614,-1.1561354513,4.6271762513
1981,133,0.7481086989,3.1087975398,-1.3001166343,4.520701046
1982,133,0.667829397,3.229325039,-1.3719970512,4.5017522606
1983,133,0.535323063,3.2848283125,-1.4580051864,4.4750615354
1984,133,0.5388298124,3.3181743867,-1.5200543211,4.4690640705
1976,134,2.5669473619,2.72261037,0.4074631247,4.7625567658
1977,134,2.6551415843,2.689288631,0.4583105539,4.7922918721
1978,134,2.6394857782,2.7463987412,0.4871065093,4.7817293479
1979,134,2.6310971555,2.7451661178,0.5039822741,4.7696213753
1980,134,2.5891916055,2.6986124952,0.4157453842,4.605170186
1981,134,2.5663329882,2.8311760169,0.2814878868,4.5289595621
1982,134,2.6123465787,2.8198122262,0.2495906871,4.5138265401
1983,134,2.591441474,2.9172895521,0.2017156148,4.5504119691
1984,134,2.6016521148,2.882031525,0.1873920029,4.5839771913
1976,135,0.861200739,2.925207855,-0.9223088164,4.7618225949
1977,135,0.8628899069,2.9373825497,-0.9490721927,4.7849409739
1978,135,0.8531378673,2.8574525343,-0.9298826754,4.7843802176
1979,135,0.7631395435,2.835551822,-0.9896682317,4.7726623015
1980,135,0.5977369732,2.8274497003,-1.11596192,4.6488874724
1981,135,0.4510756528,2.91248104,-1.3052674692,4.5485638263
1982,135,0.2738367091,2.9091662153,-1.5320139817,4.5176310486
1983,135,0.1714291462,2.955332032,-1.7053982699,4.5413908167
1984,135,0.1773090198,2.9704247359,-1.917322693,4.5756909147
1976,136,-0.4861329957,3.1822201663,-2.0858620985,4.7625567658
1977,136,-0.2984060577,3.0935438444,-2.1294724665,4.7922918721
1978,136,-0.3960099819,2.9995948147,-2.2210051395,4.7817293479
1979,136,-0.3710636848,2.9635860786,-2.3299562848,4.7696213753
1980,136,-1.1270117602,2.9553997518,-2.6091102311,4.605170186
1981,136,-1.4872202971,3.1856457501,-2.8051119194,4.5289595621
1982,136,-1.3547957467,3.1842677785,-2.8986055375,4.5138265401
1983,136,-1.0328245307,3.1459781631,-2.9431397903,4.5504119691
1984,136,-0.7657178657,3.1176180232,-2.8895721014,4.5839771913
1976,137,0.9551267469,3.6490413858,-0.4090213874,4.7009348357
1977,137,0.9939922035,3.5278593622,-0.2028508584,4.695239411
1978,137,0.9962103346,3.6295300827,0.0337248401,4.711555163
1979,137,0.9643186653,3.5109303433,0.0090588052,4.711555163
1980,137,0.8658392277,3.4731117694,-0.0901435486,4.6322988534
1981,137,0.6906440527,3.5197949049,-0.2248950618,4.5190674869
1982,137,0.5579000191,3.5427692793,-0.3374327259,4.5045208116
1983,137,0.477475637,3.5560334911,-0.4425440754,4.5342111134
1984,137,0.1697427263,3.5784030814,-0.6997690793,4.5509779408
1976,138,0.6533663368,3.2943282875,-1.3676688772,4.6220853358
1977,138,0.6570017443,3.2162965125,-1.3536335541,4.6596299629
1978,138,0.6595904049,3.2237439459,-1.3440014336,4.6857948823
1979,138,0.6810745747,3.279895661,-1.3352210976,4.7086686022
1980,138,0.7400307455,3.30880427,-1.3152768238,4.6537003357
1981,138,0.6881346435,3.1865674942,-1.4597256461,4.5646116888
1982,138,0.4434029272,3.2382077873,-1.6575783252,4.5196537182
1983,138,0.316269514,3.2885846774,-1.8176928066,4.5270735332
1984,138,0.2662030006,3.2993750183,-1.8957875766,4.5649095097
1976,139,0.0535407172,3.09945694,-1.9180032081,4.6301583288
1977,139,0.0430595178,3.052022817,-1.4970024673,4.6645696205
1978,139,0.1034586791,3.0016497322,-1.3716028592,4.6897208684
1979,139,0.1578580879,2.9963720797,-1.4179914393,4.7123774755
1980,139,0.1160036987,2.9672608078,-1.2157080694,4.6345697212
1981,139,0.071389997,2.9897845788,-1.3428518256,4.5527141386
1982,139,0.0834216195,3.0124664538,-1.3935204089,4.5153417344
1983,139,0.4114471425,3.0059548272,-1.044976717,4.5322230388
1984,139,0.4140944424,3.0110345542,-1.0912395579,4.5719421619
1976,140,0.4324315619,3.3705285536,-0.4292456016,4.6517331403
1977,140,0.3694924661,3.2463937198,-0.3789205593,4.6772964388
1978,140,0.3541717803,3.3173664221,-0.3431947615,4.6906026537
1979,140,0.3632532341,3.3678094983,-0.4079682061,4.714554471
1980,140,0.3371862837,3.3420558509,-0.5215496291,4.605170186
1981,140,0.2851789745,3.4153435376,-0.7435987224,4.5991168981
1982,140,0.175632595,3.419577412,-0.8667865206,4.5980760666
1983,140,0.127513353,3.4296585044,-0.9950633736,4.6736967114
1984,140,0.0889262589,3.4224433907,-1.0147307718,4.7314247912
