wage,nearc4,educ,age,black,smsa,south,exper
548,0,7,29,1,1,0,16
481,0,12,27,0,1,0,9
721,0,12,34,0,1,0,16
250,1,11,27,0,1,0,10
729,1,12,34,0,1,0,16
500,1,12,26,0,1,0,8
565,1,18,33,0,1,0,9
608,1,14,29,0,1,0,9
425,1,12,28,0,1,0,10
515,1,12,29,0,1,0,11
225,1,9,28,0,1,0,13
400,1,12,26,0,1,0,8
417,1,11,24,0,1,0,7
217,1,11,30,0,1,0,13
894,1,16,31,1,1,0,9
300,1,14,24,0,1,0,4
346,1,12,34,0,1,0,16
658,1,14,29,0,1,0,9
575,1,10,26,0,1,0,10
649,1,12,32,0,1,0,14
944,1,18,32,0,1,1,8
614,1,18,34,0,1,0,10
726,1,15,32,0,0,0,11
604,1,12,28,0,1,0,10
693,1,12,32,0,1,0,14
1400,1,18,34,0,0,0,10
300,1,12,26,0,1,0,8
1800,1,18,32,0,1,0,8
413,1,12,25,0,1,0,7
632,1,14,29,0,0,0,9
208,1,12,25,0,1,0,7
457,1,12,25,1,1,0,7
824,1,16,24,0,1,0,2
577,1,18,34,0,1,0,10
255,1,11,28,0,1,0,11
962,1,16,30,0,1,0,8
944,1,10,31,0,1,0,15
1146,1,18,34,0,1,0,10
324,1,6,27,0,1,0,15
235,1,11,24,1,1,0,7
1000,1,12,34,0,1,0,16
481,1,9,26,0,1,0,11
624,1,15,32,0,1,0,11
650,1,11,34,0,1,0,17
344,1,12,24,1,1,0,6
380,1,16,24,0,1,1,2
353,1,12,24,0,1,0,6
659,1,13,25,0,1,0,6
621,1,17,28,0,1,0,5
440,1,12,25,0,1,0,7
738,1,12,26,1,1,0,8
280,1,11,31,1,0,1,14
434,1,10,24,0,1,0,8
705,1,12,27,0,1,0,9
425,1,12,27,0,1,0,9
571,1,12,24,0,1,0,6
538,1,16,30,0,1,0,8
740,1,16,32,0,1,0,10
673,1,13,32,0,1,0,13
769,1,12,34,0,1,0,16
592,1,12,24,0,1,0,6
213,1,9,24,1,1,0,9
1563,1,16,34,0,1,0,12
774,1,16,28,0,1,0,6
600,1,12,26,0,1,1,8
693,1,18,24,0,1,0,0
570,1,13,31,0,1,0,12
433,1,14,28,0,1,0,8
538,1,15,28,0,1,0,7
627,1,12,25,0,1,0,7
481,1,8,31,0,1,0,17
545,1,12,26,0,1,0,8
576,1,12,25,0,1,0,7
700,1,16,25,0,1,0,3
788,1,16,28,0,1,0,6
1012,1,17,27,0,1,0,4
758,1,12,24,0,1,0,6
601,1,14,29,0,1,0,9
283,1,12,24,0,1,0,6
250,1,12,24,0,1,0,6
500,1,12,26,0,1,0,8
550,1,11,31,0,1,0,14
1143,1,12,25,0,1,0,7
810,1,18,31,0,1,1,7
313,1,12,28,1,1,0,10
731,1,18,25,0,1,0,1
625,1,16,25,0,1,0,3
588,1,14,24,0,1,0,4
375,1,14,26,0,1,0,6
817,1,16,29,0,1,1,7
865,1,14,30,0,1,0,10
350,1,15,28,0,1,1,7
202,1,13,24,0,1,1,5
505,1,13,32,0,1,1,13
816,1,17,30,0,1,0,7
625,1,18,26,0,1,0,2
769,1,18,32,0,1,0,8
500,1,17,27,0,1,0,4
619,1,17,27,0,1,0,4
650,1,12,30,0,1,0,12
769,1,18,28,0,1,0,4
512,1,12,26,0,1,0,8
625,1,18,31,0,1,0,7
1111,1,14,31,0,1,0,11
721,1,13,28,0,1,0,9
1154,1,14,32,0,1,0,12
827,1,18,34,0,0,0,10
923,1,16,34,0,1,0,12
1076,1,17,28,0,1,0,5
625,1,12,33,0,1,0,15
460,1,13,27,0,1,0,8
900,1,14,24,1,1,0,4
682,1,18,29,0,1,0,5
411,1,12,24,0,1,0,6
625,1,13,27,0,1,0,8
1005,1,18,32,0,1,0,8
725,1,11,24,0,1,0,7
750,1,15,27,0,1,0,6
529,1,14,29,0,1,0,9
972,1,17,29,0,1,0,6
472,1,12,26,0,0,0,8
325,1,12,24,0,1,0,6
875,1,12,34,0,1,0,16
625,1,13,34,0,1,0,15
337,1,12,26,0,1,0,8
481,1,16,27,0,1,0,5
650,1,9,29,0,1,0,14
383,1,16,25,0,1,0,3
962,1,18,30,0,1,0,6
615,1,16,29,0,0,0,7
702,1,14,28,0,1,0,8
635,1,14,31,0,1,0,11
200,1,12,28,0,1,0,10
817,1,12,27,0,1,0,9
577,1,14,26,0,1,0,6
466,1,17,26,0,1,0,3
924,1,16,29,0,1,0,7
793,1,16,31,0,1,1,9
635,1,14,28,0,1,0,8
570,1,12,25,0,1,0,7
705,1,16,29,0,1,0,7
635,1,14,28,0,1,0,8
694,1,12,30,0,1,0,12
615,1,13,34,0,1,0,15
462,1,16,26,0,1,0,4
865,1,12,34,0,1,0,16
737,1,18,33,0,1,1,9
1400,1,12,25,0,1,0,7
808,1,12,31,0,1,0,13
654,1,16,26,0,1,0,4
300,1,12,25,0,1,0,7
577,1,16,30,0,1,0,8
265,1,16,24,0,1,0,2
594,1,18,31,0,0,0,7
325,1,17,26,0,1,0,3
385,1,16,24,0,0,0,2
1000,1,18,25,0,1,0,1
465,1,18,28,0,1,0,4
440,1,16,28,0,1,0,6
625,1,16,27,0,1,0,5
285,1,17,27,0,1,0,4
650,1,14,27,0,1,0,7
808,1,13,25,0,1,0,6
500,1,12,24,0,1,0,6
831,1,16,26,0,1,0,4
500,1,12,31,0,1,0,13
693,1,17,32,0,1,0,9
1100,1,12,27,0,1,0,9
763,1,12,25,0,1,0,7
795,1,12,27,0,1,0,9
333,1,16,25,0,1,0,3
409,1,18,30,0,1,0,6
865,1,16,27,0,1,0,5
888,1,12,31,0,1,0,13
673,1,12,34,0,1,0,16
700,1,12,33,0,0,0,15
250,1,18,33,0,1,1,9
625,1,11,27,0,1,0,10
417,1,13,31,0,1,0,12
576,1,13,28,0,1,0,9
613,1,12,26,1,1,0,8
700,1,12,31,0,1,0,13
450,1,12,24,0,1,0,6
500,1,16,28,0,1,0,6
514,1,12,25,0,0,0,7
250,1,16,25,0,1,0,3
315,1,12,24,0,0,0,6
375,1,12,29,0,1,0,11
457,1,15,34,0,0,0,13
275,1,12,27,1,1,0,9
951,1,12,28,0,1,0,10
1115,1,16,32,0,1,0,10
289,1,16,25,0,0,0,3
500,1,16,25,0,1,0,3
726,1,18,32,0,1,0,8
1265,1,18,29,0,1,0,5
613,1,17,26,1,1,0,3
545,1,12,28,0,1,0,10
278,1,13,28,0,1,0,9
1442,1,18,34,0,1,0,10
995,1,16,27,0,1,0,5
700,1,12,29,0,1,0,11
577,1,16,28,0,1,0,6
858,1,16,31,0,1,0,9
686,1,12,28,0,1,0,10
832,1,15,31,0,1,0,10
633,1,13,33,0,1,0,14
689,1,12,32,0,1,0,14
769,1,14,30,0,1,0,10
385,1,15,27,0,1,0,6
450,1,12,24,0,1,0,6
615,1,12,27,0,1,0,9
682,1,12,34,0,1,0,16
670,1,10,32,0,1,0,16
800,1,11,33,0,1,0,16
505,1,14,34,0,1,0,14
1026,1,18,30,0,1,0,6
769,1,15,25,0,1,0,4
290,1,10,32,0,1,1,16
529,1,13,28,0,1,0,9
1154,1,16,29,0,1,0,7
549,1,10,29,0,1,0,13
475,1,12,26,0,1,0,8
450,1,12,26,0,1,0,8
875,1,17,27,0,1,0,4
200,1,15,25,0,1,0,4
300,1,13,26,0,0,0,7
462,1,16,25,0,0,0,3
385,1,12,30,0,1,0,12
1282,1,15,32,0,1,0,11
588,1,16,25,0,1,0,3
600,1,12,27,0,1,0,9
500,1,16,30,0,1,0,8
440,1,12,33,1,1,0,15
467,1,18,26,0,1,1,2
929,1,17,29,0,1,0,6
556,1,16,27,0,1,0,5
438,1,13,24,0,1,0,5
600,1,12,29,1,1,0,11
575,1,12,26,1,1,0,8
389,1,12,26,1,1,0,8
795,1,12,34,0,0,0,16
471,1,18,27,0,1,0,3
202,1,17,26,0,1,0,3
200,1,17,24,0,1,0,1
350,1,17,24,0,1,0,1
375,1,14,24,0,0,0,4
481,1,16,25,0,1,0,3
962,1,18,31,0,1,0,7
423,1,15,27,0,1,0,6
500,1,15,27,0,1,0,6
450,1,9,30,0,1,0,15
476,1,8,28,0,1,0,14
136,1,12,24,0,1,0,6
575,1,12,32,0,1,0,14
577,1,12,33,0,1,0,15
310,1,12,31,0,1,0,13
700,1,9,30,0,1,0,15
1322,1,14,32,0,1,0,12
551,1,10,34,0,1,0,18
881,1,17,30,0,1,0,7
760,1,12,25,0,1,0,7
708,1,12,32,0,1,0,14
425,1,12,26,0,1,0,8
427,1,12,26,0,1,0,8
576,1,16,24,0,1,0,2
400,1,9,32,0,1,0,17
500,1,12,31,0,0,0,13
531,1,12,28,0,0,0,10
673,1,16,28,0,1,0,6
577,1,16,27,0,1,1,5
325,1,16,24,0,1,0,2
500,1,11,29,0,0,0,12
770,1,12,25,0,0,0,7
500,1,12,26,0,1,0,8
391,1,16,28,0,1,0,6
810,1,12,34,0,1,0,16
543,1,9,34,1,0,0,19
593,1,9,34,1,0,0,19
864,1,17,25,0,1,0,2
700,1,10,28,1,0,0,12
510,1,12,25,0,0,0,7
615,1,13,34,0,1,0,15
761,1,14,29,0,1,0,9
493,1,10,31,0,1,0,15
445,1,16,24,0,1,0,2
425,1,12,25,0,1,0,7
750,1,16,24,0,1,0,2
700,1,16,24,0,1,0,2
438,1,12,24,0,1,0,6
608,1,12,29,0,1,0,11
450,1,13,24,0,1,0,5
313,1,3,26,0,1,0,17
250,1,7,33,1,1,0,20
500,1,14,33,0,1,0,13
365,0,12,26,0,1,0,8
813,0,12,26,0,1,0,8
326,0,12,25,0,0,0,7
524,0,12,29,0,0,0,11
815,0,13,28,0,1,0,9
750,0,12,28,0,1,0,10
525,0,17,24,0,1,0,1
1125,0,12,32,0,1,0,14
625,0,12,28,0,1,0,10
715,0,14,25,0,1,0,5
591,0,12,31,0,0,0,13
404,0,17,27,0,1,0,4
675,1,12,28,0,1,0,10
444,1,12,25,0,1,0,7
488,1,12,24,0,1,0,6
695,1,9,34,0,1,0,19
700,1,12,25,0,1,1,7
325,1,12,24,0,1,1,6
556,1,9,25,0,1,0,10
325,1,12,26,0,1,0,8
668,1,13,26,0,1,0,7
2404,1,18,31,0,1,0,7
758,1,16,25,0,1,0,3
986,1,16,34,0,1,0,12
577,1,12,25,0,1,0,7
286,1,17,29,0,0,0,6
231,1,14,28,0,1,1,8
513,1,12,25,0,1,0,7
615,1,15,28,0,1,0,7
700,1,15,25,0,1,0,4
714,1,18,33,0,1,0,9
701,1,9,30,0,1,0,15
462,1,12,24,1,1,0,6
868,1,18,28,0,1,0,4
917,1,16,29,0,0,0,7
1065,1,12,27,0,1,0,9
400,1,12,29,0,1,1,11
640,1,12,27,0,1,0,9
285,1,13,24,0,1,0,5
641,1,17,27,0,1,1,4
389,1,13,32,0,1,0,13
1010,1,12,25,0,1,0,7
817,1,12,24,0,0,0,6
975,1,17,27,0,1,0,4
750,1,12,29,1,1,0,11
463,1,15,24,0,0,0,3
1387,1,12,28,0,1,0,10
577,1,12,25,0,1,0,7
401,1,12,27,0,1,0,9
320,1,10,26,0,1,0,10
514,1,12,27,0,1,0,9
208,1,11,25,0,1,0,8
1192,1,17,27,0,1,0,4
625,1,14,26,0,1,0,6
481,1,17,34,0,1,0,11
714,1,13,27,0,1,0,8
625,1,11,27,0,1,0,10
553,1,12,30,0,1,0,12
579,1,12,34,0,1,0,16
841,1,18,28,0,1,0,4
1923,1,18,33,0,1,0,9
806,1,16,26,0,1,0,4
344,1,12,29,1,1,0,11
962,1,12,32,0,1,0,14
600,1,12,32,0,0,0,14
837,1,18,34,0,1,0,10
625,1,16,24,0,1,0,2
563,1,16,28,0,1,0,6
1410,1,16,28,0,1,0,6
480,1,12,25,0,1,0,7
600,1,12,24,0,1,0,6
300,1,9,28,0,1,0,13
505,1,9,25,0,1,0,10
417,1,14,25,1,1,0,5
300,1,12,24,1,1,0,6
865,1,18,27,0,1,0,3
300,1,16,25,0,1,0,3
721,1,12,32,0,1,0,14
856,1,12,34,0,1,0,16
738,1,10,30,0,1,0,14
1058,1,17,31,1,1,0,8
529,1,12,32,1,1,0,14
572,1,11,34,0,1,0,17
805,1,12,32,0,0,0,14
400,1,10,30,0,1,0,14
962,1,18,29,0,1,0,5
817,1,18,27,0,1,0,3
740,1,13,28,0,1,0,9
721,1,18,30,0,1,0,6
913,1,18,24,0,1,0,0
379,1,17,27,0,1,0,4
350,1,14,26,0,1,0,6
694,1,11,33,0,1,0,16
1014,1,12,32,0,1,1,14
1136,1,18,34,0,1,0,10
1709,1,18,30,0,1,0,6
529,1,12,26,0,1,0,8
673,1,17,32,1,1,0,9
1010,1,17,28,0,1,0,5
846,1,18,28,0,1,0,4
710,1,11,27,0,1,0,10
820,1,16,26,0,0,0,4
447,1,12,24,0,1,0,6
500,1,15,25,0,1,0,4
1049,1,16,31,0,1,0,9
1202,1,18,29,0,1,0,5
690,1,12,33,0,1,0,15
648,1,16,28,0,1,0,6
875,1,13,30,0,1,0,11
548,1,17,25,0,1,0,2
600,1,7,28,0,1,0,15
2244,1,15,34,0,1,0,13
1442,1,12,31,0,1,0,13
320,1,12,34,1,1,0,16
1262,1,18,33,0,1,0,9
600,1,12,24,0,1,0,6
300,1,11,26,1,1,0,9
538,1,16,24,0,1,0,2
744,1,12,33,0,0,0,15
846,1,12,33,0,1,0,15
813,1,16,29,0,1,0,7
1000,1,12,28,0,1,0,10
561,1,16,26,0,1,0,4
285,1,18,26,0,1,0,2
437,1,16,27,0,1,0,5
325,1,13,25,0,1,0,6
580,1,16,28,0,1,0,6
588,1,16,26,1,1,0,4
801,1,18,29,0,1,0,5
312,1,14,25,0,1,0,5
250,1,12,29,1,1,0,11
500,1,15,27,1,1,0,6
750,1,12,33,1,1,0,15
343,1,13,31,0,1,1,12
250,1,15,28,0,1,0,7
700,1,16,24,0,1,0,2
400,1,12,25,0,1,0,7
555,1,17,27,0,1,0,4
699,1,15,28,0,1,0,7
1923,1,14,24,0,1,0,4
1216,1,18,32,0,1,0,8
615,1,16,29,0,1,0,7
745,1,14,25,0,1,0,5
458,1,16,24,0,1,0,2
647,1,18,25,0,1,0,1
745,1,12,25,0,1,0,7
815,1,16,25,0,1,1,3
865,1,16,31,0,1,0,9
542,1,12,28,0,1,0,10
365,1,13,27,0,1,0,8
417,1,10,24,0,1,0,8
657,1,16,27,0,1,0,5
529,1,15,26,0,1,0,5
851,1,17,29,0,1,0,6
663,1,12,25,0,1,0,7
529,1,16,24,0,1,0,2
889,1,18,28,0,1,0,4
865,1,17,28,0,1,1,5
231,1,18,26,0,1,1,2
802,1,12,32,0,0,1,14
533,1,13,27,0,1,0,8
775,1,15,25,1,1,0,4
476,1,14,24,1,1,0,4
865,1,16,33,0,1,0,11
1014,1,16,28,0,0,0,6
641,1,18,32,0,1,0,8
333,1,16,24,0,1,0,2
556,1,11,34,1,1,0,17
528,1,18,26,0,1,0,2
635,1,12,26,0,1,0,8
500,1,11,27,1,1,1,10
1154,1,16,34,1,1,0,12
855,1,18,26,0,1,0,2
479,1,12,28,0,0,0,10
817,1,18,25,0,1,1,1
692,1,18,29,0,1,0,5
989,1,16,33,0,0,0,11
447,1,16,31,0,1,1,9
1002,1,18,34,0,1,0,10
1241,1,18,34,0,1,0,10
921,1,14,32,0,0,0,12
571,1,12,28,0,1,0,10
525,1,12,31,0,1,0,13
1154,1,12,28,0,1,0,10
480,1,12,24,1,1,0,6
839,1,11,24,0,1,0,7
1402,1,14,33,0,1,0,13
400,1,13,27,1,1,0,8
710,1,12,33,0,1,0,15
635,1,14,24,0,1,0,4
388,1,13,26,0,1,0,7
688,1,12,26,0,1,0,8
630,1,12,34,0,1,0,16
1044,1,15,34,0,1,0,13
577,1,12,24,0,1,0,6
500,1,12,25,0,1,0,7
781,1,12,34,0,0,0,16
577,1,13,26,0,1,0,7
525,1,13,25,0,1,0,6
385,1,17,28,0,1,0,5
625,1,12,29,0,1,0,11
625,1,16,28,0,1,0,6
475,1,13,26,0,1,0,7
659,1,14,25,0,1,0,5
425,1,16,24,0,1,0,2
524,1,14,25,0,1,0,5
625,0,12,26,0,1,0,8
1010,0,16,31,0,1,0,9
601,0,12,26,0,1,0,8
808,0,12,27,0,1,0,9
426,0,12,28,0,1,0,10
1060,0,12,30,0,1,0,12
414,0,12,26,0,1,0,8
492,0,12,30,0,1,0,12
325,0,12,27,0,1,0,9
275,0,12,28,0,1,0,10
291,0,12,25,0,1,0,7
731,0,18,31,0,1,1,7
488,0,14,26,0,1,1,6
337,0,14,24,0,1,0,4
725,0,12,27,0,1,0,9
440,0,13,25,0,0,0,6
641,0,16,27,0,0,0,5
375,0,12,28,0,1,0,10
481,0,12,25,0,1,0,7
925,0,14,29,0,1,0,9
514,0,12,26,0,1,0,8
1065,0,12,33,0,1,0,15
638,0,12,28,0,1,0,10
739,0,12,32,0,1,0,14
493,0,12,26,0,1,0,8
650,0,10,24,0,1,1,8
308,0,7,31,0,1,0,18
629,0,16,30,0,1,0,8
409,0,13,28,0,0,0,9
600,0,18,33,0,1,0,9
745,0,12,28,0,0,0,10
625,0,17,31,0,1,0,8
549,0,12,29,0,0,0,11
326,0,15,24,0,0,0,3
258,0,9,26,0,0,0,11
875,1,12,26,0,1,0,8
639,1,12,25,0,0,0,7
667,1,11,33,0,0,0,16
504,1,14,29,0,1,1,9
313,1,17,25,0,1,1,2
1010,1,18,27,0,1,1,3
1000,1,10,33,0,0,0,17
721,1,16,28,0,0,0,6
785,1,12,27,0,0,0,9
546,1,12,34,0,0,0,16
828,1,12,25,0,0,0,7
159,1,12,25,0,0,0,7
700,1,10,27,0,0,0,11
721,1,13,28,0,0,0,9
304,1,12,24,0,0,0,6
553,1,16,25,0,1,0,3
542,1,14,26,0,1,1,6
509,1,16,24,0,0,0,2
385,1,16,24,0,0,0,2
1442,0,12,32,0,1,0,14
879,0,16,32,0,1,0,10
1000,0,13,24,0,1,0,5
863,0,12,28,0,0,0,10
740,0,12,27,0,0,0,9
889,0,12,34,0,0,0,16
458,0,15,29,0,1,0,8
450,1,12,34,0,1,0,16
700,1,12,34,0,1,0,16
744,1,14,33,0,1,0,13
889,1,16,32,0,1,0,10
692,1,18,32,0,1,0,8
604,1,18,33,0,0,0,9
625,1,18,30,0,1,0,6
746,1,14,33,0,1,0,13
726,1,18,33,0,1,0,9
560,1,12,30,0,1,0,12
424,1,12,26,0,0,0,8
400,1,12,26,0,0,0,8
250,1,14,26,0,1,0,6
646,1,13,26,0,1,0,7
598,1,12,24,0,1,0,6
1000,1,12,27,0,1,0,9
528,1,12,28,0,0,0,10
481,1,12,26,0,0,0,8
850,1,12,33,0,0,0,15
506,1,14,30,0,0,0,10
512,1,12,29,0,1,0,11
220,1,11,26,0,1,0,9
154,1,16,24,0,1,0,2
240,1,12,31,0,1,0,13
557,1,12,28,0,1,0,10
500,1,15,27,0,1,0,6
372,1,16,26,0,1,0,4
350,1,10,25,0,0,0,9
584,1,12,26,0,0,0,8
515,1,13,26,0,0,0,7
390,0,12,29,0,0,0,11
280,0,16,25,0,0,0,3
690,0,12,33,0,0,0,15
300,0,12,26,0,0,0,8
635,0,17,27,0,0,0,4
342,0,13,26,0,0,0,7
505,0,16,26,0,0,0,4
356,0,13,24,0,0,0,5
262,0,12,33,0,0,0,15
400,0,10,32,0,0,0,16
740,0,13,29,0,0,0,10
342,0,12,34,0,0,0,16
276,0,15,29,0,0,0,8
427,0,9,24,0,0,0,9
239,0,12,25,0,0,0,7
385,0,13,24,0,0,0,5
350,0,12,29,0,0,0,11
599,0,12,29,0,0,0,11
750,0,15,31,0,1,0,10
692,0,16,33,0,0,0,11
147,0,12,34,0,0,0,16
280,1,12,26,0,1,0,8
769,1,18,32,0,1,0,8
1010,1,13,32,0,1,0,13
517,1,14,26,0,0,0,6
400,1,16,26,0,0,0,4
375,1,12,25,0,0,0,7
596,1,12,31,0,0,0,13
350,1,7,31,0,0,0,18
417,1,11,33,0,0,0,16
338,1,16,29,0,0,0,7
481,1,18,26,0,0,0,2
500,1,12,28,0,0,0,10
305,1,12,27,0,0,0,9
450,1,10,34,0,0,0,18
769,1,16,29,0,1,0,7
721,1,16,26,0,1,0,4
1000,1,13,29,0,1,0,10
625,1,14,30,0,1,0,10
817,1,16,26,0,1,0,4
377,1,12,34,0,1,0,16
708,1,12,33,0,1,0,15
411,1,14,24,0,1,0,4
1339,1,13,32,0,1,0,13
716,1,12,34,0,0,0,16
192,1,10,32,1,1,0,16
797,1,16,32,1,1,0,10
924,1,16,34,1,1,0,12
240,1,15,26,1,1,0,5
625,1,13,25,0,1,0,6
1025,1,8,24,0,1,0,10
503,1,12,28,1,0,1,10
462,1,16,28,0,1,0,6
476,1,16,25,0,0,0,3
500,1,15,26,0,1,1,5
1000,1,12,34,0,0,0,16
663,1,13,34,0,0,0,15
707,1,15,34,0,1,0,13
928,1,16,31,0,1,1,9
300,1,12,24,0,0,0,6
365,1,15,27,0,1,0,6
645,1,12,30,0,1,0,12
462,1,18,25,0,0,0,1
1026,1,18,33,0,1,0,9
525,1,12,24,0,1,0,6
375,1,18,29,0,1,0,5
1538,1,18,34,0,1,0,10
923,1,18,33,0,1,0,9
568,1,13,26,0,1,0,7
600,1,14,25,0,1,0,5
721,1,15,27,0,1,0,6
1116,1,17,24,0,1,0,1
712,1,14,27,0,1,0,7
808,1,16,29,0,1,0,7
925,1,11,27,0,1,0,10
550,1,9,25,0,1,0,10
271,1,12,26,0,1,0,8
833,1,7,32,0,1,0,19
1200,1,12,30,0,1,0,12
581,1,14,33,0,1,0,13
686,1,17,34,1,1,0,11
1000,1,18,32,1,1,0,8
537,1,13,24,1,1,0,5
690,1,12,28,1,1,0,10
500,1,12,28,0,1,0,10
750,1,13,33,0,1,0,14
913,1,17,29,0,1,1,6
600,1,15,24,0,1,0,3
577,1,16,24,0,1,0,2
601,1,12,26,0,1,0,8
577,1,12,31,0,1,0,13
677,1,12,32,0,1,0,14
473,1,18,27,1,1,0,3
350,1,14,24,0,1,0,4
620,1,15,32,0,1,0,11
378,1,16,24,0,1,0,2
243,1,16,25,0,1,0,3
750,1,12,26,0,1,0,8
441,1,18,30,0,0,0,6
688,1,14,29,0,1,0,9
501,1,18,25,0,0,0,1
400,1,12,29,0,1,0,11
981,1,12,26,0,1,0,8
649,1,14,30,0,1,1,10
625,1,12,32,0,1,0,14
707,1,16,28,1,1,0,6
1043,1,12,29,0,1,0,11
761,1,12,27,0,1,0,9
524,1,13,25,0,0,0,6
575,1,13,27,1,1,0,8
865,1,14,26,1,1,0,6
713,1,12,28,1,1,0,10
673,1,16,27,0,1,0,5
662,1,12,25,0,1,0,7
543,1,14,29,0,1,0,9
525,1,13,25,0,1,0,6
640,1,12,28,0,1,0,10
297,1,12,26,0,1,0,8
947,1,8,33,1,1,0,19
500,1,12,34,1,1,0,16
620,1,13,25,1,1,0,6
277,1,12,25,1,1,0,7
240,1,10,26,0,0,1,10
240,1,10,25,0,0,1,9
462,1,12,33,0,1,0,15
404,1,12,27,1,1,0,9
450,1,12,25,1,1,0,7
250,1,12,24,1,1,0,6
727,1,11,26,1,1,0,9
667,1,12,24,1,1,0,6
962,1,12,28,1,1,0,10
750,1,14,27,0,1,0,7
667,1,14,25,0,1,0,5
692,1,17,34,0,0,0,11
465,1,12,25,1,1,0,7
641,1,12,30,1,1,0,12
710,1,11,29,1,1,0,12
425,1,13,25,1,1,0,6
833,1,12,27,0,1,0,9
308,1,12,26,0,1,0,8
625,1,16,29,0,1,0,7
1442,1,16,32,0,1,0,10
673,1,16,25,0,1,0,3
1346,1,17,28,0,1,0,5
400,1,17,33,0,1,0,10
518,1,9,34,0,0,0,19
456,1,14,26,0,1,0,6
409,1,17,33,0,1,1,10
559,1,18,34,0,1,0,10
230,1,12,24,1,1,0,6
1026,1,17,27,0,1,0,4
1082,1,12,27,0,1,0,9
1202,1,14,24,0,1,0,4
329,1,17,25,0,0,0,2
481,1,18,27,0,1,0,3
673,1,18,24,0,1,1,0
1683,1,17,31,0,1,0,8
1282,1,16,34,0,1,0,12
577,1,12,24,0,1,0,6
444,1,18,27,0,1,0,3
481,1,16,28,1,1,0,6
467,1,12,24,1,1,0,6
668,1,6,31,0,1,0,19
286,1,15,27,0,1,0,6
577,1,18,33,0,1,0,9
721,1,14,29,0,1,0,9
462,1,12,25,0,1,0,7
750,1,15,25,0,1,0,4
200,1,12,24,0,1,0,6
650,1,12,27,0,1,0,9
481,1,18,28,0,1,0,4
600,1,11,24,0,1,0,7
769,1,16,28,0,1,1,6
775,1,17,27,0,1,0,4
641,1,16,24,0,1,0,2
1055,1,14,33,0,1,0,13
676,1,16,31,0,1,0,9
691,1,12,28,0,1,0,10
962,1,17,30,0,1,0,7
400,1,13,28,0,1,0,9
673,1,16,27,0,1,0,5
1442,1,18,34,1,1,0,10
529,1,18,32,0,1,0,8
700,1,14,27,1,1,0,7
675,1,8,34,1,1,0,20
494,1,18,25,0,1,0,1
500,1,12,24,0,1,0,6
450,1,16,24,1,1,0,2
601,1,13,25,1,1,0,6
717,1,13,28,1,1,0,9
575,1,12,29,1,1,0,11
350,1,12,25,1,1,0,7
350,1,12,24,1,1,0,6
643,1,16,29,0,1,0,7
675,1,15,24,0,1,0,3
679,1,15,28,0,1,0,7
534,1,12,27,0,1,0,9
524,1,16,31,0,1,0,9
667,1,16,28,0,1,1,6
370,1,14,26,0,1,0,6
658,1,15,26,0,1,0,5
700,1,12,34,1,1,0,16
311,1,18,27,0,1,0,3
841,1,9,33,0,1,0,18
660,1,14,31,0,1,0,11
692,1,16,31,0,1,0,9
577,1,15,28,0,1,0,7
705,1,17,26,0,1,0,3
292,1,16,27,0,1,1,5
750,1,13,26,0,1,0,7
1442,1,16,34,0,1,0,12
1202,1,16,33,0,1,0,11
1603,1,15,33,0,1,1,12
769,1,14,32,0,1,1,12
513,1,16,31,0,1,0,9
805,1,12,31,0,1,0,13
962,1,17,34,0,1,0,11
675,1,12,25,0,1,0,7
398,1,13,24,0,1,0,5
855,1,14,33,0,1,0,13
693,1,11,25,1,1,0,8
641,1,11,24,1,1,0,7
345,1,13,27,1,1,0,8
561,1,12,27,1,1,0,9
684,1,12,24,1,1,0,6
469,1,16,29,0,1,1,7
300,1,16,26,0,1,0,4
673,1,18,25,0,1,0,1
385,1,16,24,0,1,0,2
808,1,16,33,0,1,0,11
548,1,17,24,0,1,0,1
500,1,16,26,0,1,0,4
727,1,13,29,0,1,0,10
524,1,16,28,0,1,0,6
450,1,15,24,1,1,0,3
755,1,12,28,1,1,0,10
640,1,12,24,1,1,0,6
313,1,12,24,1,1,0,6
1425,1,12,29,0,1,0,11
761,1,12,28,0,1,0,10
600,1,12,26,0,1,0,8
1111,1,16,32,0,1,0,10
763,1,16,33,0,1,0,11
650,1,12,32,0,1,0,14
1155,1,14,27,0,1,0,7
600,1,12,24,0,1,0,6
555,1,12,29,0,1,0,11
543,1,11,28,0,1,0,11
550,1,11,25,0,1,0,8
800,1,11,31,0,1,0,14
1000,1,11,26,0,1,0,9
864,1,12,31,0,1,0,13
613,1,13,32,0,1,0,13
519,1,16,24,0,1,0,2
707,1,13,30,1,1,0,11
818,1,13,26,1,1,0,7
300,1,10,25,1,1,0,9
702,1,16,30,0,1,0,8
1322,1,16,34,0,1,0,12
380,1,12,27,1,1,0,9
400,1,11,26,1,1,0,9
498,1,11,25,1,1,0,8
663,1,10,33,1,1,0,17
600,1,10,33,1,1,0,17
1034,1,18,32,0,0,1,8
1079,1,14,25,0,1,0,5
400,1,18,24,0,1,1,0
641,1,16,33,0,1,0,11
620,1,12,32,0,1,0,14
481,1,17,30,0,1,0,7
1058,1,16,33,0,1,0,11
545,1,12,26,0,1,0,8
786,1,14,26,0,1,0,6
485,1,18,25,0,1,0,1
722,1,14,34,0,1,0,14
695,1,15,28,0,1,0,7
549,1,15,34,0,1,0,13
793,1,15,32,0,1,0,11
1923,1,16,33,0,1,1,11
793,1,15,33,0,1,0,12
900,1,15,28,0,1,0,7
654,1,14,32,0,1,0,12
513,1,12,27,0,1,0,9
384,1,14,29,0,1,0,9
500,1,16,27,0,0,1,5
601,1,15,25,0,1,0,4
438,1,12,27,0,1,0,9
500,1,12,25,0,1,0,7
1264,1,18,33,0,1,0,9
747,1,14,26,0,1,1,6
513,1,14,27,0,1,0,7
700,1,12,33,0,1,1,15
672,1,16,29,0,1,0,7
983,1,17,30,0,1,0,7
220,1,13,29,0,0,0,10
1202,1,18,33,0,1,0,9
667,1,12,30,0,0,0,12
838,1,14,28,1,1,0,8
444,1,15,25,0,1,0,4
543,1,12,25,0,1,0,7
505,1,14,30,0,1,1,10
797,1,12,31,0,0,0,13
357,1,9,24,0,1,0,9
500,1,12,27,0,1,0,9
962,1,12,34,0,1,0,16
350,1,11,28,0,1,0,11
313,1,15,24,0,1,0,3
117,1,16,24,0,1,1,2
726,1,12,33,0,1,0,15
536,1,13,33,1,1,0,14
532,1,13,26,1,1,1,7
428,1,17,28,1,1,1,5
1094,1,16,34,0,1,0,12
1925,1,12,33,0,1,0,15
850,1,18,32,0,1,1,8
365,1,12,24,0,1,0,6
474,1,16,26,0,1,0,4
656,1,13,26,0,1,0,7
440,1,12,25,0,1,0,7
462,1,14,25,0,1,0,5
673,0,16,28,0,1,0,6
1150,0,12,24,0,1,0,6
800,0,12,31,0,1,0,13
460,0,12,25,0,1,0,7
334,0,12,26,0,1,0,8
702,0,13,26,0,1,0,7
524,0,12,25,0,1,0,7
667,1,7,33,0,0,0,20
641,1,18,26,0,1,0,2
800,1,12,24,0,1,0,6
577,1,12,32,0,1,0,14
423,1,18,32,0,0,0,8
874,1,18,29,0,1,0,5
640,1,15,28,0,1,0,7
1101,0,16,29,0,1,1,7
649,0,16,26,0,1,0,4
450,0,12,26,0,1,1,8
924,0,12,33,0,1,0,15
698,0,11,27,0,1,0,10
505,0,15,34,1,1,0,13
556,0,16,28,0,1,1,6
375,0,17,25,0,0,0,2
673,0,15,28,0,1,1,7
308,0,13,30,0,1,0,11
585,0,12,34,0,1,0,16
781,0,12,24,0,1,0,6
656,1,12,27,0,1,0,9
423,1,12,28,0,1,0,10
1282,1,16,28,0,1,0,6
962,1,12,25,0,1,0,7
800,1,12,30,0,1,0,12
750,1,12,33,0,1,0,15
647,1,18,29,0,1,0,5
938,1,12,29,0,1,0,11
537,1,17,28,0,1,0,5
290,1,15,24,0,1,0,3
192,1,12,29,0,0,1,11
818,1,18,30,0,1,0,6
813,1,18,30,0,1,0,6
727,1,12,29,0,1,0,11
1125,1,12,24,0,1,0,6
615,1,17,28,1,1,0,5
403,1,12,26,1,1,0,8
705,1,11,26,0,1,0,9
337,1,15,27,0,1,0,6
833,1,17,28,0,1,0,5
192,1,17,26,0,1,0,3
730,1,12,26,0,1,0,8
542,1,10,26,0,1,0,10
823,1,12,28,0,0,0,10
438,1,12,26,0,1,1,8
735,1,14,24,0,1,1,4
427,1,16,24,0,1,0,2
340,1,12,30,0,0,0,12
481,1,13,34,0,1,1,15
817,1,16,32,0,1,0,10
500,1,12,28,0,0,0,10
543,1,12,25,1,1,0,7
447,1,16,26,0,1,0,4
217,1,15,25,0,0,0,4
275,1,8,26,0,1,0,12
352,1,15,24,1,1,0,3
721,1,12,29,0,0,0,11
1008,1,12,27,0,0,0,9
654,1,17,29,0,1,0,6
803,1,16,26,0,1,0,4
570,1,12,27,0,1,0,9
600,1,16,25,0,1,0,3
645,1,12,24,0,1,0,6
450,1,13,26,0,1,0,7
445,1,13,26,0,1,1,7
590,1,15,29,0,0,0,8
721,1,14,25,0,1,0,5
693,1,12,32,0,1,0,14
529,1,13,26,0,1,1,7
470,1,9,30,0,1,0,15
481,1,16,26,0,1,0,4
462,1,16,25,0,1,0,3
554,1,17,33,0,1,0,10
865,1,14,32,0,1,0,12
713,1,16,30,0,0,0,8
740,1,12,24,0,0,0,6
817,1,14,28,0,1,0,8
677,1,12,34,0,1,0,16
797,1,16,29,0,1,0,7
769,1,13,24,0,1,0,5
462,1,16,25,0,1,0,3
519,1,14,24,0,1,0,4
393,1,12,25,0,0,0,7
800,1,13,32,0,1,1,13
673,0,17,27,0,1,0,4
481,0,16,33,0,0,0,11
911,0,12,32,0,0,0,14
481,0,12,25,0,0,0,7
500,0,11,33,0,0,0,16
385,0,16,24,0,0,0,2
436,0,12,24,0,1,0,6
526,0,12,25,0,0,0,7
913,0,14,29,0,0,0,9
542,0,16,25,0,0,0,3
769,0,13,28,0,0,0,9
226,0,12,24,0,0,0,6
711,0,18,27,0,0,0,3
346,0,18,34,0,0,0,10
787,0,12,32,0,0,0,14
455,0,14,26,0,1,0,6
460,0,16,24,0,1,0,2
277,0,13,26,0,0,0,7
808,0,17,34,0,1,0,11
624,0,14,27,0,0,0,7
697,0,12,26,0,1,0,8
378,0,14,26,0,0,0,6
473,0,12,24,0,0,0,6
425,0,12,24,0,0,0,6
649,0,16,24,0,0,0,2
491,0,15,25,0,1,0,4
924,0,18,26,0,0,0,2
350,0,12,24,0,0,0,6
600,0,13,25,0,0,0,6
429,0,9,31,0,0,0,16
500,0,12,26,0,0,0,8
500,0,9,24,0,0,0,9
350,0,8,34,0,0,0,20
370,0,14,27,0,0,0,7
380,0,16,24,0,0,0,2
250,0,14,25,0,0,0,5
506,0,18,30,0,1,0,6
619,0,12,27,0,1,0,9
381,0,16,24,0,0,0,2
361,0,12,30,0,0,0,12
588,0,12,28,0,1,0,10
350,0,12,24,0,1,0,6
484,0,12,32,0,1,0,14
835,0,11,34,0,0,0,17
535,0,10,29,0,1,0,13
385,1,17,28,0,0,0,5
450,1,11,25,0,0,0,8
491,1,16,28,0,0,0,6
914,1,12,24,0,0,0,6
831,1,18,32,0,1,0,8
434,1,12,30,0,0,0,12
700,1,12,26,0,0,0,8
542,1,10,26,0,0,0,10
231,1,16,24,0,0,0,2
395,0,12,34,0,0,0,16
721,0,12,25,0,1,0,7
1187,0,12,25,0,0,0,7
501,0,12,25,0,1,0,7
336,1,16,24,0,1,0,2
565,1,12,32,0,0,0,14
964,0,17,34,0,0,1,11
1374,0,12,33,0,1,0,15
800,0,12,28,0,1,0,10
609,0,12,30,0,1,0,12
670,0,16,25,0,1,0,3
445,0,11,25,0,1,0,8
485,0,13,25,0,1,0,6
710,0,18,32,0,0,0,8
953,0,12,32,0,0,0,14
480,0,11,25,0,0,0,8
500,0,13,27,0,1,0,8
457,0,16,26,0,1,1,4
721,1,18,24,0,0,0,0
733,1,12,24,0,0,0,6
330,1,12,33,0,0,0,15
410,1,12,27,0,0,0,9
486,1,12,27,0,0,0,9
962,1,18,31,0,1,1,7
359,1,16,24,0,0,0,2
330,0,12,24,0,0,0,6
625,0,12,28,0,0,0,10
495,0,12,26,0,0,0,8
653,0,12,29,0,0,0,11
722,0,12,27,0,0,0,9
704,0,12,25,0,0,0,7
514,0,9,29,0,0,0,14
625,0,12,31,0,1,0,13
622,0,18,29,0,0,0,5
427,0,15,26,0,1,0,5
653,0,12,29,0,0,0,11
643,0,12,30,0,0,0,12
575,0,12,34,0,1,0,16
313,0,13,34,0,0,1,15
664,0,18,24,0,0,0,0
555,0,13,32,0,0,0,13
300,0,18,24,0,1,0,0
642,0,15,28,0,0,0,7
667,0,14,28,0,1,0,8
1320,0,18,28,0,1,0,4
504,0,12,24,0,1,0,6
781,0,16,25,0,1,0,3
817,0,14,25,0,1,0,5
520,0,12,28,0,0,0,10
577,0,12,27,0,0,0,9
375,0,11,25,0,0,0,8
500,0,12,24,0,0,0,6
625,0,16,28,0,1,0,6
684,0,16,34,0,0,0,12
470,0,14,26,0,0,0,6
628,0,13,27,0,0,0,8
525,0,13,24,0,0,0,5
554,0,12,32,0,0,0,14
641,1,16,25,0,1,0,3
513,1,13,34,0,1,0,15
604,1,12,27,0,1,0,9
700,1,13,33,0,1,0,14
606,1,12,33,0,1,0,15
1021,1,12,33,0,1,0,15
714,1,12,31,0,1,0,13
500,1,12,28,0,1,0,10
583,1,12,28,0,1,0,10
706,1,12,31,0,1,0,13
520,1,16,30,0,0,0,8
656,1,16,29,0,1,0,7
684,1,16,28,0,1,0,6
276,1,13,25,0,1,0,6
707,1,13,34,1,1,0,15
788,1,12,34,0,1,0,16
1319,1,18,31,0,1,0,7
404,1,14,28,0,1,0,8
300,1,16,25,0,1,0,3
673,1,12,26,0,1,0,8
722,1,12,34,0,1,0,16
769,1,16,26,0,0,0,4
760,1,16,30,0,0,0,8
434,1,18,30,0,0,0,6
1192,1,13,34,0,0,0,15
462,1,17,31,0,0,0,8
370,1,12,24,0,0,0,6
475,1,12,30,0,0,0,12
435,1,12,28,0,0,0,10
332,1,12,26,0,0,0,8
640,1,16,31,0,1,0,9
505,1,12,34,0,0,0,16
625,1,16,29,0,0,0,7
462,1,12,31,0,0,0,13
817,1,17,27,0,1,1,4
433,1,17,24,0,1,0,1
641,1,14,25,0,1,0,5
225,1,15,25,0,0,0,4
721,1,15,34,1,1,0,13
722,1,16,26,0,1,0,4
817,1,16,29,0,1,0,7
664,1,16,27,0,1,0,5
897,1,18,28,0,1,0,4
793,1,11,34,0,1,0,17
539,1,15,31,0,1,0,10
897,1,11,27,0,1,0,10
721,1,15,30,0,1,0,9
925,1,13,24,0,1,0,5
508,1,12,28,0,1,0,10
929,1,16,32,0,1,0,10
705,1,17,33,0,1,0,10
865,1,12,30,0,1,0,12
520,1,16,24,0,1,0,2
417,1,12,24,0,1,0,6
266,1,15,26,0,1,0,5
625,1,15,24,0,1,0,3
940,1,12,31,0,1,0,13
766,1,16,25,0,1,0,3
801,1,9,29,0,1,0,14
707,1,15,28,0,1,0,7
684,1,12,30,0,1,0,12
417,1,16,26,0,1,0,4
600,1,18,29,0,1,0,5
682,1,15,25,0,1,0,4
918,1,18,31,0,0,0,7
738,1,12,32,0,1,0,14
1167,1,12,28,0,1,0,10
765,1,11,29,0,1,0,12
962,1,12,26,0,1,0,8
300,1,18,27,0,1,0,3
658,1,16,24,0,1,0,2
462,1,12,26,0,1,0,8
721,1,12,24,0,1,0,6
865,1,12,25,0,1,0,7
596,1,11,24,0,1,0,7
909,1,12,32,0,1,0,14
1049,1,12,29,0,1,0,11
455,1,13,34,0,1,1,15
675,1,12,27,1,0,1,9
721,1,12,24,1,1,0,6
600,1,7,33,1,1,0,20
925,1,12,28,1,1,0,10
750,1,12,28,0,1,0,10
563,1,12,28,0,1,0,10
625,1,14,26,0,1,0,6
300,1,10,29,0,0,0,13
1380,1,12,27,0,0,0,9
470,1,14,25,0,1,0,5
788,1,12,28,0,1,0,10
230,1,16,25,0,1,0,3
389,0,10,27,0,0,0,11
315,0,12,33,0,1,0,15
355,0,17,29,0,1,0,6
500,0,8,26,0,1,0,12
650,0,11,33,0,0,0,16
815,0,12,27,0,1,0,9
649,0,13,26,0,0,0,7
435,0,12,29,0,1,0,11
600,0,11,27,0,0,0,10
206,0,13,26,0,1,1,7
481,0,12,27,0,1,1,9
485,0,13,24,0,1,1,5
759,0,18,29,0,1,0,5
995,0,12,26,0,1,0,8
1167,1,12,29,0,1,0,11
314,1,16,25,0,1,0,3
915,1,13,25,0,1,0,6
664,1,13,26,0,1,0,7
783,1,12,29,0,1,0,11
650,1,13,32,0,1,0,13
267,1,9,27,0,1,1,12
355,1,8,33,0,0,0,19
440,1,8,33,0,0,0,19
475,1,11,30,0,1,0,13
726,1,11,32,0,1,0,15
721,1,16,28,0,1,0,6
563,1,12,34,0,1,0,16
600,1,12,26,0,1,0,8
692,1,15,25,0,1,0,4
423,1,15,28,0,1,0,7
786,1,12,24,0,1,0,6
1202,1,12,31,0,1,0,13
577,1,16,34,0,1,0,12
635,1,18,27,0,0,0,3
410,1,12,27,0,1,0,9
370,1,16,24,0,1,0,2
789,1,16,26,0,1,0,4
450,1,17,24,0,1,0,1
1251,1,12,28,0,1,0,10
808,1,16,30,0,1,0,8
308,1,16,30,0,1,0,8
817,1,12,30,0,0,0,12
673,1,16,30,0,1,0,8
524,1,12,29,0,0,0,11
275,1,15,30,0,0,0,9
423,1,17,28,0,0,0,5
641,1,16,28,0,1,0,6
450,1,12,28,0,0,0,10
333,1,12,26,0,0,0,8
913,1,12,32,0,0,0,14
128,1,11,27,0,0,0,10
396,1,16,27,0,0,0,5
475,1,13,28,0,1,0,9
450,1,13,31,0,0,0,12
300,1,16,24,0,0,0,2
462,1,18,29,0,1,0,5
630,1,12,32,0,0,0,14
485,1,12,33,0,0,0,15
549,1,12,30,0,0,0,12
372,1,12,25,0,0,0,7
641,1,12,34,0,0,0,16
519,1,12,29,0,1,0,11
385,1,9,26,0,0,0,11
450,1,16,29,0,1,1,7
315,0,12,26,0,0,0,8
731,0,14,29,0,0,0,9
325,0,12,32,0,0,0,14
616,0,16,28,0,1,0,6
346,0,15,30,0,1,0,9
471,0,13,28,0,1,0,9
300,0,12,27,0,0,0,9
430,1,13,24,0,1,0,5
267,1,12,28,1,1,0,10
230,1,12,28,0,1,0,10
432,1,14,24,0,1,0,4
531,1,12,26,0,1,0,8
1100,1,12,27,0,1,0,9
588,1,12,28,1,1,0,10
841,1,18,30,0,0,0,6
641,1,15,24,0,1,0,3
962,1,14,34,0,1,0,14
921,1,13,33,0,1,0,14
350,0,15,27,0,0,0,6
385,0,16,24,0,0,0,2
618,0,16,33,0,0,0,11
470,0,13,31,0,1,0,12
411,0,12,27,0,0,0,9
400,0,12,25,0,0,0,7
700,0,11,33,0,1,0,16
311,0,15,27,0,1,0,6
243,0,14,24,0,0,1,4
248,0,12,32,1,1,1,14
423,0,11,30,1,1,0,13
600,0,11,33,1,1,0,16
700,0,17,25,1,1,0,2
300,0,12,24,0,1,0,6
691,0,12,24,0,1,0,6
600,0,12,30,0,1,0,12
700,0,12,30,0,1,0,12
275,0,14,25,0,0,0,5
675,0,9,34,1,1,0,19
449,0,17,28,0,1,0,5
635,0,16,30,0,1,0,8
1250,0,14,29,0,0,0,9
962,0,18,29,0,1,0,5
490,0,18,25,0,0,0,1
586,0,12,24,0,0,0,6
750,0,14,33,0,0,0,13
326,0,18,26,0,0,0,2
430,0,18,29,0,1,0,5
571,0,12,26,0,1,0,8
913,0,16,28,0,0,0,6
577,0,14,30,0,0,0,10
433,0,11,32,0,0,0,15
505,0,12,24,0,0,0,6
721,1,18,34,0,0,0,10
962,1,16,33,0,1,0,11
609,1,12,31,0,1,0,13
450,1,12,25,0,0,0,7
625,0,12,33,0,0,0,15
713,0,14,26,0,0,0,6
710,0,12,24,0,0,0,6
913,0,16,32,0,1,0,10
418,0,8,24,0,0,0,10
692,0,13,29,0,0,0,10
260,0,12,34,0,1,0,16
650,0,13,26,0,1,0,7
610,0,14,25,0,1,0,5
726,0,12,29,0,1,0,11
767,0,13,32,0,1,0,13
620,0,12,27,0,0,0,9
721,0,16,27,0,1,0,5
516,0,18,26,0,1,0,2
400,0,12,25,0,0,0,7
808,0,14,27,0,1,1,7
460,0,12,24,0,0,0,6
642,0,17,32,0,0,0,9
519,0,12,28,0,0,0,10
568,0,12,24,0,1,0,6
693,0,16,24,0,0,0,2
978,0,12,31,0,1,0,13
779,0,12,32,0,0,0,14
443,0,14,27,0,1,0,7
692,0,16,33,0,1,0,11
417,0,16,26,0,0,0,4
773,0,11,30,0,1,0,13
400,0,15,26,0,1,0,5
900,0,12,27,0,1,0,9
700,0,16,31,0,0,0,9
485,0,16,24,0,0,0,2
894,0,16,29,0,1,0,7
750,0,18,29,0,1,0,5
1055,0,13,33,0,0,0,14
933,0,12,28,0,0,0,10
568,0,12,26,0,0,0,8
987,0,16,25,0,1,0,3
769,0,16,24,0,1,0,2
648,0,12,27,0,0,0,9
449,0,16,30,0,0,0,8
580,0,12,27,0,0,0,9
550,0,8,33,0,0,0,19
800,0,12,29,0,1,0,11
160,0,12,24,0,1,0,6
462,0,17,28,0,1,0,5
425,0,14,25,0,1,0,5
600,0,8,32,0,1,0,18
866,0,17,26,0,1,0,3
683,0,12,28,0,1,0,10
1115,0,12,27,0,1,0,9
1100,0,12,26,0,1,0,8
286,0,12,24,0,0,0,6
513,0,14,28,0,1,0,8
650,0,13,26,0,1,0,7
1039,0,12,31,0,1,0,13
700,0,12,26,0,1,0,8
315,1,18,31,0,1,0,7
310,1,12,33,0,0,0,15
335,1,11,27,0,0,0,10
518,1,11,25,0,0,0,8
709,1,16,28,0,1,0,6
623,1,12,25,0,0,0,7
298,1,13,28,0,0,0,9
625,1,14,24,0,1,0,4
769,1,16,29,0,1,0,7
459,1,16,28,0,1,0,6
550,1,12,31,0,0,0,13
470,1,14,29,0,0,0,9
396,1,12,33,0,0,0,15
594,1,14,25,0,0,0,5
1039,1,16,28,0,0,0,6
400,1,12,34,0,1,0,16
698,1,12,26,0,0,0,8
713,1,16,26,0,0,1,4
550,1,12,24,0,0,0,6
333,1,14,27,0,0,0,7
1058,1,12,29,0,1,0,11
590,1,11,30,0,1,0,13
633,1,12,24,0,1,0,6
500,1,10,26,0,1,0,10
788,1,14,28,0,1,0,8
832,1,18,31,0,1,0,7
539,1,12,26,0,1,0,8
577,1,18,28,0,1,0,4
808,1,14,30,0,1,0,10
722,1,14,30,0,1,0,10
600,1,12,26,0,1,1,8
452,1,10,28,0,1,1,12
300,1,7,27,0,1,1,14
393,1,12,26,1,1,1,8
200,1,12,26,1,1,1,8
750,1,9,33,0,0,1,18
673,1,16,26,0,0,1,4
989,1,14,30,0,1,1,10
880,1,17,27,0,1,1,4
905,1,13,26,0,0,1,7
250,1,14,34,1,1,1,14
520,1,10,28,0,1,1,12
356,1,12,27,0,1,1,9
278,1,12,24,0,1,1,6
400,1,12,25,1,1,1,7
273,1,10,28,1,1,1,12
500,1,11,31,0,1,1,14
603,1,11,33,0,1,1,16
400,1,12,25,0,1,1,7
475,1,12,28,1,1,1,10
1100,1,12,33,0,1,1,15
337,1,14,26,0,1,1,6
538,1,11,27,0,1,1,10
404,1,13,26,1,1,1,7
757,1,16,27,0,1,1,5
554,1,16,33,0,1,1,11
577,1,16,29,0,1,1,7
432,1,15,26,0,1,1,5
550,1,11,29,0,1,1,12
797,1,16,24,0,1,1,2
450,1,14,27,0,1,1,7
807,1,13,29,0,1,1,10
600,1,13,24,0,1,1,5
933,1,13,34,0,1,1,15
481,1,11,33,0,0,1,16
623,1,12,29,0,1,1,11
328,1,10,27,1,1,1,11
600,1,16,26,0,1,1,4
693,1,14,27,1,1,1,7
923,1,15,33,0,1,1,12
721,1,12,28,0,1,1,10
540,1,12,25,1,1,1,7
459,1,13,27,1,1,1,8
485,1,13,27,1,1,1,8
350,1,12,25,1,1,1,7
200,1,16,25,0,1,1,3
520,1,10,30,1,1,1,14
250,1,12,25,1,1,1,7
504,1,11,28,1,1,0,11
363,1,12,28,1,1,1,10
654,1,11,33,1,1,1,16
425,1,12,32,1,1,1,14
245,1,12,31,1,1,1,13
250,1,11,25,1,1,1,8
879,1,13,32,0,1,0,13
687,1,12,26,1,1,1,8
402,1,11,32,1,1,1,15
428,1,12,31,1,1,1,13
325,1,13,24,0,1,1,5
725,1,17,27,0,1,1,4
780,1,12,25,0,1,1,7
264,1,14,27,1,1,1,7
450,1,12,32,1,1,1,14
346,1,14,27,1,1,1,7
350,1,13,24,1,1,1,5
400,1,13,24,1,1,1,5
980,1,12,32,0,1,1,14
385,1,12,29,1,1,1,11
344,1,17,28,1,1,0,5
563,1,16,25,1,1,1,3
463,1,7,29,0,1,1,16
565,1,12,28,1,1,1,10
638,1,12,27,1,1,1,9
462,1,10,30,1,1,1,14
670,1,13,27,1,1,1,8
404,1,13,24,1,1,1,5
373,1,17,25,1,1,1,2
230,1,12,24,1,1,1,6
558,1,12,32,1,1,1,14
300,1,8,29,1,1,1,15
913,1,14,29,0,1,1,9
558,1,18,27,0,1,1,3
529,1,13,33,0,1,1,14
330,1,15,26,0,1,1,5
375,1,9,26,0,1,1,11
615,1,13,24,0,1,1,5
721,1,14,27,0,0,1,7
529,1,16,25,0,1,0,3
859,1,12,34,1,1,1,16
649,1,14,27,1,1,1,7
238,1,10,24,1,1,1,8
275,1,12,34,1,1,1,16
325,1,14,26,1,1,1,6
357,1,14,29,1,1,0,9
385,1,12,30,1,1,1,12
365,1,14,24,0,1,1,4
800,1,8,33,0,1,1,19
482,1,12,34,0,1,1,16
955,1,17,29,0,1,1,6
462,1,17,26,0,1,1,3
417,1,16,28,0,0,1,6
290,1,10,25,0,1,1,9
240,1,12,24,0,1,1,6
829,1,12,31,1,1,1,13
361,1,12,32,0,1,1,14
598,1,16,28,0,0,1,6
750,1,13,25,0,1,1,6
385,1,16,25,1,1,1,3
620,1,16,28,1,1,1,6
641,1,13,34,0,1,1,15
468,1,16,26,1,1,1,4
385,1,13,24,1,1,1,5
462,1,12,25,1,1,1,7
635,1,12,27,0,1,1,9
400,1,12,26,0,0,0,8
760,1,13,27,0,1,1,8
560,1,13,27,0,1,1,8
1000,1,12,34,0,1,1,16
425,1,11,28,0,1,1,11
411,1,12,30,1,1,1,12
179,1,11,25,0,1,1,8
375,1,18,32,0,1,1,8
1298,1,18,28,0,1,1,4
476,1,15,30,1,1,0,9
775,1,16,27,0,1,1,5
714,1,12,27,0,1,1,9
429,1,10,28,1,1,1,12
435,1,13,24,1,1,1,5
875,1,13,26,0,1,1,7
424,1,14,33,1,1,1,13
375,1,12,25,1,1,1,7
489,1,12,25,1,1,1,7
462,1,15,24,1,1,1,3
340,1,12,34,1,1,1,16
581,1,12,30,0,1,1,12
515,1,12,27,0,1,1,9
1053,1,12,25,0,1,1,7
475,1,12,30,1,1,1,12
1502,1,18,32,0,1,1,8
962,1,15,33,0,1,0,12
230,1,15,30,1,1,1,9
750,1,18,29,1,1,1,5
225,1,15,26,1,1,1,5
331,1,13,26,1,1,1,7
397,1,11,26,1,1,1,9
750,1,10,34,0,1,1,18
450,1,12,25,0,1,1,7
865,1,13,25,1,1,1,6
535,1,8,24,0,1,1,10
846,1,16,27,0,1,0,5
759,1,16,26,0,1,0,4
600,1,16,24,0,1,1,2
1030,1,12,34,0,1,1,16
876,1,14,32,0,1,1,12
568,1,12,32,0,1,1,14
533,1,16,25,0,1,1,3
481,1,12,25,0,1,1,7
604,1,12,28,1,1,1,10
657,1,12,27,0,1,1,9
625,1,12,31,0,1,1,13
280,1,12,29,1,1,1,11
500,1,10,28,0,1,1,12
535,1,12,26,0,1,1,8
818,1,10,26,0,1,1,10
624,1,10,34,0,1,1,18
604,1,10,28,0,1,1,12
505,1,12,31,0,1,0,13
750,1,12,30,0,1,0,12
721,1,12,32,0,1,0,14
674,1,18,32,0,1,0,8
913,1,16,33,0,1,1,11
879,1,17,30,1,1,1,7
427,1,12,26,1,1,1,8
792,1,8,24,1,1,1,10
327,1,14,29,1,1,1,9
313,1,10,30,1,1,1,14
786,1,16,34,1,1,0,12
337,1,18,31,0,1,0,7
385,1,10,30,1,1,1,14
529,1,16,27,1,1,1,5
429,1,10,33,1,0,1,17
984,1,12,27,0,0,0,9
817,1,12,34,0,1,1,16
745,1,14,32,1,1,1,12
345,1,10,24,1,1,1,8
554,1,14,34,1,1,1,14
263,1,13,24,1,1,1,5
745,1,18,32,1,1,1,8
673,1,17,29,1,1,1,6
721,1,17,32,1,1,1,9
438,1,13,30,1,1,1,11
545,0,12,26,1,1,1,8
250,0,14,25,1,1,1,5
624,0,14,27,1,1,1,7
400,0,13,29,0,1,1,10
577,0,16,29,0,1,1,7
813,0,16,25,1,1,1,3
625,0,12,34,1,1,1,16
485,0,14,26,1,1,1,6
841,0,16,28,0,1,1,6
865,0,16,27,0,1,1,5
325,0,16,26,0,1,1,4
477,0,14,26,1,1,1,6
250,0,16,25,1,1,1,3
500,0,12,24,0,1,1,6
515,0,13,25,0,1,1,6
256,0,18,28,0,1,1,4
718,0,13,24,0,1,1,5
796,0,18,30,0,1,0,6
750,0,12,25,0,1,1,7
419,0,12,24,1,1,1,6
431,0,12,26,1,1,1,8
425,0,12,25,1,1,0,7
220,0,12,31,1,1,1,13
685,0,13,29,1,1,1,10
500,0,15,34,0,1,1,13
551,0,16,26,0,1,1,4
700,0,11,25,0,1,1,8
707,1,12,32,0,1,1,14
523,1,17,28,0,1,1,5
433,1,12,24,0,1,1,6
462,1,14,25,0,1,1,5
397,1,12,24,0,1,1,6
400,1,15,26,0,1,1,5
872,1,18,28,0,1,0,4
378,1,12,26,0,1,1,8
364,1,12,27,0,1,1,9
962,1,15,31,0,1,1,10
801,1,15,30,0,1,1,9
400,1,5,32,0,1,1,21
540,1,13,29,1,1,1,10
450,1,10,30,0,1,1,14
438,1,15,27,1,1,1,6
360,1,12,26,1,1,1,8
529,1,12,27,0,1,1,9
721,1,12,26,1,1,1,8
345,1,2,31,0,1,1,23
1052,1,11,27,0,1,0,10
726,1,16,28,0,1,1,6
543,1,12,33,1,1,0,15
1202,1,16,33,0,1,0,11
400,1,16,24,0,1,1,2
375,1,9,32,1,1,1,17
281,1,11,30,1,1,1,13
127,1,12,24,1,1,1,6
1393,1,12,32,1,1,0,14
649,1,12,30,0,0,1,12
420,1,16,31,0,1,1,9
455,1,16,27,0,1,1,5
661,1,12,25,1,1,1,7
380,1,12,24,0,0,1,6
315,1,10,34,1,1,1,18
452,1,14,24,0,1,1,4
625,1,12,28,0,1,1,10
601,1,14,24,0,1,1,4
499,1,13,27,0,1,1,8
693,0,8,31,0,1,1,17
535,1,18,32,0,0,1,8
465,1,7,26,0,1,0,13
400,1,12,24,0,0,1,6
368,1,18,27,0,0,1,3
700,1,8,25,0,0,1,11
962,1,16,31,0,1,0,9
365,1,6,24,0,0,1,12
475,1,9,33,0,0,1,18
200,1,12,24,0,0,1,6
600,1,9,24,1,1,0,9
505,1,12,27,1,1,0,9
577,1,16,31,1,1,1,9
457,1,12,24,1,0,1,6
750,1,12,34,0,1,1,16
577,1,11,32,0,0,1,15
289,1,15,24,0,1,1,3
224,1,12,25,1,1,1,7
363,1,10,24,1,1,1,8
229,1,10,26,1,1,1,10
234,1,9,26,1,1,1,11
465,1,14,24,1,1,1,4
2083,1,16,27,0,1,1,5
427,1,15,31,1,1,1,10
678,1,12,33,0,1,1,15
313,1,13,27,0,0,1,8
601,1,18,28,0,1,1,4
500,1,10,33,0,1,1,17
375,1,12,28,0,1,1,10
550,1,12,34,1,1,1,16
702,1,17,28,1,1,0,5
625,1,16,33,1,1,1,11
423,1,14,34,1,1,1,14
355,1,11,28,1,1,1,11
519,1,12,26,0,1,1,8
359,1,14,24,0,1,1,4
349,1,11,27,1,1,1,10
293,1,12,31,1,1,1,13
443,1,18,28,1,1,1,4
270,1,6,34,1,1,1,22
385,1,14,28,0,1,1,8
438,1,12,27,0,1,1,9
417,1,11,30,0,1,1,13
481,1,11,31,0,1,1,14
596,1,16,30,0,1,1,8
600,1,12,28,1,1,1,10
250,1,14,27,1,1,1,7
531,1,12,31,1,1,1,13
591,1,12,26,1,1,1,8
503,1,12,33,1,1,0,15
475,1,11,25,1,1,0,8
1374,1,16,31,0,1,1,9
325,1,17,24,0,1,0,1
577,1,14,25,0,1,1,5
702,1,12,25,0,1,0,7
444,1,16,25,0,1,1,3
560,1,13,27,1,1,1,8
962,1,13,32,0,1,1,13
310,1,12,26,0,1,1,8
1269,1,17,33,0,1,1,10
500,1,16,28,0,1,0,6
583,1,16,30,0,1,0,8
112,1,17,25,0,1,0,2
673,1,14,33,0,1,0,13
1923,1,17,29,0,1,1,6
400,1,14,24,1,1,1,4
460,1,12,25,1,1,1,7
245,1,12,30,1,1,1,12
315,1,16,27,1,1,1,5
641,1,14,26,0,1,1,6
750,1,12,25,0,1,1,7
308,1,17,25,0,1,0,2
350,1,17,29,0,1,0,6
462,1,18,27,0,1,0,3
1154,1,15,34,0,1,0,13
1748,1,16,34,0,1,1,12
769,1,17,33,0,1,0,10
730,1,15,29,0,1,0,8
736,1,18,30,0,0,1,6
500,1,16,25,0,0,1,3
365,1,16,24,0,0,1,2
333,1,13,24,0,1,1,5
721,1,12,33,0,0,1,15
375,1,12,27,0,0,1,9
250,1,12,26,0,0,1,8
361,1,17,30,0,0,1,7
283,0,7,32,0,0,1,19
415,0,12,34,0,0,1,16
522,0,16,27,0,0,1,5
706,0,12,33,0,0,1,15
409,0,16,26,0,0,1,4
416,0,12,24,0,0,1,6
786,0,12,30,0,1,0,12
577,0,16,27,0,0,1,5
478,0,16,24,0,0,1,2
625,0,17,27,0,1,1,4
505,0,17,24,0,0,1,1
287,0,12,32,0,0,1,14
500,0,12,24,0,1,1,6
500,0,8,27,0,1,1,13
350,0,12,27,0,0,1,9
462,0,13,24,0,0,1,5
548,0,13,30,1,0,1,11
255,0,12,28,1,0,1,10
524,0,13,24,1,1,1,5
292,0,12,33,1,0,1,15
375,0,14,28,0,1,1,8
529,0,18,32,0,1,1,8
909,0,16,25,0,0,1,3
353,0,9,28,0,1,1,13
1155,0,14,28,0,1,1,8
250,0,8,34,0,1,1,20
781,0,13,28,0,1,1,9
416,0,13,31,0,1,1,12
364,1,13,29,1,0,1,10
375,1,13,27,1,1,1,8
375,1,15,24,1,0,1,3
358,1,16,28,1,0,1,6
300,1,7,31,1,0,1,18
528,1,14,25,0,0,1,5
299,1,12,34,0,0,1,16
450,1,8,32,1,0,1,18
540,1,14,25,1,0,1,5
528,1,8,29,0,0,1,15
769,1,12,30,0,0,1,12
198,1,12,26,1,1,0,8
400,1,12,24,1,1,0,6
753,1,12,28,1,1,0,10
445,1,12,24,1,1,0,6
240,1,9,30,1,0,1,15
167,1,3,25,1,0,1,16
445,1,12,24,0,1,1,6
250,1,10,26,1,0,1,10
475,1,12,26,0,0,1,8
400,1,16,28,0,0,1,6
398,1,18,24,0,0,1,0
350,1,12,25,1,1,0,7
523,1,12,33,1,0,1,15
270,1,10,31,1,0,1,15
310,1,9,30,1,0,1,15
300,1,6,31,1,0,1,19
325,1,12,28,1,0,1,10
900,1,12,24,0,1,1,6
750,0,13,26,0,1,1,7
285,0,8,26,1,1,1,12
278,0,12,24,0,1,1,6
500,0,13,29,1,1,1,10
700,0,8,30,0,1,1,16
300,0,9,26,0,1,1,11
392,0,8,34,0,1,1,20
511,0,12,34,0,1,1,16
624,0,16,31,0,1,1,9
244,0,12,27,1,1,1,9
363,0,12,27,0,1,1,9
606,0,16,27,0,1,1,5
760,0,12,25,0,1,1,7
385,0,14,31,0,1,1,11
495,0,12,32,1,1,1,14
828,0,16,27,0,1,1,5
404,0,12,25,0,1,1,7
267,0,15,27,0,0,1,6
440,0,12,34,0,0,1,16
375,0,14,28,0,0,1,8
301,0,10,24,0,0,1,8
658,0,12,34,0,0,1,16
514,0,15,24,1,1,0,3
300,0,12,26,1,0,1,8
230,0,12,26,1,0,1,8
260,0,10,31,1,0,1,15
305,0,12,24,1,0,1,6
430,0,8,31,1,0,1,17
260,0,8,24,1,0,1,10
577,0,16,24,0,1,1,2
425,0,11,29,1,0,1,12
315,0,12,25,1,0,1,7
375,0,13,29,0,0,1,10
500,0,9,33,1,0,1,18
500,0,12,25,0,1,1,7
350,0,12,32,1,1,1,14
525,0,10,29,1,1,1,13
500,0,17,26,0,0,1,3
385,0,16,25,0,1,1,3
100,1,9,25,1,1,1,10
300,1,15,26,1,1,1,5
188,1,12,24,1,1,1,6
355,1,8,33,1,1,1,19
267,1,12,25,1,1,1,7
267,1,12,28,1,1,1,10
586,1,12,34,0,1,1,16
375,1,12,24,1,0,1,6
346,1,12,31,1,0,1,13
545,1,16,28,0,1,1,6
562,1,14,25,0,1,1,5
577,1,12,26,0,1,0,8
890,1,15,26,0,1,0,5
625,1,13,26,0,0,1,7
416,1,13,26,0,0,1,7
683,1,6,31,0,0,1,19
625,0,11,30,1,1,1,13
310,0,9,27,1,1,1,12
664,0,12,28,1,1,1,10
286,0,11,32,0,1,1,15
600,0,12,26,1,1,1,8
742,0,16,29,1,1,0,7
225,0,11,27,1,1,1,10
623,0,12,34,0,1,1,16
603,0,12,24,0,1,1,6
550,0,12,29,0,1,1,11
801,0,16,27,0,0,1,5
330,1,14,30,0,1,1,10
684,1,16,34,0,1,1,12
1000,1,15,29,0,1,0,8
1091,1,16,30,0,1,1,8
476,1,13,24,1,1,1,5
500,1,12,24,1,1,1,6
950,1,14,25,1,1,1,5
1142,1,18,30,1,1,1,6
450,1,12,32,1,1,1,14
448,1,12,25,0,1,1,7
361,1,16,27,0,1,1,5
535,1,13,24,0,1,1,5
616,1,17,25,0,1,1,2
490,1,14,24,0,1,1,4
415,1,12,26,0,1,1,8
250,0,13,24,1,1,1,5
500,0,13,28,0,0,1,9
1155,0,18,28,0,1,1,4
525,0,12,32,0,0,1,14
300,0,11,24,0,1,1,7
308,0,9,26,0,0,1,11
625,0,8,29,0,0,1,15
350,0,13,24,0,1,1,5
673,0,16,30,0,0,1,8
558,0,13,28,0,0,1,9
351,0,12,28,1,0,1,10
723,0,12,28,1,1,0,10
569,0,15,27,1,0,1,6
240,0,11,25,1,1,1,8
450,0,8,32,0,0,1,18
338,0,11,33,1,0,1,16
288,0,10,29,1,0,1,13
413,1,17,24,0,0,1,1
848,1,12,29,0,0,1,11
874,1,16,32,0,0,1,10
295,1,11,29,1,0,1,12
300,1,8,26,1,0,1,12
289,1,16,26,1,1,1,4
298,1,9,29,1,0,1,14
361,1,5,32,1,0,1,21
1097,1,12,30,1,1,0,12
465,1,16,33,1,1,0,11
265,1,14,27,1,0,1,7
839,1,16,30,0,1,1,8
577,1,16,31,0,0,1,9
225,1,10,27,1,0,1,11
235,1,12,25,1,0,1,7
250,1,12,26,1,1,1,8
196,1,12,28,0,0,1,10
475,1,12,32,1,0,1,14
500,1,11,26,0,0,1,9
334,1,8,29,1,0,1,15
454,1,10,27,1,0,1,11
945,1,16,25,0,1,1,3
291,1,13,24,0,0,1,5
520,1,16,27,0,0,1,5
474,1,15,28,0,0,1,7
296,1,8,32,0,0,1,18
420,1,12,33,0,1,1,15
519,1,12,26,0,0,1,8
316,1,12,32,0,0,1,14
375,1,12,28,0,0,1,10
550,1,13,25,1,0,1,6
944,1,8,33,0,0,1,19
475,1,16,27,0,1,1,5
393,1,16,27,0,1,1,5
750,1,11,24,0,1,1,7
492,1,13,28,0,1,1,9
500,1,12,28,1,1,1,10
268,1,11,24,1,1,1,7
475,1,12,33,1,1,1,15
365,1,12,31,1,1,1,13
281,1,11,26,1,1,1,9
250,1,14,24,1,1,1,4
263,1,12,33,1,1,1,15
1012,1,18,29,0,1,0,5
833,1,17,28,0,1,1,5
313,1,16,24,0,1,0,2
962,1,14,32,0,1,1,12
346,1,9,29,1,1,1,14
300,1,11,25,1,1,1,8
375,1,11,32,1,1,1,15
500,1,14,24,0,1,1,4
346,1,12,25,0,1,1,7
319,1,9,34,1,1,1,19
400,1,11,26,1,1,1,9
548,1,13,27,1,1,1,8
230,1,7,25,1,1,1,12
418,1,12,26,0,0,1,8
527,1,13,29,0,1,1,10
865,1,10,33,0,1,1,17
519,1,13,34,0,1,1,15
335,1,11,29,0,1,1,12
865,1,13,33,0,1,1,14
520,1,8,27,0,0,1,13
855,1,17,27,0,1,1,4
316,1,12,24,0,0,1,6
831,1,18,33,0,1,1,9
875,1,16,31,0,1,1,9
1374,1,14,33,0,1,1,13
451,1,16,34,0,1,1,12
684,1,18,34,0,0,1,10
435,1,13,28,0,1,1,9
913,1,13,32,0,1,1,13
855,1,13,33,0,0,1,14
600,1,10,34,0,1,1,18
256,1,12,28,1,1,1,10
375,1,12,29,1,1,1,11
441,1,16,27,1,1,1,5
405,1,13,25,1,1,1,6
410,1,12,32,1,1,1,14
300,1,15,27,0,1,1,6
693,1,16,26,0,1,1,4
1012,1,18,30,0,1,0,6
452,0,15,26,1,1,1,5
388,0,12,28,0,1,1,10
492,0,18,27,0,0,1,3
313,0,5,31,0,0,1,20
577,1,14,26,0,1,1,6
375,1,12,24,0,1,1,6
655,1,12,33,0,1,0,15
709,1,16,26,0,1,1,4
511,1,14,26,1,1,1,6
625,1,12,34,0,1,1,16
460,1,14,25,0,1,1,5
625,1,14,33,0,1,1,13
575,1,12,28,1,1,1,10
500,1,12,25,1,1,1,7
414,1,13,27,1,1,0,8
471,1,13,26,1,1,0,7
520,1,12,29,1,1,1,11
750,1,13,27,1,1,0,8
490,1,12,25,1,1,1,7
425,1,18,31,1,1,0,7
535,1,12,32,1,1,1,14
745,0,13,26,0,1,1,7
400,0,12,24,0,1,1,6
320,0,12,28,0,1,1,10
606,0,17,29,0,1,1,6
563,0,11,24,0,1,1,7
325,0,12,27,1,1,1,9
821,0,13,29,0,1,1,10
810,0,12,32,0,1,1,14
374,0,12,26,0,1,1,8
300,0,12,32,0,1,1,14
619,1,12,29,0,1,1,11
641,1,18,32,0,0,1,8
585,1,12,31,0,1,1,13
587,1,12,30,0,1,1,12
533,1,12,24,1,1,1,6
325,1,12,30,1,1,1,12
655,1,13,26,1,1,1,7
617,1,13,25,1,1,1,6
602,1,12,24,1,1,1,6
550,1,16,26,1,1,1,4
686,1,16,25,1,1,1,3
625,1,10,30,1,1,1,14
440,1,11,31,1,1,1,14
153,1,6,33,1,1,1,21
595,1,10,27,1,1,1,11
462,1,11,27,1,1,1,10
300,1,11,26,1,1,1,9
500,1,10,31,1,1,1,15
404,1,10,29,1,1,1,13
275,1,10,32,1,1,1,16
400,1,8,32,1,0,1,18
600,1,18,28,0,0,1,4
577,1,13,27,0,0,1,8
375,1,12,27,0,0,1,9
304,1,12,26,0,0,1,8
282,1,12,28,1,0,1,10
275,1,14,28,1,0,1,8
635,1,12,25,0,0,1,7
711,1,18,25,1,1,0,1
959,1,13,28,1,1,0,9
641,1,16,29,1,0,1,7
444,1,13,24,0,0,1,5
235,1,9,34,1,1,1,19
475,1,15,25,1,1,1,4
252,1,12,26,1,0,1,8
635,1,14,27,0,1,1,7
390,1,13,26,1,0,1,7
413,1,9,33,1,0,1,18
400,1,11,29,1,1,0,12
288,1,8,25,1,0,1,11
360,1,12,25,1,1,1,7
673,1,12,32,0,0,1,14
393,0,10,34,1,1,1,18
577,0,16,26,1,1,1,4
188,0,11,26,1,1,1,9
285,0,5,27,1,1,1,16
375,0,9,34,1,1,1,19
770,0,17,30,0,1,1,7
558,0,17,26,0,1,0,3
1763,0,18,28,0,1,0,4
695,0,12,34,0,1,1,16
489,0,10,24,0,0,0,8
509,0,12,24,0,1,1,6
818,0,12,33,0,0,1,15
275,0,7,30,0,0,1,17
600,0,12,30,0,0,1,12
577,1,13,25,0,1,1,6
230,1,14,24,0,1,1,4
507,1,11,26,0,1,0,9
606,1,12,26,0,1,1,8
813,1,12,24,0,1,1,6
285,1,10,25,0,1,1,9
1068,1,16,31,0,1,1,9
1635,1,14,32,0,1,1,12
860,1,16,30,0,0,1,8
756,1,14,26,0,1,1,6
750,1,15,25,0,1,1,4
438,1,12,32,0,1,1,14
1106,1,12,33,0,1,1,15
291,1,17,30,1,1,1,7
332,1,12,26,1,1,0,8
417,1,13,26,0,0,1,7
625,1,13,30,0,1,1,11
462,1,12,27,0,0,1,9
250,1,8,34,0,0,1,20
520,1,18,30,0,0,0,6
150,1,14,28,0,1,1,8
400,1,14,25,0,1,0,5
385,1,18,29,0,0,0,5
577,1,15,34,0,1,0,13
538,1,18,34,0,1,0,10
801,1,17,28,0,1,0,5
500,1,17,24,0,1,0,1
894,1,13,29,0,1,0,10
625,1,14,27,0,1,0,7
323,1,14,28,0,0,0,8
577,1,12,32,0,1,0,14
427,1,12,25,0,1,0,7
241,1,10,31,0,1,0,15
758,1,17,28,0,1,0,5
1979,1,16,32,0,1,0,10
695,1,12,32,0,1,0,14
491,1,16,26,0,1,0,4
565,1,16,24,0,1,0,2
340,1,10,30,0,1,0,14
298,1,13,27,0,1,0,8
308,1,13,25,0,1,0,6
1097,1,13,24,0,1,0,5
413,1,11,24,0,1,0,7
606,1,12,33,0,1,0,15
500,1,12,25,0,1,0,7
589,1,15,25,0,1,0,4
625,1,13,28,0,1,0,9
390,1,10,25,0,1,0,9
443,1,14,31,0,1,0,11
707,1,13,26,0,1,0,7
778,1,16,27,0,1,0,5
510,1,12,28,1,1,0,10
442,1,17,25,0,1,0,2
400,1,13,26,0,1,0,7
1275,1,18,28,0,1,0,4
405,1,12,26,1,1,0,8
673,1,12,28,1,1,0,10
280,1,10,27,1,1,0,11
350,1,10,24,1,1,0,8
2003,1,18,30,0,1,0,6
769,1,16,26,0,1,0,4
866,1,16,29,0,1,0,7
880,1,15,32,0,1,0,11
550,1,12,26,0,1,0,8
610,1,14,28,0,1,0,8
577,1,13,25,0,1,0,6
148,1,12,25,1,1,0,7
824,1,16,29,0,1,0,7
700,1,14,26,0,1,0,6
750,1,18,27,0,1,0,3
700,1,17,34,0,0,0,11
692,1,18,32,0,1,0,8
308,1,11,27,1,1,0,10
865,1,17,31,0,0,0,8
693,1,14,24,1,1,0,4
800,1,11,24,1,1,0,7
673,1,14,32,1,1,0,12
515,1,14,25,0,1,1,5
712,1,16,31,0,1,0,9
845,1,13,25,0,1,0,6
885,1,14,25,0,1,0,5
693,1,14,27,0,1,0,7
851,1,12,34,0,1,0,16
738,1,12,29,0,1,0,11
481,1,14,25,0,1,0,5
795,1,16,30,0,1,0,8
579,1,13,32,0,0,0,13
869,1,12,34,0,1,0,16
577,1,16,27,0,1,0,5
1385,1,17,33,0,1,0,10
1603,1,14,31,0,1,0,11
675,1,12,30,1,1,0,12
462,1,18,32,0,1,0,8
663,1,12,29,0,1,0,11
845,1,12,24,0,1,0,6
657,1,12,33,0,0,0,15
1200,1,15,27,0,1,0,6
770,1,13,33,0,1,0,14
250,1,12,27,1,1,0,9
343,1,12,24,0,1,0,6
2115,1,12,34,0,1,0,16
1029,1,18,27,0,1,0,3
713,1,12,25,0,1,0,7
595,1,10,28,0,1,0,12
833,1,15,32,0,1,1,11
400,1,15,28,0,1,0,7
721,1,14,31,1,1,0,11
167,1,12,31,1,1,0,13
467,1,14,27,0,1,0,7
643,1,18,27,0,1,0,3
600,1,13,34,0,1,0,15
400,1,12,24,0,1,0,6
1000,1,13,24,0,1,0,5
666,1,14,28,0,1,0,8
553,1,16,24,0,1,0,2
785,1,14,28,0,1,0,8
667,1,15,28,0,1,0,7
300,1,10,25,0,1,0,9
697,1,16,30,0,1,0,8
438,1,14,33,0,0,0,13
685,1,13,25,0,1,0,6
414,1,14,26,0,1,0,6
751,1,12,25,0,1,0,7
231,1,13,26,0,1,0,7
505,1,16,29,0,1,0,7
600,1,16,30,0,0,0,8
1309,1,18,33,0,1,0,9
1058,1,18,32,0,1,0,8
627,1,15,32,0,1,0,11
1050,1,16,33,0,1,0,11
983,1,18,32,0,0,0,8
1282,1,18,34,0,1,0,10
818,1,12,26,0,1,0,8
500,1,17,24,0,1,0,1
720,1,12,32,0,1,0,14
538,1,12,29,0,1,0,11
938,1,17,34,0,0,0,11
300,1,11,25,0,1,0,8
781,1,11,32,0,0,0,15
650,1,8,34,0,0,0,20
996,1,18,29,0,1,0,5
582,1,17,28,0,1,0,5
231,1,16,26,0,1,0,4
539,1,16,25,0,0,0,3
628,1,15,34,1,1,0,13
674,1,12,28,1,1,0,10
231,1,16,27,0,1,0,5
716,1,18,29,0,1,0,5
286,1,13,24,0,1,0,5
500,1,15,26,0,1,0,5
312,1,16,27,0,1,0,5
200,1,11,25,0,1,0,8
1106,1,16,33,0,1,0,11
583,1,12,29,0,1,0,11
404,1,16,30,0,1,0,8
618,1,13,25,0,1,0,6
277,1,16,27,0,1,0,5
962,1,17,25,0,1,1,2
692,1,15,30,0,1,0,9
563,1,12,28,0,1,0,10
1336,1,8,33,0,1,0,19
673,1,14,31,0,1,0,11
856,1,16,32,0,0,0,10
260,1,16,32,0,1,0,10
575,1,15,28,0,1,0,7
626,1,13,24,0,1,0,5
1443,1,12,32,0,1,0,14
336,1,14,28,0,0,0,8
577,1,12,27,0,1,0,9
480,1,13,24,0,1,0,5
250,1,15,28,0,1,0,7
479,1,11,24,0,1,0,7
1038,1,15,34,0,1,0,13
1090,1,18,33,0,1,0,9
462,1,18,26,0,1,0,2
625,1,12,32,0,0,0,14
817,1,16,25,0,1,0,3
361,1,14,28,0,1,0,8
320,1,12,27,0,1,0,9
347,1,16,32,0,1,0,10
861,0,12,30,0,1,0,12
282,0,10,26,0,1,0,10
699,0,12,24,0,1,0,6
615,0,12,24,0,1,0,6
433,0,11,25,0,0,0,8
534,1,16,25,0,1,0,3
625,1,16,26,0,1,0,4
577,1,18,26,0,1,0,2
843,1,12,24,0,1,0,6
404,1,16,26,0,1,0,4
553,1,15,32,0,1,0,11
1014,1,18,31,0,1,0,7
325,1,16,29,0,1,0,7
771,1,15,30,0,1,0,9
700,1,14,24,0,1,0,4
548,1,17,24,0,1,0,1
625,1,16,26,0,1,0,4
911,1,16,28,0,1,0,6
745,1,12,33,0,1,0,15
674,1,12,24,0,0,0,6
817,0,16,28,0,0,0,6
770,1,15,25,0,1,0,4
727,1,15,27,0,1,0,6
666,1,12,24,0,1,0,6
688,1,14,27,0,1,0,7
560,1,14,26,0,1,0,6
500,1,16,28,0,1,0,6
670,1,14,28,0,1,0,8
962,1,12,34,0,1,0,16
726,1,16,28,0,1,0,6
962,1,16,33,0,1,0,11
615,1,17,33,0,1,0,10
1154,1,13,32,0,1,0,13
675,1,13,29,0,1,0,10
422,1,12,26,0,1,0,8
1063,1,12,25,0,1,0,7
1175,1,18,33,0,1,0,9
852,1,15,27,0,1,0,6
610,1,12,24,0,1,0,6
423,1,18,33,0,1,0,9
1200,1,12,29,0,1,0,11
1029,1,14,34,0,1,0,14
550,1,14,28,0,1,0,8
801,1,15,31,0,1,0,10
543,1,12,31,0,1,0,13
350,1,9,31,0,1,0,16
750,1,14,32,0,1,0,12
450,1,14,34,0,1,0,14
600,1,14,24,0,1,0,4
855,1,12,33,0,1,0,15
728,1,14,26,0,1,0,6
693,1,12,34,0,1,0,16
1025,1,10,27,0,1,0,11
1154,1,14,28,0,1,0,8
983,1,16,32,0,1,0,10
727,1,15,34,0,1,0,13
535,1,14,34,0,1,0,14
532,1,12,25,0,1,0,7
289,1,13,26,0,1,0,7
313,1,17,26,0,1,0,3
404,1,13,24,0,1,0,5
1100,1,18,30,0,1,0,6
660,1,12,27,0,1,0,9
433,1,12,32,0,1,0,14
400,1,17,27,0,1,1,4
263,1,15,26,0,1,0,5
400,1,13,34,0,1,0,15
577,1,16,34,0,0,0,12
433,1,12,24,0,1,0,6
470,1,17,25,0,1,0,2
255,1,17,25,0,1,0,2
625,1,12,26,0,0,0,8
670,1,13,34,0,1,0,15
1049,1,12,30,0,1,0,12
1846,1,17,34,0,1,0,11
769,1,15,33,0,1,0,12
688,1,11,34,1,1,0,17
650,1,15,24,0,1,0,3
479,1,16,26,0,0,0,4
341,0,16,24,0,0,0,2
906,0,14,32,0,1,0,12
351,0,12,33,0,0,0,15
775,0,12,29,0,1,0,11
700,0,12,26,0,1,0,8
592,0,16,26,0,0,0,4
740,0,12,24,0,0,0,6
533,0,12,27,0,0,0,9
417,0,16,25,0,1,0,3
1394,0,18,34,0,1,0,10
548,0,12,34,0,0,0,16
657,1,11,24,0,0,0,7
572,1,12,25,0,0,0,7
624,1,13,29,0,0,0,10
442,1,16,31,0,1,0,9
577,1,15,27,0,0,0,6
540,1,13,27,0,0,0,8
841,1,15,30,0,0,0,9
724,0,14,29,0,1,0,9
557,0,13,26,0,1,0,7
334,0,13,24,0,0,0,5
510,0,15,24,0,1,1,3
577,0,12,31,0,1,0,13
511,0,12,29,0,1,0,11
311,1,15,25,0,1,0,4
577,1,12,34,0,1,0,16
670,1,12,34,0,1,0,16
631,1,12,27,0,1,0,9
666,1,16,25,0,1,0,3
400,1,14,27,0,1,0,7
220,1,11,24,0,0,0,7
577,1,13,30,0,1,0,11
423,1,13,29,0,1,0,10
647,1,16,27,0,1,0,5
345,1,15,28,0,1,0,7
840,1,16,25,0,1,1,3
625,1,15,25,0,1,0,4
1000,1,9,30,0,1,0,15
919,1,16,31,0,1,0,9
730,1,12,31,0,1,0,13
448,1,12,24,0,1,1,6
483,1,14,29,0,1,0,9
411,1,12,25,0,1,0,7
885,1,14,30,0,1,0,10
350,0,14,27,0,1,0,7
500,0,17,27,0,0,0,4
733,0,15,33,0,1,0,12
459,0,13,30,0,1,0,11
721,0,16,28,0,1,0,6
699,0,15,32,0,1,1,11
785,0,14,30,0,1,0,10
925,0,16,29,0,1,0,7
449,0,14,26,0,1,0,6
325,0,15,24,0,0,0,3
683,0,13,32,0,0,0,13
522,0,16,32,0,1,0,10
470,0,18,28,0,1,0,4
541,0,12,34,0,0,0,16
852,0,14,29,0,0,0,9
400,0,12,30,0,0,0,12
547,0,18,27,0,0,0,3
577,0,16,32,0,0,0,10
300,0,11,24,0,0,0,7
1068,0,16,32,0,0,0,10
721,0,12,32,0,0,0,14
673,0,17,31,0,1,0,8
739,0,17,27,0,1,1,4
1478,0,12,26,0,1,0,8
875,0,17,27,0,0,0,4
900,0,12,33,0,0,0,15
801,0,13,31,0,0,0,12
550,0,13,26,0,0,0,7
575,0,10,34,0,0,0,18
540,0,12,27,0,0,0,9
790,0,16,32,0,1,0,10
693,0,14,28,0,0,0,8
250,0,16,26,0,0,0,4
417,0,17,24,0,1,0,1
635,0,9,32,0,0,0,17
413,0,12,32,0,1,0,14
300,0,12,25,0,0,0,7
567,0,17,26,0,1,0,3
641,0,16,32,0,0,0,10
356,0,13,29,0,0,0,10
400,0,12,33,0,0,0,15
413,0,12,31,0,0,0,13
531,0,14,33,0,0,0,13
635,0,16,29,0,0,0,7
144,0,14,27,0,0,0,7
550,0,14,31,0,0,0,11
486,0,12,32,0,0,0,14
598,0,17,31,0,1,0,8
462,0,14,26,0,1,1,6
812,0,16,26,0,0,0,4
625,0,12,25,0,0,0,7
1043,0,12,31,0,0,0,13
800,0,16,27,0,1,0,5
812,0,16,27,0,1,0,5
433,0,17,26,0,1,0,3
751,0,17,28,0,1,0,5
294,0,14,26,0,1,0,6
427,1,12,25,0,1,0,7
700,1,12,33,0,1,0,15
284,1,16,25,0,1,0,3
542,1,14,27,0,0,0,7
480,1,12,25,0,1,0,7
378,1,16,26,0,1,0,4
508,1,16,30,0,1,0,8
500,1,12,25,0,1,0,7
723,1,12,33,0,1,0,15
220,1,12,25,0,0,0,7
475,1,15,24,0,0,0,3
1202,1,13,26,0,1,0,7
400,1,13,24,0,0,0,5
601,1,16,29,0,1,0,7
481,1,12,29,0,0,0,11
700,1,16,33,0,0,0,11
769,1,12,27,0,1,1,9
529,1,14,25,0,1,1,5
450,1,16,30,0,1,1,8
563,1,10,34,0,1,1,18
649,1,13,32,0,1,1,13
470,1,8,32,0,1,1,18
275,1,16,24,0,1,1,2
719,1,16,33,0,1,1,11
1082,1,12,33,0,1,1,15
673,1,16,34,0,1,1,12
350,0,18,24,0,0,1,0
769,0,14,28,1,1,1,8
650,0,12,26,1,0,1,8
751,0,9,30,0,0,1,15
356,0,10,27,0,0,1,11
250,0,9,24,0,0,1,9
401,0,12,28,0,0,1,10
425,0,11,25,0,0,1,8
287,0,9,25,0,0,1,10
309,0,13,26,1,0,1,7
578,0,14,24,1,1,0,4
438,0,16,30,1,0,1,8
450,0,12,31,0,0,1,13
173,0,17,28,0,1,1,5
529,0,16,27,1,1,0,5
482,0,12,30,1,0,1,12
833,0,12,27,1,1,0,9
260,0,12,34,1,0,1,16
279,0,12,25,1,0,1,7
350,0,13,25,1,0,1,6
145,0,11,24,0,0,1,7
230,0,10,27,1,0,1,11
450,0,15,24,1,1,0,3
385,0,16,25,0,1,1,3
817,0,17,34,0,1,1,11
962,0,16,30,0,0,1,8
408,0,13,28,0,0,1,9
526,0,16,25,0,1,1,3
578,0,13,24,0,1,0,5
620,0,14,28,0,0,1,8
230,1,12,25,0,1,1,7
580,1,11,30,1,1,1,13
1155,1,18,32,0,1,1,8
380,1,12,28,1,1,1,10
616,1,16,27,1,1,1,5
450,1,12,28,1,1,1,10
425,1,12,25,1,1,1,7
500,1,12,28,1,1,1,10
713,1,12,25,0,1,1,7
750,1,12,25,0,1,1,7
323,1,15,24,0,1,1,3
1038,1,13,28,0,1,1,9
491,1,16,25,0,1,1,3
525,1,13,29,0,1,1,10
388,1,11,29,1,1,1,12
460,1,10,26,1,1,1,10
400,1,15,24,1,1,1,3
737,1,15,27,1,1,1,6
599,1,14,26,1,1,1,6
1131,0,18,33,1,0,1,9
601,1,14,25,1,1,1,5
298,1,10,26,1,1,1,10
235,1,12,27,1,1,1,9
220,1,13,25,1,1,1,6
697,1,8,26,1,1,1,12
542,1,9,24,1,1,1,9
250,1,12,25,1,1,1,7
400,1,16,26,0,1,1,4
423,1,15,31,0,1,1,10
290,1,12,25,0,1,1,7
247,1,10,33,1,1,1,17
380,1,13,26,1,1,1,7
656,1,12,24,0,1,1,6
711,1,12,32,0,1,1,14
481,1,14,29,0,1,1,9
641,1,16,25,0,1,1,3
596,1,12,32,0,1,1,14
578,1,7,31,0,1,1,18
678,0,16,30,0,1,1,8
1538,0,16,32,0,1,1,10
860,0,12,33,0,1,1,15
534,0,18,32,0,1,1,8
308,0,12,27,0,1,1,9
600,0,14,29,0,0,1,9
625,0,8,31,0,0,1,17
540,0,13,29,0,1,1,10
344,0,13,27,0,0,1,8
500,0,12,25,0,0,1,7
320,0,11,26,1,1,0,9
378,0,18,27,1,0,1,3
188,0,15,25,1,0,1,4
168,0,9,33,1,0,1,18
250,0,2,25,1,0,1,17
190,0,3,24,1,0,1,15
1000,0,12,28,1,1,0,10
564,0,12,24,1,0,1,6
624,0,9,24,1,0,1,9
714,0,12,24,1,1,1,6
538,0,12,24,0,0,1,6
355,0,13,26,1,0,1,7
240,0,12,24,1,0,1,6
418,0,12,24,0,0,1,6
1026,1,13,27,0,0,1,8
295,1,17,32,0,0,1,9
550,1,12,26,1,1,1,8
538,1,12,27,1,1,1,9
350,1,5,30,0,0,1,19
711,1,12,27,0,0,1,9
229,1,12,29,1,0,1,11
220,1,12,27,1,0,1,9
310,1,12,29,1,0,1,11
320,1,12,24,1,1,0,6
303,1,12,27,1,0,1,9
450,1,13,26,0,0,1,7
753,1,12,29,1,1,1,11
438,1,12,26,0,0,1,8
325,1,11,28,1,0,1,11
846,1,16,32,0,0,1,10
313,1,14,26,0,0,1,6
479,1,13,34,0,1,1,15
429,1,12,31,0,1,1,13
490,1,14,29,0,1,1,9
361,1,12,24,0,1,1,6
400,1,14,33,0,1,1,13
423,1,12,24,1,1,1,6
311,1,12,27,1,0,1,9
271,1,11,27,1,0,1,10
385,1,18,26,1,1,1,2
529,1,16,24,1,1,1,2
700,1,11,31,0,0,1,14
381,1,10,32,0,0,1,16
465,1,12,28,0,0,1,10
400,1,10,34,0,0,1,18
455,1,10,33,0,0,1,17
260,0,12,24,1,0,1,6
705,0,13,28,1,1,0,9
417,0,13,30,0,0,1,11
250,0,11,27,1,0,1,10
460,0,12,24,1,0,1,6
325,0,8,26,1,0,1,12
275,0,9,25,1,0,1,10
325,0,12,26,1,0,1,8
300,0,15,25,1,1,0,4
250,0,8,31,1,0,1,17
288,0,12,28,0,0,1,10
550,0,13,28,1,1,1,9
429,0,12,33,0,0,1,15
375,0,8,30,1,1,1,16
577,0,9,30,0,0,1,15
531,0,13,25,0,0,1,6
250,0,12,24,0,1,1,6
440,0,12,27,0,0,1,9
457,0,12,26,0,0,1,8
438,0,12,27,0,0,1,9
550,0,12,27,1,0,1,9
650,0,16,25,0,1,1,3
423,0,11,26,0,0,1,9
420,0,13,27,0,1,1,8
200,0,14,25,0,1,1,5
400,0,8,26,0,0,1,12
300,0,9,24,0,1,1,9
714,0,12,30,0,1,1,12
398,0,12,25,0,0,1,7
398,0,9,29,0,0,1,14
734,0,16,28,0,1,1,6
688,0,12,25,0,0,1,7
212,0,6,28,0,0,1,16
455,0,12,31,0,0,1,13
350,0,15,24,0,1,1,3
577,0,16,28,0,0,1,6
699,0,16,31,0,0,0,9
375,0,16,27,0,0,1,5
375,0,13,24,0,0,1,5
364,0,12,33,0,0,1,15
220,0,12,29,1,1,1,11
621,0,16,31,1,1,1,9
375,0,11,31,1,0,1,14
341,0,16,26,1,0,1,4
380,0,16,24,1,0,1,2
260,0,11,32,0,1,1,15
489,0,8,30,1,1,1,16
433,0,11,26,1,1,1,9
365,0,11,27,1,1,1,10
257,0,14,33,1,1,1,13
513,0,14,26,0,1,1,6
288,0,15,31,0,1,1,10
866,0,18,30,0,1,1,6
433,0,12,25,0,1,1,7
500,0,1,29,0,1,1,22
548,0,16,24,0,1,1,2
400,0,12,29,0,1,1,11
433,0,9,30,0,1,1,15
375,0,13,24,0,0,1,5
547,0,12,32,0,1,1,14
375,0,12,24,0,0,1,6
500,0,14,25,0,0,1,5
355,0,16,24,0,0,1,2
600,0,12,29,0,1,0,11
650,0,12,34,0,1,1,16
848,0,12,32,0,1,1,14
325,0,12,27,0,1,1,9
289,1,12,33,1,0,1,15
457,1,14,24,1,0,1,4
711,1,14,29,1,1,1,9
413,1,13,34,0,0,1,15
649,1,16,25,1,1,1,3
633,1,13,26,0,1,1,7
721,1,16,28,0,0,1,6
913,1,12,32,0,1,1,14
375,1,13,26,0,0,1,7
592,1,18,27,0,1,1,3
764,0,16,32,0,0,1,10
500,0,12,26,0,0,1,8
275,0,11,25,1,1,0,8
260,0,10,24,1,1,0,8
962,0,16,28,0,0,1,6
625,0,12,28,1,0,1,10
333,0,12,26,1,0,1,8
625,0,12,29,1,0,1,11
250,0,10,24,1,0,1,8
359,0,12,34,1,0,1,16
550,0,12,34,1,0,1,16
403,0,12,24,1,0,1,6
463,0,11,26,1,1,0,9
396,0,12,24,1,0,1,6
278,0,12,24,1,0,1,6
400,0,14,27,1,0,1,7
415,0,16,24,1,0,1,2
462,0,12,33,1,0,1,15
1442,0,18,33,0,0,1,9
125,0,4,27,1,0,1,17
200,0,10,34,1,0,1,18
300,0,10,31,1,0,1,15
521,0,10,32,1,0,1,16
266,0,13,25,1,1,1,6
325,0,11,26,1,0,1,9
350,0,9,30,1,1,1,15
340,0,9,34,1,0,1,19
625,0,13,25,1,0,1,6
214,0,10,29,0,0,1,13
688,0,12,28,0,0,1,10
275,0,8,32,0,1,1,18
457,0,10,32,0,0,1,16
615,0,12,26,1,1,1,8
732,0,16,25,1,1,0,3
163,0,12,26,1,0,1,8
260,0,8,24,1,0,1,10
492,0,11,27,0,0,1,10
575,0,12,26,1,1,0,8
510,0,12,25,1,1,0,7
565,0,8,26,1,1,1,12
515,0,9,29,1,0,1,14
471,0,8,25,1,1,0,11
335,0,13,27,1,0,1,8
481,0,12,28,1,0,1,10
642,0,12,26,1,0,1,8
573,0,10,25,1,0,1,9
315,0,6,32,1,0,1,20
360,0,11,30,1,1,1,13
339,0,12,25,1,1,1,7
400,0,13,26,0,0,1,7
300,0,15,24,0,0,1,3
580,0,10,34,0,0,1,18
321,0,14,24,0,0,1,4
475,0,12,26,1,1,0,8
445,0,7,25,1,1,0,12
300,0,6,25,1,0,1,13
252,0,10,27,1,0,1,11
419,0,12,25,1,0,1,7
317,0,6,34,1,0,1,22
553,0,16,29,0,0,1,7
721,0,18,31,0,0,1,7
729,0,13,25,0,0,1,6
314,0,12,25,0,1,1,7
220,0,9,27,0,0,1,12
235,1,8,25,1,0,1,11
333,1,9,27,1,0,1,12
333,1,11,26,1,0,1,9
333,1,11,30,1,0,1,13
380,1,12,28,1,0,1,10
390,1,12,26,1,0,1,8
250,1,5,34,1,0,1,23
673,1,17,27,1,1,1,4
483,1,16,26,1,1,1,4
769,1,16,25,1,1,1,3
325,1,4,25,1,1,1,15
465,1,11,30,1,0,1,13
350,1,14,24,0,0,1,4
375,1,12,26,1,1,1,8
300,1,5,27,0,0,1,16
475,1,16,25,1,1,1,3
528,1,12,27,1,1,0,9
513,1,10,26,1,0,1,10
445,1,12,27,1,1,0,9
265,1,11,29,1,0,1,12
260,1,12,27,1,0,1,9
318,1,9,24,1,1,1,9
626,0,12,26,0,0,1,8
400,0,11,25,0,0,1,8
378,0,14,24,0,1,1,4
803,0,16,29,0,0,1,7
447,0,16,25,0,0,1,3
319,0,15,28,0,0,1,7
401,0,8,30,0,0,1,16
438,0,9,27,0,1,1,12
417,0,10,24,0,1,1,8
375,0,10,25,0,0,1,9
616,0,16,30,0,1,1,8
354,0,12,28,0,1,1,10
425,0,18,28,0,1,1,4
265,0,12,26,0,0,1,8
426,0,14,24,0,1,1,4
250,0,12,25,0,0,1,7
560,0,17,25,0,1,1,2
289,0,12,29,0,0,1,11
393,0,16,26,0,0,1,4
577,0,12,26,0,1,1,8
346,0,17,32,0,0,1,9
1282,0,16,28,0,1,1,6
865,1,17,28,0,1,0,5
413,1,14,24,0,1,1,4
225,1,6,29,0,1,0,17
404,1,14,27,0,1,0,7
721,1,12,31,0,1,1,13
577,1,12,30,0,1,1,12
500,1,12,26,0,0,1,8
250,1,12,29,0,0,1,11
155,1,12,26,0,0,1,8
406,1,12,27,0,0,1,9
350,0,12,33,1,1,1,15
462,0,12,26,1,1,1,8
500,0,10,34,0,1,1,18
846,0,16,30,0,1,1,8
577,0,12,29,0,1,1,11
400,0,16,28,0,1,1,6
741,0,11,34,0,0,0,17
350,0,14,25,0,1,1,5
438,0,12,26,0,1,1,8
727,0,13,25,0,1,1,6
970,0,11,25,0,1,1,8
751,0,16,30,0,1,1,8
577,0,18,30,0,1,1,6
404,0,16,30,0,0,1,8
616,0,12,30,0,0,1,12
230,0,16,25,0,0,1,3
142,0,12,24,0,0,1,6
385,0,18,30,0,0,1,6
385,0,12,27,0,1,1,9
422,0,12,24,0,0,1,6
650,0,12,27,1,0,0,9
230,0,8,30,1,0,1,16
672,0,15,30,0,0,1,9
354,0,18,27,1,1,1,3
250,0,13,26,1,0,1,7
300,0,11,31,1,0,1,14
400,0,12,24,1,0,1,6
300,0,7,34,1,0,1,21
460,0,13,27,1,0,1,8
432,0,12,27,1,1,0,9
250,0,11,26,1,0,1,9
315,0,5,28,0,1,1,17
625,0,12,28,0,0,1,10
500,0,10,26,0,0,1,10
331,0,12,27,0,0,1,9
585,0,12,28,0,0,1,10
320,0,13,28,1,0,1,9
300,0,11,28,1,0,1,11
738,0,16,32,0,0,1,10
385,0,12,30,1,0,1,12
641,0,13,26,1,0,1,7
325,0,5,32,1,0,1,21
406,0,12,24,1,0,1,6
300,0,6,32,1,0,1,20
176,0,7,29,1,0,1,16
450,0,11,27,1,0,1,10
292,0,10,24,1,0,1,8
801,0,12,27,0,0,1,9
375,0,9,27,1,0,1,12
230,0,10,24,1,0,1,8
535,0,13,33,1,0,1,14
422,0,7,31,1,0,1,18
361,0,10,27,0,0,1,11
300,0,9,27,0,0,1,12
558,0,12,28,0,0,1,10
470,0,16,28,1,0,1,6
486,0,12,34,0,0,1,16
600,0,12,26,0,0,1,8
363,0,11,34,1,0,1,17
200,0,10,24,1,1,1,8
142,0,8,30,1,0,1,16
448,0,12,33,0,0,1,15
300,0,11,29,1,0,1,12
706,0,12,31,0,1,0,13
534,0,12,26,0,1,0,8
260,0,13,29,1,0,1,10
675,0,12,26,1,1,0,8
260,0,7,31,1,0,1,18
300,0,10,34,1,0,1,18
1215,0,16,27,0,1,1,5
577,0,17,28,0,0,1,5
250,0,14,27,1,0,1,7
394,0,10,30,1,1,0,14
275,0,8,24,1,0,1,10
225,0,9,32,1,0,1,17
275,0,7,25,1,0,1,12
356,0,9,30,1,0,1,15
885,0,12,25,1,1,0,7
192,0,16,24,1,1,1,2
420,0,7,29,1,0,1,16
375,0,7,33,1,0,1,20
364,0,7,31,1,0,1,18
400,0,12,26,0,0,1,8
353,0,12,26,1,1,1,8
300,0,13,29,0,0,1,10
416,0,15,25,0,1,1,4
600,0,11,26,1,0,1,9
973,0,13,29,1,1,0,10
230,0,5,29,1,0,1,18
311,0,12,27,1,0,1,9
274,0,8,31,1,0,1,17
400,0,11,27,1,1,0,10
200,0,8,26,1,0,1,12
435,0,13,26,1,0,1,7
230,0,6,29,1,0,1,17
731,0,6,30,1,1,0,18
270,0,10,33,1,0,1,17
176,0,8,26,1,0,1,12
250,0,12,25,1,0,1,7
333,0,10,30,1,0,1,14
438,0,12,25,1,1,0,7
428,0,16,26,1,1,1,4
740,0,16,29,0,1,1,7
700,0,12,26,1,1,0,8
245,0,12,24,1,0,1,6
230,0,12,26,1,0,1,8
273,0,15,29,1,0,1,8
632,0,14,28,1,1,0,8
289,0,16,25,1,1,0,3
300,0,8,32,1,0,1,18
230,0,10,29,1,0,1,13
395,0,8,30,1,0,1,16
572,0,9,24,1,0,1,9
625,0,17,30,1,1,0,7
550,0,16,25,1,1,0,3
250,0,9,26,1,0,1,11
363,0,8,27,0,0,1,13
100,0,14,34,1,0,1,14
350,0,12,33,1,1,0,15
290,0,10,25,1,0,1,9
250,0,4,32,1,0,1,22
833,0,8,33,1,1,1,19
435,0,10,25,1,1,1,9
333,0,12,27,1,1,0,9
306,0,12,26,0,0,1,8
573,0,18,33,0,0,1,9
288,0,12,25,0,1,1,7
463,0,12,28,1,1,1,10
389,0,12,34,0,0,1,16
1106,0,16,32,0,0,1,10
245,0,16,24,0,1,1,2
358,0,12,25,0,1,1,7
357,0,8,34,0,1,1,20
400,0,12,30,1,0,1,12
300,0,10,25,0,0,1,9
553,0,16,27,0,1,1,5
300,0,8,31,0,0,1,17
450,0,7,30,0,1,1,17
409,0,12,25,0,0,1,7
250,0,14,24,0,1,1,4
337,0,16,24,0,1,1,2
280,0,16,24,0,1,1,2
523,0,13,24,0,1,1,5
513,0,16,26,0,1,1,4
691,0,14,31,0,1,1,11
425,0,16,27,0,0,0,5
361,0,13,24,0,1,1,5
542,0,12,24,0,0,0,6
769,0,12,32,0,1,1,14
505,0,12,25,0,1,1,7
591,0,17,25,0,1,1,2
419,0,16,25,0,1,1,3
375,0,16,26,0,1,1,4
369,0,17,26,0,1,1,3
438,0,11,26,0,1,1,9
619,0,17,29,0,1,0,6
635,0,16,33,0,1,1,11
500,0,12,26,0,1,1,8
875,0,12,32,0,1,1,14
635,0,17,34,0,1,1,11
313,0,14,24,0,0,0,4
350,0,15,24,0,0,1,3
857,0,9,24,0,0,1,9
200,0,11,31,1,0,1,14
383,0,12,24,1,1,0,6
245,0,12,30,1,0,1,12
808,0,12,32,1,0,1,14
462,0,18,33,1,0,1,9
577,0,16,29,1,0,1,7
506,0,17,31,1,1,0,8
962,0,17,28,0,0,1,5
743,0,16,26,0,1,1,4
450,0,12,24,0,1,1,6
476,0,11,27,1,0,1,10
123,0,9,25,1,0,1,10
794,0,11,32,1,1,1,15
200,0,10,25,1,0,1,9
462,0,14,32,0,0,1,12
225,0,10,29,0,0,1,13
577,0,13,28,0,1,1,9
180,0,8,32,1,0,1,18
325,0,9,31,1,0,0,16
409,0,7,28,1,0,1,15
200,0,10,25,1,0,1,9
539,0,16,29,0,0,1,7
354,0,16,28,0,0,1,6
250,0,11,28,0,0,1,11
693,0,16,28,0,0,1,6
420,0,12,28,0,0,1,10
366,0,12,33,0,1,1,15
351,0,11,24,0,0,1,7
913,0,16,31,0,1,1,9
900,0,13,28,0,0,1,9
300,0,7,26,0,0,1,13
307,0,10,27,0,0,1,11
475,0,7,27,0,1,1,14
340,0,11,28,1,0,1,11
463,0,9,29,1,1,1,14
200,0,12,30,1,0,1,12
315,0,15,24,1,0,1,3
625,0,16,30,1,0,1,8
254,0,12,30,1,0,1,12
450,0,9,27,0,0,1,12
375,0,12,24,1,0,1,6
300,0,12,26,1,1,0,8
364,0,12,26,1,0,1,8
750,0,18,27,1,1,0,3
589,0,15,28,1,1,1,7
265,0,10,31,1,1,1,15
300,0,9,25,1,1,1,10
390,0,6,33,1,0,1,21
500,0,10,31,0,0,1,15
450,0,12,29,0,0,1,11
263,0,12,27,0,0,1,9
432,0,14,27,0,0,1,7
192,0,10,30,1,0,1,14
829,0,14,34,0,0,1,14
513,1,16,30,1,1,1,8
529,1,13,30,1,1,0,11
385,1,16,26,1,0,1,4
500,1,13,27,0,0,1,8
712,1,15,29,0,1,1,8
472,1,16,27,0,1,1,5
470,1,12,24,1,0,1,6
413,1,13,25,1,1,0,6
335,1,12,25,0,0,1,7
481,1,13,34,0,1,1,15
500,1,12,24,0,0,1,6
713,1,12,31,0,0,1,13
525,1,13,26,1,0,1,7
